<?xml version="1.0" encoding="UTF-8"?>
<beans xmlns="http://www.springframework.org/schema/beans"
	xmlns:xsi="http://www.w3.org/2001/XMLSchema-instance"
	xmlns:p="http://www.springframework.org/schema/p"
	xmlns:context="http://www.springframework.org/schema/context"
	xsi:schemaLocation="http://www.springframework.org/schema/beans
					http://www.springframework.org/schema/beans/spring-beans-3.0.xsd
					http://www.springframework.org/schema/context
					http://www.springframework.org/schema/context/spring-context-3.0.xsd">
	<context:component-scan base-package="com.test.eh" />

	<bean id="dao" class="com.test.eh.MyPageMainDAO"></bean>
	<bean name="/mypagemain.action" class="com.test.eh.MyPageMainController">
		<property name="dao" ref="dao"></property>
	</bean>
	
	<bean id="localDataSource" class="org.springframework.jdbc.datasource.SimpleDriverDataSource">
		<property name="driverClass" value="oracle.jdbc.driver.OracleDriver"></property>
		<property name="url" value="jdbc:oracle:thin:@211.238.142.157:1521:xe"></property>
		<property name="username" value="TEAM1"></property>
		<property name="password" value="java006$"></property>
	</bean>

	
	<bean id="sqlSessionFactory" class="org.mybatis.spring.SqlSessionFactoryBean">
	
		<property name="dataSource" ref="localDataSource"></property>
		
		<property name="mapperLocations" value="classpath:com/test/eh/ehMapper/*.xml"></property>
		
	</bean>
	
	
	<bean id="sqlSession" class="org.mybatis.spring.SqlSessionTemplate">
		<constructor-arg index="0" ref="sqlSessionFactory"></constructor-arg>
	</bean>
</beans>