--------------------------------------------------------
--  파일이 생성됨 - 월요일-6월-20-2022   
--------------------------------------------------------
--------------------------------------------------------
--  DDL for Sequence SEQ_ADD_FRIEND
--------------------------------------------------------

   CREATE SEQUENCE  "TEAM1"."SEQ_ADD_FRIEND"  MINVALUE 1 MAXVALUE 9999999999999999999999999999 INCREMENT BY 1 START WITH 21 CACHE 20 NOORDER  NOCYCLE ;
--------------------------------------------------------
--  DDL for Sequence SEQ_ANSWER
--------------------------------------------------------

   CREATE SEQUENCE  "TEAM1"."SEQ_ANSWER"  MINVALUE 1 MAXVALUE 9999999999999999999999999999 INCREMENT BY 1 START WITH 42 NOCACHE  NOORDER  NOCYCLE ;
--------------------------------------------------------
--  DDL for Sequence SEQ_ANSWER_ATTENDANCE
--------------------------------------------------------

   CREATE SEQUENCE  "TEAM1"."SEQ_ANSWER_ATTENDANCE"  MINVALUE 1 MAXVALUE 9999999999999999999999999999 INCREMENT BY 1 START WITH 18 NOCACHE  NOORDER  NOCYCLE ;
--------------------------------------------------------
--  DDL for Sequence SEQ_ANSWER_DETAIL
--------------------------------------------------------

   CREATE SEQUENCE  "TEAM1"."SEQ_ANSWER_DETAIL"  MINVALUE 1 MAXVALUE 9999999999999999999999999999 INCREMENT BY 1 START WITH 20 NOCACHE  NOORDER  NOCYCLE ;
--------------------------------------------------------
--  DDL for Sequence SEQ_ANSWER_DETAIL_LEADERSHIP
--------------------------------------------------------

   CREATE SEQUENCE  "TEAM1"."SEQ_ANSWER_DETAIL_LEADERSHIP"  MINVALUE 1 MAXVALUE 9999999999999999999999999999 INCREMENT BY 1 START WITH 3 NOCACHE  NOORDER  NOCYCLE ;
--------------------------------------------------------
--  DDL for Sequence SEQ_CHECK_ATTENDANCE
--------------------------------------------------------

   CREATE SEQUENCE  "TEAM1"."SEQ_CHECK_ATTENDANCE"  MINVALUE 1 MAXVALUE 9999999999999999999999999999 INCREMENT BY 1 START WITH 48 NOCACHE  NOORDER  NOCYCLE ;
--------------------------------------------------------
--  DDL for Sequence SEQ_CONTRIBUTION_GRADE
--------------------------------------------------------

   CREATE SEQUENCE  "TEAM1"."SEQ_CONTRIBUTION_GRADE"  MINVALUE 1 MAXVALUE 9999999999999999999999999999 INCREMENT BY 1 START WITH 5 NOCACHE  NOORDER  NOCYCLE ;
--------------------------------------------------------
--  DDL for Sequence SEQ_DEL_FACILITY
--------------------------------------------------------

   CREATE SEQUENCE  "TEAM1"."SEQ_DEL_FACILITY"  MINVALUE 1 MAXVALUE 9999999999999999999999999999 INCREMENT BY 1 START WITH 1 NOCACHE  NOORDER  NOCYCLE ;
--------------------------------------------------------
--  DDL for Sequence SEQ_EVALUATE_TYPE
--------------------------------------------------------

   CREATE SEQUENCE  "TEAM1"."SEQ_EVALUATE_TYPE"  MINVALUE 1 MAXVALUE 9999999999999999999999999999 INCREMENT BY 1 START WITH 4 NOCACHE  NOORDER  NOCYCLE ;
--------------------------------------------------------
--  DDL for Sequence SEQ_EVALUATION_GRADE
--------------------------------------------------------

   CREATE SEQUENCE  "TEAM1"."SEQ_EVALUATION_GRADE"  MINVALUE 1 MAXVALUE 9999999999999999999999999999 INCREMENT BY 1 START WITH 6 NOCACHE  NOORDER  NOCYCLE ;
--------------------------------------------------------
--  DDL for Sequence SEQ_EVALUATION_RECORD
--------------------------------------------------------

   CREATE SEQUENCE  "TEAM1"."SEQ_EVALUATION_RECORD"  MINVALUE 1 MAXVALUE 9999999999999999999999999999 INCREMENT BY 1 START WITH 1 NOCACHE  NOORDER  NOCYCLE ;
--------------------------------------------------------
--  DDL for Sequence SEQ_FACILITY
--------------------------------------------------------

   CREATE SEQUENCE  "TEAM1"."SEQ_FACILITY"  MINVALUE 1 MAXVALUE 9999999999999999999999999999 INCREMENT BY 1 START WITH 1 NOCACHE  NOORDER  NOCYCLE ;
--------------------------------------------------------
--  DDL for Sequence SEQ_INQUIRY
--------------------------------------------------------

   CREATE SEQUENCE  "TEAM1"."SEQ_INQUIRY"  MINVALUE 1 MAXVALUE 9999999999999999999999999999 INCREMENT BY 1 START WITH 8 NOCACHE  NOORDER  NOCYCLE ;
--------------------------------------------------------
--  DDL for Sequence SEQ_INQUIRY_PROCESS
--------------------------------------------------------

   CREATE SEQUENCE  "TEAM1"."SEQ_INQUIRY_PROCESS"  MINVALUE 1 MAXVALUE 9999999999999999999999999999 INCREMENT BY 1 START WITH 5 NOCACHE  NOORDER  NOCYCLE ;
--------------------------------------------------------
--  DDL for Sequence SEQ_INVITE
--------------------------------------------------------

   CREATE SEQUENCE  "TEAM1"."SEQ_INVITE"  MINVALUE 1 MAXVALUE 9999999999999999999999999999 INCREMENT BY 1 START WITH 40 NOCACHE  NOORDER  NOCYCLE ;
--------------------------------------------------------
--  DDL for Sequence SEQ_MEMBER
--------------------------------------------------------

   CREATE SEQUENCE  "TEAM1"."SEQ_MEMBER"  MINVALUE 1 MAXVALUE 9999999999999999999999999999 INCREMENT BY 1 START WITH 129 NOCACHE  NOORDER  NOCYCLE ;
--------------------------------------------------------
--  DDL for Sequence SEQ_MESSAGE
--------------------------------------------------------

   CREATE SEQUENCE  "TEAM1"."SEQ_MESSAGE"  MINVALUE 1 MAXVALUE 9999999999999999999999999999 INCREMENT BY 1 START WITH 2 NOCACHE  NOORDER  NOCYCLE ;
--------------------------------------------------------
--  DDL for Sequence SEQ_NOTICE
--------------------------------------------------------

   CREATE SEQUENCE  "TEAM1"."SEQ_NOTICE"  MINVALUE 1 MAXVALUE 9999999999999999999999999999 INCREMENT BY 1 START WITH 57 NOCACHE  NOORDER  NOCYCLE ;
--------------------------------------------------------
--  DDL for Sequence SEQ_NOTICE_CONTENT
--------------------------------------------------------

   CREATE SEQUENCE  "TEAM1"."SEQ_NOTICE_CONTENT"  MINVALUE 1 MAXVALUE 9999999999999999999999999999 INCREMENT BY 1 START WITH 10 NOCACHE  NOORDER  NOCYCLE ;
--------------------------------------------------------
--  DDL for Sequence SEQ_PARTICIPANT_REPORT
--------------------------------------------------------

   CREATE SEQUENCE  "TEAM1"."SEQ_PARTICIPANT_REPORT"  MINVALUE 1 MAXVALUE 9999999999999999999999999999 INCREMENT BY 1 START WITH 1 CACHE 20 NOORDER  NOCYCLE ;
--------------------------------------------------------
--  DDL for Sequence SEQ_PARTICIPATED_MEMBER
--------------------------------------------------------

   CREATE SEQUENCE  "TEAM1"."SEQ_PARTICIPATED_MEMBER"  MINVALUE 1 MAXVALUE 9999999999999999999999999999 INCREMENT BY 1 START WITH 50 NOCACHE  NOORDER  NOCYCLE ;
--------------------------------------------------------
--  DDL for Sequence SEQ_PENALTY
--------------------------------------------------------

   CREATE SEQUENCE  "TEAM1"."SEQ_PENALTY"  MINVALUE 1 MAXVALUE 9999999999999999999999999999 INCREMENT BY 1 START WITH 43 NOCACHE  NOORDER  NOCYCLE ;
--------------------------------------------------------
--  DDL for Sequence SEQ_PROFILE
--------------------------------------------------------

   CREATE SEQUENCE  "TEAM1"."SEQ_PROFILE"  MINVALUE 1 MAXVALUE 9999999999999999999999999999 INCREMENT BY 1 START WITH 152 NOCACHE  NOORDER  NOCYCLE ;
--------------------------------------------------------
--  DDL for Sequence SEQ_QUESTION
--------------------------------------------------------

   CREATE SEQUENCE  "TEAM1"."SEQ_QUESTION"  MINVALUE 1 MAXVALUE 9999999999999999999999999999 INCREMENT BY 1 START WITH 9 NOCACHE  NOORDER  NOCYCLE ;
--------------------------------------------------------
--  DDL for Sequence SEQ_REPORT
--------------------------------------------------------

   CREATE SEQUENCE  "TEAM1"."SEQ_REPORT"  MINVALUE 1 MAXVALUE 9999999999999999999999999999 INCREMENT BY 1 START WITH 119 NOCACHE  NOORDER  NOCYCLE ;
--------------------------------------------------------
--  DDL for Sequence SEQ_REPORT_PROCESS
--------------------------------------------------------

   CREATE SEQUENCE  "TEAM1"."SEQ_REPORT_PROCESS"  MINVALUE 1 MAXVALUE 9999999999999999999999999999 INCREMENT BY 1 START WITH 58 NOCACHE  NOORDER  NOCYCLE ;
--------------------------------------------------------
--  DDL for Sequence SEQ_RESTAURANT
--------------------------------------------------------

   CREATE SEQUENCE  "TEAM1"."SEQ_RESTAURANT"  MINVALUE 1 MAXVALUE 9999999999999999999999999999 INCREMENT BY 1 START WITH 33 NOCACHE  NOORDER  NOCYCLE ;
--------------------------------------------------------
--  DDL for Sequence SEQ_RIDING
--------------------------------------------------------

   CREATE SEQUENCE  "TEAM1"."SEQ_RIDING"  MINVALUE 1 MAXVALUE 9999999999999999999999999999 INCREMENT BY 1 START WITH 49 NOCACHE  NOORDER  NOCYCLE ;
--------------------------------------------------------
--  DDL for Sequence SEQ_RIDING_POINT
--------------------------------------------------------

   CREATE SEQUENCE  "TEAM1"."SEQ_RIDING_POINT"  MINVALUE 1 MAXVALUE 9999999999999999999999999999 INCREMENT BY 1 START WITH 16 NOCACHE  NOORDER  NOCYCLE ;
--------------------------------------------------------
--  DDL for Sequence SEQ_UPDATE_FACILITY
--------------------------------------------------------

   CREATE SEQUENCE  "TEAM1"."SEQ_UPDATE_FACILITY"  MINVALUE 1 MAXVALUE 9999999999999999999999999999 INCREMENT BY 1 START WITH 1 NOCACHE  NOORDER  NOCYCLE ;
--------------------------------------------------------
--  DDL for Sequence SEQ_WITHDRAW
--------------------------------------------------------

   CREATE SEQUENCE  "TEAM1"."SEQ_WITHDRAW"  MINVALUE 1 MAXVALUE 9999999999999999999999999999 INCREMENT BY 1 START WITH 5 NOCACHE  NOORDER  NOCYCLE ;
--------------------------------------------------------
--  DDL for Table ABSCOND
--------------------------------------------------------

  CREATE TABLE "TEAM1"."ABSCOND" 
   (	"ABSCOND_ID" VARCHAR2(30 BYTE), 
	"P_MEMBER_ID" VARCHAR2(30 BYTE), 
	"ABSCOND_DATE" DATE DEFAULT SYSDATE
   ) SEGMENT CREATION IMMEDIATE 
  PCTFREE 10 PCTUSED 40 INITRANS 1 MAXTRANS 255 NOCOMPRESS LOGGING
  STORAGE(INITIAL 65536 NEXT 1048576 MINEXTENTS 1 MAXEXTENTS 2147483645
  PCTINCREASE 0 FREELISTS 1 FREELIST GROUPS 1 BUFFER_POOL DEFAULT FLASH_CACHE DEFAULT CELL_FLASH_CACHE DEFAULT)
  TABLESPACE "TBS_TEAM1" ;

   COMMENT ON COLUMN "TEAM1"."ABSCOND"."ABSCOND_ID" IS '시퀀스ID';
   COMMENT ON COLUMN "TEAM1"."ABSCOND"."P_MEMBER_ID" IS '테이블 시퀀스 ID';
   COMMENT ON COLUMN "TEAM1"."ABSCOND"."ABSCOND_DATE" IS '이탈한 날짜, 참여자 리스트에서 DEL은 아님';
--------------------------------------------------------
--  DDL for Table ACCESS
--------------------------------------------------------

  CREATE TABLE "TEAM1"."ACCESS" 
   (	"ACCESS_ID" NUMBER(1,0), 
	"ACCESS_TYPE" VARCHAR2(100 BYTE)
   ) SEGMENT CREATION IMMEDIATE 
  PCTFREE 10 PCTUSED 40 INITRANS 1 MAXTRANS 255 NOCOMPRESS LOGGING
  STORAGE(INITIAL 65536 NEXT 1048576 MINEXTENTS 1 MAXEXTENTS 2147483645
  PCTINCREASE 0 FREELISTS 1 FREELIST GROUPS 1 BUFFER_POOL DEFAULT FLASH_CACHE DEFAULT CELL_FLASH_CACHE DEFAULT)
  TABLESPACE "TBS_TEAM1" ;

   COMMENT ON COLUMN "TEAM1"."ACCESS"."ACCESS_ID" IS '회원 권한에 대한 범례';
   COMMENT ON COLUMN "TEAM1"."ACCESS"."ACCESS_TYPE" IS '1관리자 / 2 회원';
--------------------------------------------------------
--  DDL for Table ADD_FRIEND
--------------------------------------------------------

  CREATE TABLE "TEAM1"."ADD_FRIEND" 
   (	"ADD_FRIEND_ID" VARCHAR2(30 BYTE), 
	"SENDER_ID" VARCHAR2(30 BYTE), 
	"RECEIVER_ID" VARCHAR2(30 BYTE), 
	"ADD_DATE" DATE DEFAULT SYSDATE, 
	"OPEN_DATE" DATE, 
	"ACCEPT_DATE" DATE
   ) SEGMENT CREATION IMMEDIATE 
  PCTFREE 10 PCTUSED 40 INITRANS 1 MAXTRANS 255 NOCOMPRESS LOGGING
  STORAGE(INITIAL 65536 NEXT 1048576 MINEXTENTS 1 MAXEXTENTS 2147483645
  PCTINCREASE 0 FREELISTS 1 FREELIST GROUPS 1 BUFFER_POOL DEFAULT FLASH_CACHE DEFAULT CELL_FLASH_CACHE DEFAULT)
  TABLESPACE "TBS_TEAM1" ;

   COMMENT ON COLUMN "TEAM1"."ADD_FRIEND"."ADD_FRIEND_ID" IS '친구신청에 대한 테이블';
   COMMENT ON COLUMN "TEAM1"."ADD_FRIEND"."SENDER_ID" IS '친구신청한 사람';
   COMMENT ON COLUMN "TEAM1"."ADD_FRIEND"."RECEIVER_ID" IS '친구신청 받은 사람 (한명이 끊으면 친구신청에서 DEL)';
   COMMENT ON COLUMN "TEAM1"."ADD_FRIEND"."ADD_DATE" IS '친구 신청한 날짜';
   COMMENT ON COLUMN "TEAM1"."ADD_FRIEND"."OPEN_DATE" IS '확인일 있고 수락일 없으면 성립 안 됨';
   COMMENT ON COLUMN "TEAM1"."ADD_FRIEND"."ACCEPT_DATE" IS '수락일 있으면 친구 관계 성립';
--------------------------------------------------------
--  DDL for Table AGE_PREFERENCE
--------------------------------------------------------

  CREATE TABLE "TEAM1"."AGE_PREFERENCE" 
   (	"AGE_P_ID" CHAR(1 BYTE), 
	"AP_CONTENT" VARCHAR2(50 BYTE)
   ) SEGMENT CREATION IMMEDIATE 
  PCTFREE 10 PCTUSED 40 INITRANS 1 MAXTRANS 255 NOCOMPRESS LOGGING
  STORAGE(INITIAL 65536 NEXT 1048576 MINEXTENTS 1 MAXEXTENTS 2147483645
  PCTINCREASE 0 FREELISTS 1 FREELIST GROUPS 1 BUFFER_POOL DEFAULT FLASH_CACHE DEFAULT CELL_FLASH_CACHE DEFAULT)
  TABLESPACE "TBS_TEAM1" ;

   COMMENT ON COLUMN "TEAM1"."AGE_PREFERENCE"."AGE_P_ID" IS '연령제한선호에 대한 범례';
   COMMENT ON COLUMN "TEAM1"."AGE_PREFERENCE"."AP_CONTENT" IS 'T 제한선호함 / F제한선호안함';
--------------------------------------------------------
--  DDL for Table ANSWER
--------------------------------------------------------

  CREATE TABLE "TEAM1"."ANSWER" 
   (	"ANSWER_ID" VARCHAR2(30 BYTE), 
	"P_MEMBER_ID" VARCHAR2(30 BYTE), 
	"SUBMIT_DATE" DATE DEFAULT SYSDATE
   ) SEGMENT CREATION IMMEDIATE 
  PCTFREE 10 PCTUSED 40 INITRANS 1 MAXTRANS 255 NOCOMPRESS LOGGING
  STORAGE(INITIAL 65536 NEXT 1048576 MINEXTENTS 1 MAXEXTENTS 2147483645
  PCTINCREASE 0 FREELISTS 1 FREELIST GROUPS 1 BUFFER_POOL DEFAULT FLASH_CACHE DEFAULT CELL_FLASH_CACHE DEFAULT)
  TABLESPACE "TBS_TEAM1" ;

   COMMENT ON COLUMN "TEAM1"."ANSWER"."ANSWER_ID" IS '모임참여한사람 중 평가에 응답한 사람';
   COMMENT ON COLUMN "TEAM1"."ANSWER"."P_MEMBER_ID" IS '응답자(참여자)정보+모임정보';
   COMMENT ON COLUMN "TEAM1"."ANSWER"."SUBMIT_DATE" IS '평가폼 제출일';
--------------------------------------------------------
--  DDL for Table ANSWER_ATTENDANCE
--------------------------------------------------------

  CREATE TABLE "TEAM1"."ANSWER_ATTENDANCE" 
   (	"ANS_ATTE_ID" VARCHAR2(30 BYTE), 
	"CHECK_ATTE_ID" VARCHAR2(30 BYTE), 
	"P_MEMBER_ID" VARCHAR2(30 BYTE)
   ) SEGMENT CREATION IMMEDIATE 
  PCTFREE 10 PCTUSED 40 INITRANS 1 MAXTRANS 255 NOCOMPRESS LOGGING
  STORAGE(INITIAL 65536 NEXT 1048576 MINEXTENTS 1 MAXEXTENTS 2147483645
  PCTINCREASE 0 FREELISTS 1 FREELIST GROUPS 1 BUFFER_POOL DEFAULT FLASH_CACHE DEFAULT CELL_FLASH_CACHE DEFAULT)
  TABLESPACE "TBS_TEAM1" ;

   COMMENT ON COLUMN "TEAM1"."ANSWER_ATTENDANCE"."ANS_ATTE_ID" IS '어떤 사람이 누구를 결석체크';
   COMMENT ON COLUMN "TEAM1"."ANSWER_ATTENDANCE"."CHECK_ATTE_ID" IS '누가 출석체크 제출';
   COMMENT ON COLUMN "TEAM1"."ANSWER_ATTENDANCE"."P_MEMBER_ID" IS '결석한 사람';
--------------------------------------------------------
--  DDL for Table ANSWER_DETAIL
--------------------------------------------------------

  CREATE TABLE "TEAM1"."ANSWER_DETAIL" 
   (	"ANS_DETAIL_ID" VARCHAR2(30 BYTE), 
	"ANSWER_ID" VARCHAR2(30 BYTE), 
	"QUESTION_ID" VARCHAR2(30 BYTE), 
	"P_MEMBER_ID" VARCHAR2(30 BYTE)
   ) SEGMENT CREATION IMMEDIATE 
  PCTFREE 10 PCTUSED 40 INITRANS 1 MAXTRANS 255 NOCOMPRESS LOGGING
  STORAGE(INITIAL 65536 NEXT 1048576 MINEXTENTS 1 MAXEXTENTS 2147483645
  PCTINCREASE 0 FREELISTS 1 FREELIST GROUPS 1 BUFFER_POOL DEFAULT FLASH_CACHE DEFAULT CELL_FLASH_CACHE DEFAULT)
  TABLESPACE "TBS_TEAM1" ;

   COMMENT ON COLUMN "TEAM1"."ANSWER_DETAIL"."ANS_DETAIL_ID" IS '응답한사람이 어떤 문항에 어떤 대답';
   COMMENT ON COLUMN "TEAM1"."ANSWER_DETAIL"."ANSWER_ID" IS '응답한사람';
   COMMENT ON COLUMN "TEAM1"."ANSWER_DETAIL"."QUESTION_ID" IS '문항 하나씩';
   COMMENT ON COLUMN "TEAM1"."ANSWER_DETAIL"."P_MEMBER_ID" IS '지목받은사람ID';
--------------------------------------------------------
--  DDL for Table ANSWER_DETAIL_LEADERSHIP
--------------------------------------------------------

  CREATE TABLE "TEAM1"."ANSWER_DETAIL_LEADERSHIP" 
   (	"ANS_L_ID" VARCHAR2(30 BYTE), 
	"ANSWER_ID" VARCHAR2(30 BYTE), 
	"QUESTION_ID" VARCHAR2(30 BYTE), 
	"ANS_CONTENT" VARCHAR2(100 BYTE)
   ) SEGMENT CREATION IMMEDIATE 
  PCTFREE 10 PCTUSED 40 INITRANS 1 MAXTRANS 255 NOCOMPRESS LOGGING
  STORAGE(INITIAL 65536 NEXT 1048576 MINEXTENTS 1 MAXEXTENTS 2147483645
  PCTINCREASE 0 FREELISTS 1 FREELIST GROUPS 1 BUFFER_POOL DEFAULT FLASH_CACHE DEFAULT CELL_FLASH_CACHE DEFAULT)
  TABLESPACE "TBS_TEAM1" ;

   COMMENT ON COLUMN "TEAM1"."ANSWER_DETAIL_LEADERSHIP"."ANS_L_ID" IS '응답한 사람이 리더십에 대한 어떤 대답';
   COMMENT ON COLUMN "TEAM1"."ANSWER_DETAIL_LEADERSHIP"."ANSWER_ID" IS '응답한사람';
   COMMENT ON COLUMN "TEAM1"."ANSWER_DETAIL_LEADERSHIP"."QUESTION_ID" IS '방장의 리더십은?';
   COMMENT ON COLUMN "TEAM1"."ANSWER_DETAIL_LEADERSHIP"."ANS_CONTENT" IS '1,0,-1';
--------------------------------------------------------
--  DDL for Table CHECK_ATTENDANCE
--------------------------------------------------------

  CREATE TABLE "TEAM1"."CHECK_ATTENDANCE" 
   (	"CHECK_ATTE_ID" VARCHAR2(30 BYTE), 
	"P_MEMBER_ID" VARCHAR2(30 BYTE), 
	"SUBMIT_DATE" DATE DEFAULT SYSDATE
   ) SEGMENT CREATION IMMEDIATE 
  PCTFREE 10 PCTUSED 40 INITRANS 1 MAXTRANS 255 NOCOMPRESS LOGGING
  STORAGE(INITIAL 65536 NEXT 1048576 MINEXTENTS 1 MAXEXTENTS 2147483645
  PCTINCREASE 0 FREELISTS 1 FREELIST GROUPS 1 BUFFER_POOL DEFAULT FLASH_CACHE DEFAULT CELL_FLASH_CACHE DEFAULT)
  TABLESPACE "TBS_TEAM1" ;

   COMMENT ON COLUMN "TEAM1"."CHECK_ATTENDANCE"."CHECK_ATTE_ID" IS '어떤사람이 출석체크했다';
   COMMENT ON COLUMN "TEAM1"."CHECK_ATTENDANCE"."P_MEMBER_ID" IS '응답자 정보 + 모임 정보';
   COMMENT ON COLUMN "TEAM1"."CHECK_ATTENDANCE"."SUBMIT_DATE" IS '폼 제출일';
--------------------------------------------------------
--  DDL for Table CONTRIBUTION_GRADE
--------------------------------------------------------

  CREATE TABLE "TEAM1"."CONTRIBUTION_GRADE" 
   (	"C_GRADE_ID" NUMBER(1,0), 
	"GRADE_NAME" VARCHAR2(100 BYTE)
   ) SEGMENT CREATION IMMEDIATE 
  PCTFREE 10 PCTUSED 40 INITRANS 1 MAXTRANS 255 NOCOMPRESS LOGGING
  STORAGE(INITIAL 65536 NEXT 1048576 MINEXTENTS 1 MAXEXTENTS 2147483645
  PCTINCREASE 0 FREELISTS 1 FREELIST GROUPS 1 BUFFER_POOL DEFAULT FLASH_CACHE DEFAULT CELL_FLASH_CACHE DEFAULT)
  TABLESPACE "TBS_TEAM1" ;

   COMMENT ON COLUMN "TEAM1"."CONTRIBUTION_GRADE"."C_GRADE_ID" IS '공헌도 점수 등급에 대한 범례';
   COMMENT ON COLUMN "TEAM1"."CONTRIBUTION_GRADE"."GRADE_NAME" IS '1~4등급, 00헬멧';
--------------------------------------------------------
--  DDL for Table DELETED_RIDING
--------------------------------------------------------

  CREATE TABLE "TEAM1"."DELETED_RIDING" 
   (	"DEL_RIDING_ID" VARCHAR2(30 BYTE), 
	"RIDING_ID" VARCHAR2(30 BYTE), 
	"DELETE_DATE" DATE DEFAULT SYSDATE
   ) SEGMENT CREATION IMMEDIATE 
  PCTFREE 10 PCTUSED 40 INITRANS 1 MAXTRANS 255 NOCOMPRESS LOGGING
  STORAGE(INITIAL 65536 NEXT 1048576 MINEXTENTS 1 MAXEXTENTS 2147483645
  PCTINCREASE 0 FREELISTS 1 FREELIST GROUPS 1 BUFFER_POOL DEFAULT FLASH_CACHE DEFAULT CELL_FLASH_CACHE DEFAULT)
  TABLESPACE "TBS_TEAM1" ;

   COMMENT ON COLUMN "TEAM1"."DELETED_RIDING"."DEL_RIDING_ID" IS '모임 삭제하면 여기에';
   COMMENT ON COLUMN "TEAM1"."DELETED_RIDING"."RIDING_ID" IS '모임 ID';
   COMMENT ON COLUMN "TEAM1"."DELETED_RIDING"."DELETE_DATE" IS '모임 삭제일';
--------------------------------------------------------
--  DDL for Table DINING_PREFERENCE
--------------------------------------------------------

  CREATE TABLE "TEAM1"."DINING_PREFERENCE" 
   (	"DINING_P_ID" NUMBER(1,0), 
	"DP_CONTENT" VARCHAR2(50 BYTE)
   ) SEGMENT CREATION IMMEDIATE 
  PCTFREE 10 PCTUSED 40 INITRANS 1 MAXTRANS 255 NOCOMPRESS LOGGING
  STORAGE(INITIAL 65536 NEXT 1048576 MINEXTENTS 1 MAXEXTENTS 2147483645
  PCTINCREASE 0 FREELISTS 1 FREELIST GROUPS 1 BUFFER_POOL DEFAULT FLASH_CACHE DEFAULT CELL_FLASH_CACHE DEFAULT)
  TABLESPACE "TBS_TEAM1" ;

   COMMENT ON COLUMN "TEAM1"."DINING_PREFERENCE"."DINING_P_ID" IS '회식선호도에 대한 범례';
   COMMENT ON COLUMN "TEAM1"."DINING_PREFERENCE"."DP_CONTENT" IS '0(제한없음)/1회식해요/2회식안해요';
--------------------------------------------------------
--  DDL for Table EAT_PREFERENCE
--------------------------------------------------------

  CREATE TABLE "TEAM1"."EAT_PREFERENCE" 
   (	"EAT_P_ID" NUMBER(1,0), 
	"EP_CONTENT" VARCHAR2(50 BYTE)
   ) SEGMENT CREATION IMMEDIATE 
  PCTFREE 10 PCTUSED 40 INITRANS 1 MAXTRANS 255 NOCOMPRESS LOGGING
  STORAGE(INITIAL 65536 NEXT 1048576 MINEXTENTS 1 MAXEXTENTS 2147483645
  PCTINCREASE 0 FREELISTS 1 FREELIST GROUPS 1 BUFFER_POOL DEFAULT FLASH_CACHE DEFAULT CELL_FLASH_CACHE DEFAULT)
  TABLESPACE "TBS_TEAM1" ;

   COMMENT ON COLUMN "TEAM1"."EAT_PREFERENCE"."EAT_P_ID" IS '식사선호도에 대한 범례';
   COMMENT ON COLUMN "TEAM1"."EAT_PREFERENCE"."EP_CONTENT" IS '0 상관없음 / 1 식사해요 / 2식사안해용';
--------------------------------------------------------
--  DDL for Table EVALUATE_TYPE
--------------------------------------------------------

  CREATE TABLE "TEAM1"."EVALUATE_TYPE" 
   (	"EV_TYPE_ID" VARCHAR2(30 BYTE), 
	"EV_TYPE_NAME" VARCHAR2(100 BYTE)
   ) SEGMENT CREATION IMMEDIATE 
  PCTFREE 10 PCTUSED 40 INITRANS 1 MAXTRANS 255 NOCOMPRESS LOGGING
  STORAGE(INITIAL 65536 NEXT 1048576 MINEXTENTS 1 MAXEXTENTS 2147483645
  PCTINCREASE 0 FREELISTS 1 FREELIST GROUPS 1 BUFFER_POOL DEFAULT FLASH_CACHE DEFAULT CELL_FLASH_CACHE DEFAULT)
  TABLESPACE "TBS_TEAM1" ;

   COMMENT ON COLUMN "TEAM1"."EVALUATE_TYPE"."EV_TYPE_ID" IS '평가 점수 타입에 대한 범례';
   COMMENT ON COLUMN "TEAM1"."EVALUATE_TYPE"."EV_TYPE_NAME" IS '매너/리더십/체력';
--------------------------------------------------------
--  DDL for Table EVALUATION_GRADE
--------------------------------------------------------

  CREATE TABLE "TEAM1"."EVALUATION_GRADE" 
   (	"EV_GRADE_ID" NUMBER(1,0), 
	"GRADE_NAME" VARCHAR2(100 BYTE)
   ) SEGMENT CREATION IMMEDIATE 
  PCTFREE 10 PCTUSED 40 INITRANS 1 MAXTRANS 255 NOCOMPRESS LOGGING
  STORAGE(INITIAL 65536 NEXT 1048576 MINEXTENTS 1 MAXEXTENTS 2147483645
  PCTINCREASE 0 FREELISTS 1 FREELIST GROUPS 1 BUFFER_POOL DEFAULT FLASH_CACHE DEFAULT CELL_FLASH_CACHE DEFAULT)
  TABLESPACE "TBS_TEAM1" ;

   COMMENT ON COLUMN "TEAM1"."EVALUATION_GRADE"."EV_GRADE_ID" IS '평가 점수 등급에 대한 범례';
   COMMENT ON COLUMN "TEAM1"."EVALUATION_GRADE"."GRADE_NAME" IS '1~5등급, 00자전거';
--------------------------------------------------------
--  DDL for Table EVALUATION_RECORD
--------------------------------------------------------

  CREATE TABLE "TEAM1"."EVALUATION_RECORD" 
   (	"EVA_RECORD_ID" VARCHAR2(30 BYTE), 
	"P_MEMBER_ID" VARCHAR2(30 BYTE), 
	"ATTENDANCE" VARCHAR2(20 BYTE), 
	"MANNER_SCORE" NUMBER DEFAULT 0, 
	"LEADER_SCORE" NUMBER DEFAULT 0, 
	"STAMINA_SCORE" NUMBER DEFAULT 0, 
	"DIFFICULTY_SCORE" NUMBER DEFAULT 0, 
	"INSERT_DATE" DATE DEFAULT SYSDATE
   ) SEGMENT CREATION IMMEDIATE 
  PCTFREE 10 PCTUSED 40 INITRANS 1 MAXTRANS 255 NOCOMPRESS LOGGING
  STORAGE(INITIAL 65536 NEXT 1048576 MINEXTENTS 1 MAXEXTENTS 2147483645
  PCTINCREASE 0 FREELISTS 1 FREELIST GROUPS 1 BUFFER_POOL DEFAULT FLASH_CACHE DEFAULT CELL_FLASH_CACHE DEFAULT)
  TABLESPACE "TBS_TEAM1" ;

   COMMENT ON COLUMN "TEAM1"."EVALUATION_RECORD"."EVA_RECORD_ID" IS '모임 종료시간 +7일 후, 모든 참여자에 대한 평가기록';
   COMMENT ON COLUMN "TEAM1"."EVALUATION_RECORD"."P_MEMBER_ID" IS '모임의 모든 참여자들';
   COMMENT ON COLUMN "TEAM1"."EVALUATION_RECORD"."ATTENDANCE" IS '7일간 평가 후,출석 / 결석';
   COMMENT ON COLUMN "TEAM1"."EVALUATION_RECORD"."MANNER_SCORE" IS '7일간 받은 점수 총합';
   COMMENT ON COLUMN "TEAM1"."EVALUATION_RECORD"."LEADER_SCORE" IS '7일간 받은 점수 총합';
   COMMENT ON COLUMN "TEAM1"."EVALUATION_RECORD"."STAMINA_SCORE" IS '7일간 받은 점수 총합';
   COMMENT ON COLUMN "TEAM1"."EVALUATION_RECORD"."DIFFICULTY_SCORE" IS '7일간 받은 점수 통합';
   COMMENT ON COLUMN "TEAM1"."EVALUATION_RECORD"."INSERT_DATE" IS '누군가 라이딩조회할때 INSERT';
--------------------------------------------------------
--  DDL for Table FACILITY
--------------------------------------------------------

  CREATE TABLE "TEAM1"."FACILITY" 
   (	"FACILITY_ID" VARCHAR2(30 BYTE), 
	"F_TYPE_ID" NUMBER(1,0), 
	"REQ_USER_ID" VARCHAR2(30 BYTE), 
	"ADMIN_ID" VARCHAR2(30 BYTE), 
	"LATITUDE" VARCHAR2(500 BYTE), 
	"LONGITUDE" VARCHAR2(500 BYTE), 
	"ADDRESS" VARCHAR2(500 BYTE), 
	"DETAIL_ADDRESS" VARCHAR2(500 BYTE), 
	"REQUEST_DATE" DATE DEFAULT SYSDATE, 
	"OPEN_DATE" DATE, 
	"ACEEPT_DATE" DATE
   ) SEGMENT CREATION IMMEDIATE 
  PCTFREE 10 PCTUSED 40 INITRANS 1 MAXTRANS 255 NOCOMPRESS LOGGING
  STORAGE(INITIAL 65536 NEXT 1048576 MINEXTENTS 1 MAXEXTENTS 2147483645
  PCTINCREASE 0 FREELISTS 1 FREELIST GROUPS 1 BUFFER_POOL DEFAULT FLASH_CACHE DEFAULT CELL_FLASH_CACHE DEFAULT)
  TABLESPACE "TBS_TEAM1" ;

   COMMENT ON COLUMN "TEAM1"."FACILITY"."FACILITY_ID" IS '시설 등록 요청';
   COMMENT ON COLUMN "TEAM1"."FACILITY"."F_TYPE_ID" IS '편의시설종류에 대한 범례';
   COMMENT ON COLUMN "TEAM1"."FACILITY"."REQ_USER_ID" IS '등록요청자(회원)';
   COMMENT ON COLUMN "TEAM1"."FACILITY"."ADMIN_ID" IS '승인한 관리자';
   COMMENT ON COLUMN "TEAM1"."FACILITY"."LATITUDE" IS '좌표X';
   COMMENT ON COLUMN "TEAM1"."FACILITY"."LONGITUDE" IS '좌표Y';
   COMMENT ON COLUMN "TEAM1"."FACILITY"."ADDRESS" IS '도로명 / 지번';
   COMMENT ON COLUMN "TEAM1"."FACILITY"."DETAIL_ADDRESS" IS '동호수,건물';
   COMMENT ON COLUMN "TEAM1"."FACILITY"."REQUEST_DATE" IS '회원이 시설 등록 요청한 날짜';
   COMMENT ON COLUMN "TEAM1"."FACILITY"."OPEN_DATE" IS '관리자가 확인한 날짜(NULL이면 확인X)';
   COMMENT ON COLUMN "TEAM1"."FACILITY"."ACEEPT_DATE" IS '관리자가 승인한 날짜(승인 되면 시설 지도에 등록)';
--------------------------------------------------------
--  DDL for Table FACILITY_DELETE_REQ
--------------------------------------------------------

  CREATE TABLE "TEAM1"."FACILITY_DELETE_REQ" 
   (	"F_DELETE_ID" VARCHAR2(30 BYTE), 
	"FACILITY_ID" VARCHAR2(30 BYTE), 
	"REQ_USER_ID" VARCHAR2(30 BYTE), 
	"ADMIN_ID" VARCHAR2(30 BYTE), 
	"CONTENT" VARCHAR2(1000 BYTE), 
	"REQUEST_DATE" DATE DEFAULT SYSDATE, 
	"OPEN_DATE" DATE, 
	"ACCEPT_DATE" DATE
   ) SEGMENT CREATION IMMEDIATE 
  PCTFREE 10 PCTUSED 40 INITRANS 1 MAXTRANS 255 NOCOMPRESS LOGGING
  STORAGE(INITIAL 65536 NEXT 1048576 MINEXTENTS 1 MAXEXTENTS 2147483645
  PCTINCREASE 0 FREELISTS 1 FREELIST GROUPS 1 BUFFER_POOL DEFAULT FLASH_CACHE DEFAULT CELL_FLASH_CACHE DEFAULT)
  TABLESPACE "TBS_TEAM1" ;

   COMMENT ON COLUMN "TEAM1"."FACILITY_DELETE_REQ"."F_DELETE_ID" IS '회원이 시설삭제 요청';
   COMMENT ON COLUMN "TEAM1"."FACILITY_DELETE_REQ"."FACILITY_ID" IS '등록된 시설';
   COMMENT ON COLUMN "TEAM1"."FACILITY_DELETE_REQ"."REQ_USER_ID" IS '삭제요청자(회원)';
   COMMENT ON COLUMN "TEAM1"."FACILITY_DELETE_REQ"."ADMIN_ID" IS '승인한 관리자';
   COMMENT ON COLUMN "TEAM1"."FACILITY_DELETE_REQ"."CONTENT" IS '회원이 삭제 요청할 때 적는 내용';
   COMMENT ON COLUMN "TEAM1"."FACILITY_DELETE_REQ"."REQUEST_DATE" IS '회원이 삭제 요청한 날짜';
   COMMENT ON COLUMN "TEAM1"."FACILITY_DELETE_REQ"."OPEN_DATE" IS '관리자가 확인한 날짜';
   COMMENT ON COLUMN "TEAM1"."FACILITY_DELETE_REQ"."ACCEPT_DATE" IS '관리자가 승인한 날짜(여기 값있으면 시설은 삭제된거)';
--------------------------------------------------------
--  DDL for Table FACILITY_TYPE
--------------------------------------------------------

  CREATE TABLE "TEAM1"."FACILITY_TYPE" 
   (	"F_TYPE_ID" NUMBER(1,0), 
	"F_TYPE_NAME" VARCHAR2(30 BYTE)
   ) SEGMENT CREATION IMMEDIATE 
  PCTFREE 10 PCTUSED 40 INITRANS 1 MAXTRANS 255 NOCOMPRESS LOGGING
  STORAGE(INITIAL 65536 NEXT 1048576 MINEXTENTS 1 MAXEXTENTS 2147483645
  PCTINCREASE 0 FREELISTS 1 FREELIST GROUPS 1 BUFFER_POOL DEFAULT FLASH_CACHE DEFAULT CELL_FLASH_CACHE DEFAULT)
  TABLESPACE "TBS_TEAM1" ;

   COMMENT ON COLUMN "TEAM1"."FACILITY_TYPE"."F_TYPE_ID" IS '편의시설종류에 대한 범례';
   COMMENT ON COLUMN "TEAM1"."FACILITY_TYPE"."F_TYPE_NAME" IS '1. 화장실 2.음수대';
--------------------------------------------------------
--  DDL for Table FACILITY_UPDATE_REQ
--------------------------------------------------------

  CREATE TABLE "TEAM1"."FACILITY_UPDATE_REQ" 
   (	"F_UPDATE_ID" VARCHAR2(30 BYTE), 
	"FACILITY_ID" VARCHAR2(30 BYTE), 
	"REQ_USER_ID" VARCHAR2(30 BYTE), 
	"ADMIN_ID" VARCHAR2(30 BYTE), 
	"LATITUDE" VARCHAR2(500 BYTE), 
	"LONGITUDE" VARCHAR2(500 BYTE), 
	"ADDRESS" VARCHAR2(500 BYTE), 
	"DETAIL_ADDRESS" VARCHAR2(500 BYTE), 
	"CONTENT" VARCHAR2(1000 BYTE), 
	"REQUEST_DATE" DATE DEFAULT SYSDATE, 
	"OPEN_DATE" DATE, 
	"ACCEPT_DATE" DATE
   ) SEGMENT CREATION IMMEDIATE 
  PCTFREE 10 PCTUSED 40 INITRANS 1 MAXTRANS 255 NOCOMPRESS LOGGING
  STORAGE(INITIAL 65536 NEXT 1048576 MINEXTENTS 1 MAXEXTENTS 2147483645
  PCTINCREASE 0 FREELISTS 1 FREELIST GROUPS 1 BUFFER_POOL DEFAULT FLASH_CACHE DEFAULT CELL_FLASH_CACHE DEFAULT)
  TABLESPACE "TBS_TEAM1" ;

   COMMENT ON COLUMN "TEAM1"."FACILITY_UPDATE_REQ"."F_UPDATE_ID" IS '테이블 시퀀스 ID';
   COMMENT ON COLUMN "TEAM1"."FACILITY_UPDATE_REQ"."FACILITY_ID" IS '시설 등록 요청';
   COMMENT ON COLUMN "TEAM1"."FACILITY_UPDATE_REQ"."REQ_USER_ID" IS '수정요청자(회원)';
   COMMENT ON COLUMN "TEAM1"."FACILITY_UPDATE_REQ"."ADMIN_ID" IS '승인한관리자';
   COMMENT ON COLUMN "TEAM1"."FACILITY_UPDATE_REQ"."LATITUDE" IS '지도X';
   COMMENT ON COLUMN "TEAM1"."FACILITY_UPDATE_REQ"."LONGITUDE" IS '지도Y';
   COMMENT ON COLUMN "TEAM1"."FACILITY_UPDATE_REQ"."ADDRESS" IS '도로명 / 지번';
   COMMENT ON COLUMN "TEAM1"."FACILITY_UPDATE_REQ"."DETAIL_ADDRESS" IS '동호수 , 건물';
   COMMENT ON COLUMN "TEAM1"."FACILITY_UPDATE_REQ"."CONTENT" IS '회원이 수정요청할때 적는 내용';
   COMMENT ON COLUMN "TEAM1"."FACILITY_UPDATE_REQ"."REQUEST_DATE" IS '회원이 수정을 요청한 날짜';
   COMMENT ON COLUMN "TEAM1"."FACILITY_UPDATE_REQ"."OPEN_DATE" IS '관리자가 열람하면 UPDATE';
   COMMENT ON COLUMN "TEAM1"."FACILITY_UPDATE_REQ"."ACCEPT_DATE" IS '확인일, 승인일 있으면 승인';
--------------------------------------------------------
--  DDL for Table INQUIRY
--------------------------------------------------------

  CREATE TABLE "TEAM1"."INQUIRY" 
   (	"INQUIRY_ID" VARCHAR2(30 BYTE), 
	"USER_ID" VARCHAR2(30 BYTE), 
	"TITLE" VARCHAR2(100 BYTE), 
	"CONTENT" VARCHAR2(1000 BYTE), 
	"INQUIRY_DATE" DATE DEFAULT SYSDATE
   ) SEGMENT CREATION IMMEDIATE 
  PCTFREE 10 PCTUSED 40 INITRANS 1 MAXTRANS 255 NOCOMPRESS LOGGING
  STORAGE(INITIAL 65536 NEXT 1048576 MINEXTENTS 1 MAXEXTENTS 2147483645
  PCTINCREASE 0 FREELISTS 1 FREELIST GROUPS 1 BUFFER_POOL DEFAULT FLASH_CACHE DEFAULT CELL_FLASH_CACHE DEFAULT)
  TABLESPACE "TBS_TEAM1" ;

   COMMENT ON COLUMN "TEAM1"."INQUIRY"."INQUIRY_ID" IS '회원이 문의 요청';
   COMMENT ON COLUMN "TEAM1"."INQUIRY"."USER_ID" IS '문의보내는사람';
   COMMENT ON COLUMN "TEAM1"."INQUIRY"."TITLE" IS '문의 제목';
   COMMENT ON COLUMN "TEAM1"."INQUIRY"."CONTENT" IS '문의 내용';
   COMMENT ON COLUMN "TEAM1"."INQUIRY"."INQUIRY_DATE" IS '문의 보낸 날짜';
--------------------------------------------------------
--  DDL for Table INQUIRY_PROCESS
--------------------------------------------------------

  CREATE TABLE "TEAM1"."INQUIRY_PROCESS" 
   (	"INQ_PROC_ID" VARCHAR2(30 BYTE), 
	"INQUIRY_ID" VARCHAR2(30 BYTE), 
	"ADMIN_ID" VARCHAR2(30 BYTE), 
	"INQUIRY_STATUS_ID" NUMBER(1,0), 
	"PROCESS_DATE" DATE DEFAULT SYSDATE
   ) SEGMENT CREATION IMMEDIATE 
  PCTFREE 10 PCTUSED 40 INITRANS 1 MAXTRANS 255 NOCOMPRESS LOGGING
  STORAGE(INITIAL 65536 NEXT 1048576 MINEXTENTS 1 MAXEXTENTS 2147483645
  PCTINCREASE 0 FREELISTS 1 FREELIST GROUPS 1 BUFFER_POOL DEFAULT FLASH_CACHE DEFAULT CELL_FLASH_CACHE DEFAULT)
  TABLESPACE "TBS_TEAM1" ;

   COMMENT ON COLUMN "TEAM1"."INQUIRY_PROCESS"."INQ_PROC_ID" IS '관리자가 문의 처리한 내역';
   COMMENT ON COLUMN "TEAM1"."INQUIRY_PROCESS"."INQUIRY_ID" IS '회원의 문의 요청';
   COMMENT ON COLUMN "TEAM1"."INQUIRY_PROCESS"."ADMIN_ID" IS '문의처리자(관리자만 가능)';
   COMMENT ON COLUMN "TEAM1"."INQUIRY_PROCESS"."INQUIRY_STATUS_ID" IS '1.해결 2.반려';
   COMMENT ON COLUMN "TEAM1"."INQUIRY_PROCESS"."PROCESS_DATE" IS '문의 처리한 날짜';
--------------------------------------------------------
--  DDL for Table INQUIRY_PROCESS_STATUS
--------------------------------------------------------

  CREATE TABLE "TEAM1"."INQUIRY_PROCESS_STATUS" 
   (	"INQUIRY_STATUS_ID" NUMBER(1,0), 
	"CONTENT" VARCHAR2(300 BYTE)
   ) SEGMENT CREATION IMMEDIATE 
  PCTFREE 10 PCTUSED 40 INITRANS 1 MAXTRANS 255 NOCOMPRESS LOGGING
  STORAGE(INITIAL 65536 NEXT 1048576 MINEXTENTS 1 MAXEXTENTS 2147483645
  PCTINCREASE 0 FREELISTS 1 FREELIST GROUPS 1 BUFFER_POOL DEFAULT FLASH_CACHE DEFAULT CELL_FLASH_CACHE DEFAULT)
  TABLESPACE "TBS_TEAM1" ;

   COMMENT ON COLUMN "TEAM1"."INQUIRY_PROCESS_STATUS"."INQUIRY_STATUS_ID" IS '문의 처리에 대한 분류 범례';
   COMMENT ON COLUMN "TEAM1"."INQUIRY_PROCESS_STATUS"."CONTENT" IS '1. 해결 2.반려';
--------------------------------------------------------
--  DDL for Table INVITE
--------------------------------------------------------

  CREATE TABLE "TEAM1"."INVITE" 
   (	"INVITE_ID" VARCHAR2(30 BYTE), 
	"SENDER_ID" VARCHAR2(30 BYTE), 
	"RECEIVER_ID" VARCHAR2(30 BYTE), 
	"RIDING_ID" VARCHAR2(30 BYTE), 
	"SEND_DATE" DATE DEFAULT SYSDATE
   ) SEGMENT CREATION IMMEDIATE 
  PCTFREE 10 PCTUSED 40 INITRANS 1 MAXTRANS 255 NOCOMPRESS LOGGING
  STORAGE(INITIAL 65536 NEXT 1048576 MINEXTENTS 1 MAXEXTENTS 2147483645
  PCTINCREASE 0 FREELISTS 1 FREELIST GROUPS 1 BUFFER_POOL DEFAULT FLASH_CACHE DEFAULT CELL_FLASH_CACHE DEFAULT)
  TABLESPACE "TBS_TEAM1" ;

   COMMENT ON COLUMN "TEAM1"."INVITE"."INVITE_ID" IS '모임 초대에 대한 테이블';
   COMMENT ON COLUMN "TEAM1"."INVITE"."SENDER_ID" IS '모임 초대를 한 사람';
   COMMENT ON COLUMN "TEAM1"."INVITE"."RECEIVER_ID" IS '모임 초대를 받은 사람';
   COMMENT ON COLUMN "TEAM1"."INVITE"."RIDING_ID" IS '초대한 모임';
   COMMENT ON COLUMN "TEAM1"."INVITE"."SEND_DATE" IS '초대한 날짜';
--------------------------------------------------------
--  DDL for Table MEMBER
--------------------------------------------------------

  CREATE TABLE "TEAM1"."MEMBER" 
   (	"USER_ID" VARCHAR2(30 BYTE), 
	"ACCESS_ID" NUMBER(1,0), 
	"JOIN_DATE" DATE DEFAULT SYSDATE
   ) SEGMENT CREATION IMMEDIATE 
  PCTFREE 10 PCTUSED 40 INITRANS 1 MAXTRANS 255 NOCOMPRESS LOGGING
  STORAGE(INITIAL 65536 NEXT 1048576 MINEXTENTS 1 MAXEXTENTS 2147483645
  PCTINCREASE 0 FREELISTS 1 FREELIST GROUPS 1 BUFFER_POOL DEFAULT FLASH_CACHE DEFAULT CELL_FLASH_CACHE DEFAULT)
  TABLESPACE "TBS_TEAM1" ;

   COMMENT ON COLUMN "TEAM1"."MEMBER"."USER_ID" IS '회원ID참조는 이 테이블을 참조한다.';
   COMMENT ON COLUMN "TEAM1"."MEMBER"."ACCESS_ID" IS '0관리자 / 1회원';
   COMMENT ON COLUMN "TEAM1"."MEMBER"."JOIN_DATE" IS '가입한 날짜';
--------------------------------------------------------
--  DDL for Table MEMBER_ACCESS
--------------------------------------------------------

  CREATE TABLE "TEAM1"."MEMBER_ACCESS" 
   (	"ACCESS_ID" NUMBER(1,0), 
	"ACCESS_TYPE" VARCHAR2(100 BYTE)
   ) SEGMENT CREATION IMMEDIATE 
  PCTFREE 10 PCTUSED 40 INITRANS 1 MAXTRANS 255 NOCOMPRESS LOGGING
  STORAGE(INITIAL 65536 NEXT 1048576 MINEXTENTS 1 MAXEXTENTS 2147483645
  PCTINCREASE 0 FREELISTS 1 FREELIST GROUPS 1 BUFFER_POOL DEFAULT FLASH_CACHE DEFAULT CELL_FLASH_CACHE DEFAULT)
  TABLESPACE "TBS_TEAM1" ;

   COMMENT ON COLUMN "TEAM1"."MEMBER_ACCESS"."ACCESS_ID" IS '회원 권한에 대한 범례';
   COMMENT ON COLUMN "TEAM1"."MEMBER_ACCESS"."ACCESS_TYPE" IS '1관리자 / 2 회원';
--------------------------------------------------------
--  DDL for Table MESSAGE
--------------------------------------------------------

  CREATE TABLE "TEAM1"."MESSAGE" 
   (	"MESSAGE_ID" VARCHAR2(30 BYTE), 
	"SENDER_ID" VARCHAR2(30 BYTE), 
	"RECEIVER_ID" VARCHAR2(30 BYTE), 
	"CONTENT" VARCHAR2(1000 BYTE), 
	"SEND_DATE" DATE, 
	"RECEIVE_DATE" DATE, 
	"SEND_DEL_DATE" DATE, 
	"RCEI_DEL_DATE" DATE
   ) SEGMENT CREATION IMMEDIATE 
  PCTFREE 10 PCTUSED 40 INITRANS 1 MAXTRANS 255 NOCOMPRESS LOGGING
  STORAGE(INITIAL 65536 NEXT 1048576 MINEXTENTS 1 MAXEXTENTS 2147483645
  PCTINCREASE 0 FREELISTS 1 FREELIST GROUPS 1 BUFFER_POOL DEFAULT FLASH_CACHE DEFAULT CELL_FLASH_CACHE DEFAULT)
  TABLESPACE "TBS_TEAM1" ;

   COMMENT ON COLUMN "TEAM1"."MESSAGE"."MESSAGE_ID" IS '테이블 시퀀스';
   COMMENT ON COLUMN "TEAM1"."MESSAGE"."SENDER_ID" IS '쪽지 받은 회원';
   COMMENT ON COLUMN "TEAM1"."MESSAGE"."RECEIVER_ID" IS '쪽지 보낸 회원';
   COMMENT ON COLUMN "TEAM1"."MESSAGE"."CONTENT" IS '쪽지 내용';
   COMMENT ON COLUMN "TEAM1"."MESSAGE"."SEND_DATE" IS '쪽지 보낸 날짜';
   COMMENT ON COLUMN "TEAM1"."MESSAGE"."RECEIVE_DATE" IS '쪽지 읽은 날짜';
   COMMENT ON COLUMN "TEAM1"."MESSAGE"."SEND_DEL_DATE" IS '발신자가 보낸 쪽지 삭제날짜';
   COMMENT ON COLUMN "TEAM1"."MESSAGE"."RCEI_DEL_DATE" IS '수신자가 받은 쪽지 삭제 날짜';
--------------------------------------------------------
--  DDL for Table MOOD_PREFERENCE
--------------------------------------------------------

  CREATE TABLE "TEAM1"."MOOD_PREFERENCE" 
   (	"MOOD_P_ID" NUMBER(1,0), 
	"MP_CONTENT" VARCHAR2(50 BYTE)
   ) SEGMENT CREATION IMMEDIATE 
  PCTFREE 10 PCTUSED 40 INITRANS 1 MAXTRANS 255 NOCOMPRESS LOGGING
  STORAGE(INITIAL 65536 NEXT 1048576 MINEXTENTS 1 MAXEXTENTS 2147483645
  PCTINCREASE 0 FREELISTS 1 FREELIST GROUPS 1 BUFFER_POOL DEFAULT FLASH_CACHE DEFAULT CELL_FLASH_CACHE DEFAULT)
  TABLESPACE "TBS_TEAM1" ;

   COMMENT ON COLUMN "TEAM1"."MOOD_PREFERENCE"."MOOD_P_ID" IS '분위기선호도에 대한 범례';
   COMMENT ON COLUMN "TEAM1"."MOOD_PREFERENCE"."MP_CONTENT" IS '0(제한없음)/1(침묵)/2(친목)';
--------------------------------------------------------
--  DDL for Table NICKNAME_CHANGE
--------------------------------------------------------

  CREATE TABLE "TEAM1"."NICKNAME_CHANGE" 
   (	"CHANGE_ID" VARCHAR2(30 BYTE), 
	"USER_ID" VARCHAR2(30 BYTE), 
	"CHANGE_DATE" DATE DEFAULT SYSDATE
   ) SEGMENT CREATION IMMEDIATE 
  PCTFREE 10 PCTUSED 40 INITRANS 1 MAXTRANS 255 NOCOMPRESS LOGGING
  STORAGE(INITIAL 65536 NEXT 1048576 MINEXTENTS 1 MAXEXTENTS 2147483645
  PCTINCREASE 0 FREELISTS 1 FREELIST GROUPS 1 BUFFER_POOL DEFAULT FLASH_CACHE DEFAULT CELL_FLASH_CACHE DEFAULT)
  TABLESPACE "TBS_TEAM1" ;

   COMMENT ON COLUMN "TEAM1"."NICKNAME_CHANGE"."CHANGE_ID" IS '회원이 닉네임을 변경했다';
   COMMENT ON COLUMN "TEAM1"."NICKNAME_CHANGE"."USER_ID" IS '닉네임변경한 사람ID';
   COMMENT ON COLUMN "TEAM1"."NICKNAME_CHANGE"."CHANGE_DATE" IS '닉네임 변경한 날짜';
--------------------------------------------------------
--  DDL for Table NOTICE
--------------------------------------------------------

  CREATE TABLE "TEAM1"."NOTICE" 
   (	"NOTICE_ID" VARCHAR2(30 BYTE), 
	"USER_ID" VARCHAR2(30 BYTE), 
	"N_CONTENT_ID" NUMBER(1,0), 
	"SEND_DATE" DATE DEFAULT SYSDATE, 
	"OPEN_DATE" DATE
   ) SEGMENT CREATION IMMEDIATE 
  PCTFREE 10 PCTUSED 40 INITRANS 1 MAXTRANS 255 NOCOMPRESS LOGGING
  STORAGE(INITIAL 65536 NEXT 1048576 MINEXTENTS 1 MAXEXTENTS 2147483645
  PCTINCREASE 0 FREELISTS 1 FREELIST GROUPS 1 BUFFER_POOL DEFAULT FLASH_CACHE DEFAULT CELL_FLASH_CACHE DEFAULT)
  TABLESPACE "TBS_TEAM1" ;

   COMMENT ON COLUMN "TEAM1"."NOTICE"."NOTICE_ID" IS '알림 테이블';
   COMMENT ON COLUMN "TEAM1"."NOTICE"."USER_ID" IS '알림 받은 회원';
   COMMENT ON COLUMN "TEAM1"."NOTICE"."N_CONTENT_ID" IS '알림상세내용에 대한 범례';
   COMMENT ON COLUMN "TEAM1"."NOTICE"."SEND_DATE" IS '알림INSERT 된 날짜';
   COMMENT ON COLUMN "TEAM1"."NOTICE"."OPEN_DATE" IS '열람하면 날짜 UPDATE';
--------------------------------------------------------
--  DDL for Table NOTICE_CONTENT
--------------------------------------------------------

  CREATE TABLE "TEAM1"."NOTICE_CONTENT" 
   (	"N_CONTENT_ID" NUMBER(1,0), 
	"CONTENT" VARCHAR2(1000 BYTE)
   ) SEGMENT CREATION IMMEDIATE 
  PCTFREE 10 PCTUSED 40 INITRANS 1 MAXTRANS 255 NOCOMPRESS LOGGING
  STORAGE(INITIAL 65536 NEXT 1048576 MINEXTENTS 1 MAXEXTENTS 2147483645
  PCTINCREASE 0 FREELISTS 1 FREELIST GROUPS 1 BUFFER_POOL DEFAULT FLASH_CACHE DEFAULT CELL_FLASH_CACHE DEFAULT)
  TABLESPACE "TBS_TEAM1" ;

   COMMENT ON COLUMN "TEAM1"."NOTICE_CONTENT"."N_CONTENT_ID" IS '알림상세내용에 대한 범례';
   COMMENT ON COLUMN "TEAM1"."NOTICE_CONTENT"."CONTENT" IS '1.모임이 확정 2.모임이 수정 3. 모임이 삭제  등등';
--------------------------------------------------------
--  DDL for Table PARTICIPANT_PENALTY
--------------------------------------------------------

  CREATE TABLE "TEAM1"."PARTICIPANT_PENALTY" 
   (	"P_PENALTY_ID" VARCHAR2(30 BYTE), 
	"PENALTY_TYPE_ID" NUMBER(1,0), 
	"PR_PROC_ID" VARCHAR2(30 BYTE)
   ) SEGMENT CREATION IMMEDIATE 
  PCTFREE 10 PCTUSED 40 INITRANS 1 MAXTRANS 255 NOCOMPRESS LOGGING
  STORAGE(INITIAL 65536 NEXT 1048576 MINEXTENTS 1 MAXEXTENTS 2147483645
  PCTINCREASE 0 FREELISTS 1 FREELIST GROUPS 1 BUFFER_POOL DEFAULT FLASH_CACHE DEFAULT CELL_FLASH_CACHE DEFAULT)
  TABLESPACE "TBS_TEAM1" ;

   COMMENT ON COLUMN "TEAM1"."PARTICIPANT_PENALTY"."P_PENALTY_ID" IS '모임참여자에 대한 패널티부여 내역';
   COMMENT ON COLUMN "TEAM1"."PARTICIPANT_PENALTY"."PENALTY_TYPE_ID" IS '1.사이트이용제한/2.모임생성및 참여제한';
   COMMENT ON COLUMN "TEAM1"."PARTICIPANT_PENALTY"."PR_PROC_ID" IS '관리자가 모임참여자신고 처리 내역';
--------------------------------------------------------
--  DDL for Table PARTICIPANT_REPORT
--------------------------------------------------------

  CREATE TABLE "TEAM1"."PARTICIPANT_REPORT" 
   (	"PARTICI_R_ID" VARCHAR2(30 BYTE), 
	"USER_ID" VARCHAR2(30 BYTE), 
	"REPORTED_ID" VARCHAR2(30 BYTE), 
	"CONTENT" VARCHAR2(1000 BYTE), 
	"REPORT_DATE" DATE DEFAULT SYSDATE
   ) SEGMENT CREATION IMMEDIATE 
  PCTFREE 10 PCTUSED 40 INITRANS 1 MAXTRANS 255 NOCOMPRESS LOGGING
  STORAGE(INITIAL 65536 NEXT 1048576 MINEXTENTS 1 MAXEXTENTS 2147483645
  PCTINCREASE 0 FREELISTS 1 FREELIST GROUPS 1 BUFFER_POOL DEFAULT FLASH_CACHE DEFAULT CELL_FLASH_CACHE DEFAULT)
  TABLESPACE "TBS_TEAM1" ;

   COMMENT ON COLUMN "TEAM1"."PARTICIPANT_REPORT"."PARTICI_R_ID" IS '모임평가에서 참여자 신고';
   COMMENT ON COLUMN "TEAM1"."PARTICIPANT_REPORT"."USER_ID" IS '신고한 회원ID';
   COMMENT ON COLUMN "TEAM1"."PARTICIPANT_REPORT"."REPORTED_ID" IS '신고받은 회원ID';
   COMMENT ON COLUMN "TEAM1"."PARTICIPANT_REPORT"."CONTENT" IS '신고자가 작성하는 내용';
   COMMENT ON COLUMN "TEAM1"."PARTICIPANT_REPORT"."REPORT_DATE" IS '신고요청날짜';
--------------------------------------------------------
--  DDL for Table PARTICIPANT_REPORT_PROCESS
--------------------------------------------------------

  CREATE TABLE "TEAM1"."PARTICIPANT_REPORT_PROCESS" 
   (	"PR_PROC_ID" VARCHAR2(30 BYTE), 
	"PARTICI_R_ID" VARCHAR2(30 BYTE), 
	"ADMIN_ID" VARCHAR2(30 BYTE), 
	"PROC_STATUS_ID" NUMBER(1,0), 
	"PROCESS_DATE" DATE DEFAULT SYSDATE
   ) SEGMENT CREATION IMMEDIATE 
  PCTFREE 10 PCTUSED 40 INITRANS 1 MAXTRANS 255 NOCOMPRESS LOGGING
  STORAGE(INITIAL 65536 NEXT 1048576 MINEXTENTS 1 MAXEXTENTS 2147483645
  PCTINCREASE 0 FREELISTS 1 FREELIST GROUPS 1 BUFFER_POOL DEFAULT FLASH_CACHE DEFAULT CELL_FLASH_CACHE DEFAULT)
  TABLESPACE "TBS_TEAM1" ;

   COMMENT ON COLUMN "TEAM1"."PARTICIPANT_REPORT_PROCESS"."PR_PROC_ID" IS '관리자가 모임참여자신고 처리 내역';
   COMMENT ON COLUMN "TEAM1"."PARTICIPANT_REPORT_PROCESS"."PARTICI_R_ID" IS '모임평가에서 참여자 신고';
   COMMENT ON COLUMN "TEAM1"."PARTICIPANT_REPORT_PROCESS"."ADMIN_ID" IS '신고처리자(관리자만 가능)';
   COMMENT ON COLUMN "TEAM1"."PARTICIPANT_REPORT_PROCESS"."PROC_STATUS_ID" IS '1.승인 2.허위신고 3.반려';
   COMMENT ON COLUMN "TEAM1"."PARTICIPANT_REPORT_PROCESS"."PROCESS_DATE" IS '신고를 처리한 날짜 , 패널티 시작일과 같다';
--------------------------------------------------------
--  DDL for Table PARTICIPATED_MEMBER
--------------------------------------------------------

  CREATE TABLE "TEAM1"."PARTICIPATED_MEMBER" 
   (	"P_MEMBER_ID" VARCHAR2(30 BYTE), 
	"USER_ID" VARCHAR2(30 BYTE), 
	"RIDING_ID" VARCHAR2(30 BYTE), 
	"PARTICI_DATE" DATE DEFAULT SYSDATE
   ) SEGMENT CREATION IMMEDIATE 
  PCTFREE 10 PCTUSED 40 INITRANS 1 MAXTRANS 255 NOCOMPRESS LOGGING
  STORAGE(INITIAL 65536 NEXT 1048576 MINEXTENTS 1 MAXEXTENTS 2147483645
  PCTINCREASE 0 FREELISTS 1 FREELIST GROUPS 1 BUFFER_POOL DEFAULT FLASH_CACHE DEFAULT CELL_FLASH_CACHE DEFAULT)
  TABLESPACE "TBS_TEAM1" ;

   COMMENT ON COLUMN "TEAM1"."PARTICIPATED_MEMBER"."P_MEMBER_ID" IS '모임에 참여한 참여자들 하나하나(방장 포함)';
   COMMENT ON COLUMN "TEAM1"."PARTICIPATED_MEMBER"."USER_ID" IS '라이딩 참여자';
   COMMENT ON COLUMN "TEAM1"."PARTICIPATED_MEMBER"."RIDING_ID" IS '참여자가 참여한 모임 ID';
   COMMENT ON COLUMN "TEAM1"."PARTICIPATED_MEMBER"."PARTICI_DATE" IS '확정일전까지는 DEL / 모임속성변경 신청일 NULL로 U0PDATE';
--------------------------------------------------------
--  DDL for Table PENALTY_TYPE
--------------------------------------------------------

  CREATE TABLE "TEAM1"."PENALTY_TYPE" 
   (	"PENALTY_TYPE_ID" NUMBER(1,0), 
	"CONTENT" VARCHAR2(100 BYTE)
   ) SEGMENT CREATION IMMEDIATE 
  PCTFREE 10 PCTUSED 40 INITRANS 1 MAXTRANS 255 NOCOMPRESS LOGGING
  STORAGE(INITIAL 65536 NEXT 1048576 MINEXTENTS 1 MAXEXTENTS 2147483645
  PCTINCREASE 0 FREELISTS 1 FREELIST GROUPS 1 BUFFER_POOL DEFAULT FLASH_CACHE DEFAULT CELL_FLASH_CACHE DEFAULT)
  TABLESPACE "TBS_TEAM1" ;

   COMMENT ON COLUMN "TEAM1"."PENALTY_TYPE"."PENALTY_TYPE_ID" IS '패널티종류에 대한 범례';
   COMMENT ON COLUMN "TEAM1"."PENALTY_TYPE"."CONTENT" IS '1.사이트이용제한 / 2.모임생성 및 참여제한';
--------------------------------------------------------
--  DDL for Table PROFILE
--------------------------------------------------------

  CREATE TABLE "TEAM1"."PROFILE" 
   (	"PROFILE_ID" VARCHAR2(30 BYTE), 
	"USER_ID" VARCHAR2(30 BYTE), 
	"MOOD_P_ID" NUMBER(1,0), 
	"EAT_P_ID" NUMBER(1,0), 
	"PIMG_ID" CHAR(1 BYTE), 
	"DINING_P_ID" NUMBER(1,0), 
	"SEX_P_ID" CHAR(1 BYTE), 
	"AGE_P_ID" CHAR(1 BYTE), 
	"EMAIL" VARCHAR2(50 BYTE), 
	"BIRTHDAY" DATE, 
	"SEX" CHAR(1 BYTE), 
	"PASSWORD" VARCHAR2(30 BYTE), 
	"NICKNAME" VARCHAR2(50 BYTE), 
	"INTRODUCE" VARCHAR2(400 BYTE)
   ) SEGMENT CREATION IMMEDIATE 
  PCTFREE 10 PCTUSED 40 INITRANS 1 MAXTRANS 255 NOCOMPRESS LOGGING
  STORAGE(INITIAL 65536 NEXT 1048576 MINEXTENTS 1 MAXEXTENTS 2147483645
  PCTINCREASE 0 FREELISTS 1 FREELIST GROUPS 1 BUFFER_POOL DEFAULT FLASH_CACHE DEFAULT CELL_FLASH_CACHE DEFAULT)
  TABLESPACE "TBS_TEAM1" ;

   COMMENT ON COLUMN "TEAM1"."PROFILE"."PROFILE_ID" IS '개인정보ID';
   COMMENT ON COLUMN "TEAM1"."PROFILE"."USER_ID" IS '회원참조는 회원생성테이블을 참조함';
   COMMENT ON COLUMN "TEAM1"."PROFILE"."MOOD_P_ID" IS '0제한없음/1침묵/2친목';
   COMMENT ON COLUMN "TEAM1"."PROFILE"."EAT_P_ID" IS '0상관없음/1식사해요/2식사안해요';
   COMMENT ON COLUMN "TEAM1"."PROFILE"."PIMG_ID" IS '프로필 사진 IMG 주소';
   COMMENT ON COLUMN "TEAM1"."PROFILE"."DINING_P_ID" IS '0 제한없음 / 1회식해요 / 2회식안해요';
   COMMENT ON COLUMN "TEAM1"."PROFILE"."SEX_P_ID" IS 'T / F';
   COMMENT ON COLUMN "TEAM1"."PROFILE"."AGE_P_ID" IS 'T /F';
   COMMENT ON COLUMN "TEAM1"."PROFILE"."EMAIL" IS '@';
   COMMENT ON COLUMN "TEAM1"."PROFILE"."BIRTHDAY" IS '1998-06-06';
   COMMENT ON COLUMN "TEAM1"."PROFILE"."SEX" IS 'M 남자 / F 여자';
   COMMENT ON COLUMN "TEAM1"."PROFILE"."PASSWORD" IS '비번';
   COMMENT ON COLUMN "TEAM1"."PROFILE"."NICKNAME" IS '금지어 지정해둠';
   COMMENT ON COLUMN "TEAM1"."PROFILE"."INTRODUCE" IS '회원한줄소개';
--------------------------------------------------------
--  DDL for Table PROFILE_IMG
--------------------------------------------------------

  CREATE TABLE "TEAM1"."PROFILE_IMG" 
   (	"PIMG_ID" CHAR(1 BYTE), 
	"PI_ADDRESS" VARCHAR2(1000 BYTE)
   ) SEGMENT CREATION IMMEDIATE 
  PCTFREE 10 PCTUSED 40 INITRANS 1 MAXTRANS 255 NOCOMPRESS LOGGING
  STORAGE(INITIAL 65536 NEXT 1048576 MINEXTENTS 1 MAXEXTENTS 2147483645
  PCTINCREASE 0 FREELISTS 1 FREELIST GROUPS 1 BUFFER_POOL DEFAULT FLASH_CACHE DEFAULT CELL_FLASH_CACHE DEFAULT)
  TABLESPACE "TBS_TEAM1" ;

   COMMENT ON COLUMN "TEAM1"."PROFILE_IMG"."PIMG_ID" IS '프로필 사진 저장하는 테이블 (범례)';
   COMMENT ON COLUMN "TEAM1"."PROFILE_IMG"."PI_ADDRESS" IS 'IMG 주소값';
--------------------------------------------------------
--  DDL for Table QUESTION
--------------------------------------------------------

  CREATE TABLE "TEAM1"."QUESTION" 
   (	"QUESTION_ID" VARCHAR2(30 BYTE), 
	"EV_TYPE_ID" VARCHAR2(30 BYTE), 
	"QU_CONTENT" VARCHAR2(100 BYTE), 
	"POINT" NUMBER
   ) SEGMENT CREATION IMMEDIATE 
  PCTFREE 10 PCTUSED 40 INITRANS 1 MAXTRANS 255 NOCOMPRESS LOGGING
  STORAGE(INITIAL 65536 NEXT 1048576 MINEXTENTS 1 MAXEXTENTS 2147483645
  PCTINCREASE 0 FREELISTS 1 FREELIST GROUPS 1 BUFFER_POOL DEFAULT FLASH_CACHE DEFAULT CELL_FLASH_CACHE DEFAULT)
  TABLESPACE "TBS_TEAM1" ;

   COMMENT ON COLUMN "TEAM1"."QUESTION"."QUESTION_ID" IS '평가문항 내용과 할당 점수 범례';
   COMMENT ON COLUMN "TEAM1"."QUESTION"."EV_TYPE_ID" IS '매너/리더십/체력';
   COMMENT ON COLUMN "TEAM1"."QUESTION"."QU_CONTENT" IS '가장 친절한 사람은?';
   COMMENT ON COLUMN "TEAM1"."QUESTION"."POINT" IS '문항에 따른 점수';
--------------------------------------------------------
--  DDL for Table REPORT_PROCESS_STATUS
--------------------------------------------------------

  CREATE TABLE "TEAM1"."REPORT_PROCESS_STATUS" 
   (	"REPORT_STATUS_ID" NUMBER(1,0), 
	"CONTENT" VARCHAR2(300 BYTE)
   ) SEGMENT CREATION IMMEDIATE 
  PCTFREE 10 PCTUSED 40 INITRANS 1 MAXTRANS 255 NOCOMPRESS LOGGING
  STORAGE(INITIAL 65536 NEXT 1048576 MINEXTENTS 1 MAXEXTENTS 2147483645
  PCTINCREASE 0 FREELISTS 1 FREELIST GROUPS 1 BUFFER_POOL DEFAULT FLASH_CACHE DEFAULT CELL_FLASH_CACHE DEFAULT)
  TABLESPACE "TBS_TEAM1" ;

   COMMENT ON COLUMN "TEAM1"."REPORT_PROCESS_STATUS"."REPORT_STATUS_ID" IS '신고처리에 대한 분류 범례';
   COMMENT ON COLUMN "TEAM1"."REPORT_PROCESS_STATUS"."CONTENT" IS '1.승인_패널티처리 / 2.승인-허위신고 / 3. 반려';
--------------------------------------------------------
--  DDL for Table RESTAURANT
--------------------------------------------------------

  CREATE TABLE "TEAM1"."RESTAURANT" 
   (	"RESTAURANT_ID" VARCHAR2(30 BYTE), 
	"USER_ID" VARCHAR2(30 BYTE), 
	"LATITUDE" VARCHAR2(500 BYTE), 
	"LONGITUDE" VARCHAR2(500 BYTE), 
	"RESTA_NAME" VARCHAR2(100 BYTE), 
	"REGISTER_DATE" DATE DEFAULT SYSDATE, 
	"ADDRESS" VARCHAR2(500 BYTE), 
	"DETAIL_ADDRESS" VARCHAR2(500 BYTE)
   ) SEGMENT CREATION IMMEDIATE 
  PCTFREE 10 PCTUSED 40 INITRANS 1 MAXTRANS 255 NOCOMPRESS LOGGING
  STORAGE(INITIAL 65536 NEXT 1048576 MINEXTENTS 1 MAXEXTENTS 2147483645
  PCTINCREASE 0 FREELISTS 1 FREELIST GROUPS 1 BUFFER_POOL DEFAULT FLASH_CACHE DEFAULT CELL_FLASH_CACHE DEFAULT)
  TABLESPACE "TBS_TEAM1" ;

   COMMENT ON COLUMN "TEAM1"."RESTAURANT"."RESTAURANT_ID" IS '맛집 하나에 대한 테이블';
   COMMENT ON COLUMN "TEAM1"."RESTAURANT"."USER_ID" IS '맛집등록자(회원)';
   COMMENT ON COLUMN "TEAM1"."RESTAURANT"."LATITUDE" IS '지도X';
   COMMENT ON COLUMN "TEAM1"."RESTAURANT"."LONGITUDE" IS '지도Y';
   COMMENT ON COLUMN "TEAM1"."RESTAURANT"."RESTA_NAME" IS '맛집이름(홍대순대국처럼)';
   COMMENT ON COLUMN "TEAM1"."RESTAURANT"."REGISTER_DATE" IS '맛집 등록한 날짜';
   COMMENT ON COLUMN "TEAM1"."RESTAURANT"."ADDRESS" IS '도로명 / 지번';
   COMMENT ON COLUMN "TEAM1"."RESTAURANT"."DETAIL_ADDRESS" IS '동호수, 건물';
--------------------------------------------------------
--  DDL for Table RESTAURANT_DELETE_REQ
--------------------------------------------------------

  CREATE TABLE "TEAM1"."RESTAURANT_DELETE_REQ" 
   (	"R_DELETE_ID" VARCHAR2(30 BYTE), 
	"RESTAURANT_ID" VARCHAR2(30 BYTE), 
	"REQ_USER_ID" VARCHAR2(30 BYTE), 
	"ADMIN_ID" VARCHAR2(30 BYTE), 
	"CONTENT" VARCHAR2(1000 BYTE), 
	"REQUEST_DATE" DATE DEFAULT SYSDATE, 
	"OPEN_DATE" DATE, 
	"ACCEPT_DATE" DATE
   ) SEGMENT CREATION IMMEDIATE 
  PCTFREE 10 PCTUSED 40 INITRANS 1 MAXTRANS 255 NOCOMPRESS LOGGING
  STORAGE(INITIAL 65536 NEXT 1048576 MINEXTENTS 1 MAXEXTENTS 2147483645
  PCTINCREASE 0 FREELISTS 1 FREELIST GROUPS 1 BUFFER_POOL DEFAULT FLASH_CACHE DEFAULT CELL_FLASH_CACHE DEFAULT)
  TABLESPACE "TBS_TEAM1" ;

   COMMENT ON COLUMN "TEAM1"."RESTAURANT_DELETE_REQ"."R_DELETE_ID" IS '회원이 맛집에 대한 삭제를 요청';
   COMMENT ON COLUMN "TEAM1"."RESTAURANT_DELETE_REQ"."RESTAURANT_ID" IS '삭제가 필요한 맛집ID';
   COMMENT ON COLUMN "TEAM1"."RESTAURANT_DELETE_REQ"."REQ_USER_ID" IS '삭제요청자';
   COMMENT ON COLUMN "TEAM1"."RESTAURANT_DELETE_REQ"."ADMIN_ID" IS '맛집삭제승인자(관리자)';
   COMMENT ON COLUMN "TEAM1"."RESTAURANT_DELETE_REQ"."CONTENT" IS '삭제요청할때 회원이 적는 내용';
   COMMENT ON COLUMN "TEAM1"."RESTAURANT_DELETE_REQ"."REQUEST_DATE" IS '삭제요청할때 INSERT되는 날짜';
   COMMENT ON COLUMN "TEAM1"."RESTAURANT_DELETE_REQ"."OPEN_DATE" IS '관리자가 해당 요청을 확인한 날짜(NULL가능)';
   COMMENT ON COLUMN "TEAM1"."RESTAURANT_DELETE_REQ"."ACCEPT_DATE" IS '관리자가 해당 맛집을 삭제하면 UPDATE된다.';
--------------------------------------------------------
--  DDL for Table RESTAURANT_REVIEW
--------------------------------------------------------

  CREATE TABLE "TEAM1"."RESTAURANT_REVIEW" 
   (	"R_REVIEW_ID" VARCHAR2(30 BYTE), 
	"RESTAURANT_ID" VARCHAR2(30 BYTE), 
	"USER_ID" VARCHAR2(30 BYTE), 
	"CONTENT" VARCHAR2(1000 BYTE), 
	"CREATED_DATE" DATE DEFAULT SYSDATE, 
	"VIEWS" NUMBER DEFAULT 0
   ) SEGMENT CREATION IMMEDIATE 
  PCTFREE 10 PCTUSED 40 INITRANS 1 MAXTRANS 255 NOCOMPRESS LOGGING
  STORAGE(INITIAL 65536 NEXT 1048576 MINEXTENTS 1 MAXEXTENTS 2147483645
  PCTINCREASE 0 FREELISTS 1 FREELIST GROUPS 1 BUFFER_POOL DEFAULT FLASH_CACHE DEFAULT CELL_FLASH_CACHE DEFAULT)
  TABLESPACE "TBS_TEAM1" ;

   COMMENT ON COLUMN "TEAM1"."RESTAURANT_REVIEW"."R_REVIEW_ID" IS '맛집 후기 게시글';
   COMMENT ON COLUMN "TEAM1"."RESTAURANT_REVIEW"."RESTAURANT_ID" IS '게시글이 참조하는 맛집 ID';
   COMMENT ON COLUMN "TEAM1"."RESTAURANT_REVIEW"."USER_ID" IS '맛집후기작성자';
   COMMENT ON COLUMN "TEAM1"."RESTAURANT_REVIEW"."CONTENT" IS '후기 내용';
   COMMENT ON COLUMN "TEAM1"."RESTAURANT_REVIEW"."CREATED_DATE" IS '작성한 날짜';
   COMMENT ON COLUMN "TEAM1"."RESTAURANT_REVIEW"."VIEWS" IS '조회수';
--------------------------------------------------------
--  DDL for Table RESTAURANT_UPDATE_REQ
--------------------------------------------------------

  CREATE TABLE "TEAM1"."RESTAURANT_UPDATE_REQ" 
   (	"R_UPDATE_ID" VARCHAR2(30 BYTE), 
	"RESTAURANT_ID" VARCHAR2(30 BYTE), 
	"REQ_USER_ID" VARCHAR2(30 BYTE), 
	"ADMIN_ID" VARCHAR2(30 BYTE), 
	"RESTA_NAME" VARCHAR2(100 BYTE), 
	"LATITUDE" VARCHAR2(500 BYTE), 
	"LONGITUDE" VARCHAR2(500 BYTE), 
	"ADDRESS" VARCHAR2(500 BYTE), 
	"DETAIL_ADDRESS" VARCHAR2(500 BYTE), 
	"CONTENT" VARCHAR2(1000 BYTE), 
	"REQUEST_DATE" DATE DEFAULT SYSDATE, 
	"OPEN_DATE" DATE, 
	"ACCEPT_DATE" DATE
   ) SEGMENT CREATION IMMEDIATE 
  PCTFREE 10 PCTUSED 40 INITRANS 1 MAXTRANS 255 NOCOMPRESS LOGGING
  STORAGE(INITIAL 65536 NEXT 1048576 MINEXTENTS 1 MAXEXTENTS 2147483645
  PCTINCREASE 0 FREELISTS 1 FREELIST GROUPS 1 BUFFER_POOL DEFAULT FLASH_CACHE DEFAULT CELL_FLASH_CACHE DEFAULT)
  TABLESPACE "TBS_TEAM1" ;

   COMMENT ON COLUMN "TEAM1"."RESTAURANT_UPDATE_REQ"."R_UPDATE_ID" IS '회원이 맛집 수정을 요청할 때';
   COMMENT ON COLUMN "TEAM1"."RESTAURANT_UPDATE_REQ"."RESTAURANT_ID" IS '수정이 필요한 맛집 ID';
   COMMENT ON COLUMN "TEAM1"."RESTAURANT_UPDATE_REQ"."REQ_USER_ID" IS '수정요청자';
   COMMENT ON COLUMN "TEAM1"."RESTAURANT_UPDATE_REQ"."ADMIN_ID" IS '맛집수정승인자(관리자)';
   COMMENT ON COLUMN "TEAM1"."RESTAURANT_UPDATE_REQ"."RESTA_NAME" IS '맛집 이름';
   COMMENT ON COLUMN "TEAM1"."RESTAURANT_UPDATE_REQ"."LATITUDE" IS '지도 좌표 X';
   COMMENT ON COLUMN "TEAM1"."RESTAURANT_UPDATE_REQ"."LONGITUDE" IS '지도 좌표Y';
   COMMENT ON COLUMN "TEAM1"."RESTAURANT_UPDATE_REQ"."ADDRESS" IS '도로명 / 지번';
   COMMENT ON COLUMN "TEAM1"."RESTAURANT_UPDATE_REQ"."DETAIL_ADDRESS" IS '동호수';
   COMMENT ON COLUMN "TEAM1"."RESTAURANT_UPDATE_REQ"."CONTENT" IS '수정요청할때 회원이 적는 내용';
   COMMENT ON COLUMN "TEAM1"."RESTAURANT_UPDATE_REQ"."REQUEST_DATE" IS '회원이 수정요청할 때 날짜';
   COMMENT ON COLUMN "TEAM1"."RESTAURANT_UPDATE_REQ"."OPEN_DATE" IS '관리자가 해당 요청을 확인한 날짜(NULL 값이면 확인 안한거)';
   COMMENT ON COLUMN "TEAM1"."RESTAURANT_UPDATE_REQ"."ACCEPT_DATE" IS '관리자가 해당 요청을 승인한 날짜(날짜가 기입되면 맛집은 수정된다)';
--------------------------------------------------------
--  DDL for Table REVIEW_PENALTY
--------------------------------------------------------

  CREATE TABLE "TEAM1"."REVIEW_PENALTY" 
   (	"R_PENALTY_ID" VARCHAR2(30 BYTE), 
	"PENALTY_TYPE_ID" NUMBER(1,0), 
	"RR_PROC_ID" VARCHAR2(30 BYTE)
   ) SEGMENT CREATION IMMEDIATE 
  PCTFREE 10 PCTUSED 40 INITRANS 1 MAXTRANS 255 NOCOMPRESS LOGGING
  STORAGE(INITIAL 65536 NEXT 1048576 MINEXTENTS 1 MAXEXTENTS 2147483645
  PCTINCREASE 0 FREELISTS 1 FREELIST GROUPS 1 BUFFER_POOL DEFAULT FLASH_CACHE DEFAULT CELL_FLASH_CACHE DEFAULT)
  TABLESPACE "TBS_TEAM1" ;

   COMMENT ON COLUMN "TEAM1"."REVIEW_PENALTY"."PENALTY_TYPE_ID" IS '1.사이트이용제한 / 2.모임생성 및 참여제한';
   COMMENT ON COLUMN "TEAM1"."REVIEW_PENALTY"."RR_PROC_ID" IS '맛집후기에 대한 신고를 관리자가 처리한 내역';
--------------------------------------------------------
--  DDL for Table REVIEW_REPORT
--------------------------------------------------------

  CREATE TABLE "TEAM1"."REVIEW_REPORT" 
   (	"REVIEW_R_ID" VARCHAR2(30 BYTE), 
	"USER_ID" VARCHAR2(30 BYTE), 
	"R_REVIEW_ID" VARCHAR2(30 BYTE), 
	"CONTENT" VARCHAR2(1000 BYTE), 
	"REPORT_DATE" DATE DEFAULT SYSDATE
   ) SEGMENT CREATION IMMEDIATE 
  PCTFREE 10 PCTUSED 40 INITRANS 1 MAXTRANS 255 NOCOMPRESS LOGGING
  STORAGE(INITIAL 65536 NEXT 1048576 MINEXTENTS 1 MAXEXTENTS 2147483645
  PCTINCREASE 0 FREELISTS 1 FREELIST GROUPS 1 BUFFER_POOL DEFAULT FLASH_CACHE DEFAULT CELL_FLASH_CACHE DEFAULT)
  TABLESPACE "TBS_TEAM1" ;

   COMMENT ON COLUMN "TEAM1"."REVIEW_REPORT"."REVIEW_R_ID" IS '맛집 후기에 대한 신고요청';
   COMMENT ON COLUMN "TEAM1"."REVIEW_REPORT"."USER_ID" IS '신고한 회원ID';
   COMMENT ON COLUMN "TEAM1"."REVIEW_REPORT"."R_REVIEW_ID" IS '신고받은 게시글ID';
   COMMENT ON COLUMN "TEAM1"."REVIEW_REPORT"."CONTENT" IS '신고자가 입력하는 내용';
   COMMENT ON COLUMN "TEAM1"."REVIEW_REPORT"."REPORT_DATE" IS '신고요청일';
--------------------------------------------------------
--  DDL for Table REVIEW_REPORT_PROCESS
--------------------------------------------------------

  CREATE TABLE "TEAM1"."REVIEW_REPORT_PROCESS" 
   (	"RR_PROC_ID" VARCHAR2(30 BYTE), 
	"REVIEW_R_ID" VARCHAR2(30 BYTE), 
	"ADMIN_ID" VARCHAR2(30 BYTE), 
	"PROC_STATUS_ID" NUMBER(1,0), 
	"PROCESS_DATE" DATE DEFAULT SYSDATE
   ) SEGMENT CREATION IMMEDIATE 
  PCTFREE 10 PCTUSED 40 INITRANS 1 MAXTRANS 255 NOCOMPRESS LOGGING
  STORAGE(INITIAL 65536 NEXT 1048576 MINEXTENTS 1 MAXEXTENTS 2147483645
  PCTINCREASE 0 FREELISTS 1 FREELIST GROUPS 1 BUFFER_POOL DEFAULT FLASH_CACHE DEFAULT CELL_FLASH_CACHE DEFAULT)
  TABLESPACE "TBS_TEAM1" ;

   COMMENT ON COLUMN "TEAM1"."REVIEW_REPORT_PROCESS"."RR_PROC_ID" IS '맛집후기에 대한 신고를 관리자가 처리한 내역';
   COMMENT ON COLUMN "TEAM1"."REVIEW_REPORT_PROCESS"."REVIEW_R_ID" IS '맛집후기에 대한 신고요청ID';
   COMMENT ON COLUMN "TEAM1"."REVIEW_REPORT_PROCESS"."ADMIN_ID" IS '신고처리자(관리자만 가능)';
   COMMENT ON COLUMN "TEAM1"."REVIEW_REPORT_PROCESS"."PROC_STATUS_ID" IS '1.승인_패널티부여 2.승인_허위신고 3.반려';
   COMMENT ON COLUMN "TEAM1"."REVIEW_REPORT_PROCESS"."PROCESS_DATE" IS '처리일은 패널티시작일이다';
--------------------------------------------------------
--  DDL for Table RIDING
--------------------------------------------------------

  CREATE TABLE "TEAM1"."RIDING" 
   (	"RIDING_ID" VARCHAR2(30 BYTE), 
	"LEADER_ID" VARCHAR2(30 BYTE), 
	"STEP_ID" NUMBER(1,0), 
	"SPEED_ID" NUMBER(1,0), 
	"MOOD_P_ID" NUMBER(1,0), 
	"DINING_P_ID" NUMBER(1,0), 
	"EAT_P_ID" NUMBER(1,0), 
	"AGE_P_ID" CHAR(1 BYTE), 
	"SEX_P_ID" CHAR(1 BYTE), 
	"EV_GRADE_ID" NUMBER(1,0), 
	"RIDING_NAME" VARCHAR2(300 BYTE), 
	"START_DATE" DATE, 
	"END_DATE" DATE, 
	"CREATED_DATE" DATE DEFAULT SYSDATE, 
	"MAXIMUM" NUMBER(1,0), 
	"MEET_LATI" VARCHAR2(500 BYTE), 
	"MEET_LONGI" VARCHAR2(500 BYTE), 
	"MEET_ADDRESS" VARCHAR2(500 BYTE), 
	"MEET_DETAIL" VARCHAR2(500 BYTE), 
	"START_LATI" VARCHAR2(500 BYTE), 
	"START_LONGI" VARCHAR2(500 BYTE), 
	"START_ADDRESS" VARCHAR2(500 BYTE), 
	"START_DETAIL" VARCHAR2(500 BYTE), 
	"END_LATI" VARCHAR2(500 BYTE), 
	"END_LONGI" VARCHAR2(500 BYTE), 
	"END_ADDRESS" VARCHAR2(500 BYTE), 
	"END_DETAIL" VARCHAR2(500 BYTE), 
	"CONFIRM_DATE" DATE, 
	"COMMENTS" VARCHAR2(1000 BYTE)
   ) SEGMENT CREATION IMMEDIATE 
  PCTFREE 10 PCTUSED 40 INITRANS 1 MAXTRANS 255 NOCOMPRESS LOGGING
  STORAGE(INITIAL 65536 NEXT 1048576 MINEXTENTS 1 MAXEXTENTS 2147483645
  PCTINCREASE 0 FREELISTS 1 FREELIST GROUPS 1 BUFFER_POOL DEFAULT FLASH_CACHE DEFAULT CELL_FLASH_CACHE DEFAULT)
  TABLESPACE "TBS_TEAM1" ;

   COMMENT ON COLUMN "TEAM1"."RIDING"."RIDING_ID" IS '다인 모임 라이딩';
   COMMENT ON COLUMN "TEAM1"."RIDING"."LEADER_ID" IS '방을 생성한 회원ID';
   COMMENT ON COLUMN "TEAM1"."RIDING"."STEP_ID" IS '방을 나타내는 숙련도 범례';
   COMMENT ON COLUMN "TEAM1"."RIDING"."SPEED_ID" IS '방을 나타내는 속도 범례';
   COMMENT ON COLUMN "TEAM1"."RIDING"."MOOD_P_ID" IS '방을 나타내는 분위기 범례';
   COMMENT ON COLUMN "TEAM1"."RIDING"."DINING_P_ID" IS '방을 나타내는 회식 범례';
   COMMENT ON COLUMN "TEAM1"."RIDING"."EAT_P_ID" IS '방을 나타내는 식사 범례';
   COMMENT ON COLUMN "TEAM1"."RIDING"."AGE_P_ID" IS '방을 나타내는 연령 제한 범례';
   COMMENT ON COLUMN "TEAM1"."RIDING"."SEX_P_ID" IS '방을 나타내는 성별 제한 범례';
   COMMENT ON COLUMN "TEAM1"."RIDING"."EV_GRADE_ID" IS '여기가 만약 3이면  3,4,5 만 참여 가능 / 선택 가능한건 방장 등급3이면 여기에 적을 수 있는건 1,2,3이다.';
   COMMENT ON COLUMN "TEAM1"."RIDING"."RIDING_NAME" IS '모임이름';
   COMMENT ON COLUMN "TEAM1"."RIDING"."START_DATE" IS '모임 시작 장소에 모이는 날짜랑 시간';
   COMMENT ON COLUMN "TEAM1"."RIDING"."END_DATE" IS '라이딩 종료 날짜랑 시간';
   COMMENT ON COLUMN "TEAM1"."RIDING"."CREATED_DATE" IS '모임을 생성한 날짜 테이블에 INSERT때';
   COMMENT ON COLUMN "TEAM1"."RIDING"."MAXIMUM" IS '최대인원수 2~9명';
   COMMENT ON COLUMN "TEAM1"."RIDING"."MEET_LATI" IS '모임 시작 장소 좌표 x';
   COMMENT ON COLUMN "TEAM1"."RIDING"."MEET_LONGI" IS '모임 시작 장소 좌표 y';
   COMMENT ON COLUMN "TEAM1"."RIDING"."MEET_ADDRESS" IS '모임 시작 장소 도로명 / 지번';
   COMMENT ON COLUMN "TEAM1"."RIDING"."MEET_DETAIL" IS '모임 시작 장소 동호수,건물';
   COMMENT ON COLUMN "TEAM1"."RIDING"."START_LATI" IS '라이딩 출발 장소 좌표 x';
   COMMENT ON COLUMN "TEAM1"."RIDING"."START_LONGI" IS '라이딩 출발 장소 좌표 y';
   COMMENT ON COLUMN "TEAM1"."RIDING"."START_ADDRESS" IS '라이딩 출발 장소 도로명 / 지번';
   COMMENT ON COLUMN "TEAM1"."RIDING"."START_DETAIL" IS '라이딩 출발 장소 동호수, 건물';
   COMMENT ON COLUMN "TEAM1"."RIDING"."END_LATI" IS '라이딩 도착 장소 좌표 x';
   COMMENT ON COLUMN "TEAM1"."RIDING"."END_LONGI" IS '라이딩 도착 장소 좌표 y';
   COMMENT ON COLUMN "TEAM1"."RIDING"."END_ADDRESS" IS '라이딩 도착 장소 도로명  / 지번';
   COMMENT ON COLUMN "TEAM1"."RIDING"."END_DETAIL" IS '라이딩 도착 장소 동호수, 건물';
   COMMENT ON COLUMN "TEAM1"."RIDING"."CONFIRM_DATE" IS '방장이 모임을 확정하는 날짜';
--------------------------------------------------------
--  DDL for Table RIDING_POINT
--------------------------------------------------------

  CREATE TABLE "TEAM1"."RIDING_POINT" 
   (	"POINT_ID" VARCHAR2(30 BYTE), 
	"RIDING_ID" VARCHAR2(30 BYTE), 
	"LATITUDE" VARCHAR2(500 BYTE), 
	"LONGITUDE" VARCHAR2(500 BYTE), 
	"ADDRESS" VARCHAR2(500 BYTE), 
	"DETAIL_ADDRESS" VARCHAR2(500 BYTE)
   ) SEGMENT CREATION IMMEDIATE 
  PCTFREE 10 PCTUSED 40 INITRANS 1 MAXTRANS 255 NOCOMPRESS LOGGING
  STORAGE(INITIAL 65536 NEXT 1048576 MINEXTENTS 1 MAXEXTENTS 2147483645
  PCTINCREASE 0 FREELISTS 1 FREELIST GROUPS 1 BUFFER_POOL DEFAULT FLASH_CACHE DEFAULT CELL_FLASH_CACHE DEFAULT)
  TABLESPACE "TBS_TEAM1" ;

   COMMENT ON COLUMN "TEAM1"."RIDING_POINT"."POINT_ID" IS '같은 모임에 대한 경유지는 5개';
   COMMENT ON COLUMN "TEAM1"."RIDING_POINT"."RIDING_ID" IS '경유지를 포함하는 모임 ID';
   COMMENT ON COLUMN "TEAM1"."RIDING_POINT"."LATITUDE" IS '경유지 좌표 X';
   COMMENT ON COLUMN "TEAM1"."RIDING_POINT"."LONGITUDE" IS '경유지 좌표 Y';
   COMMENT ON COLUMN "TEAM1"."RIDING_POINT"."ADDRESS" IS '경유지 도로명 / 지번';
   COMMENT ON COLUMN "TEAM1"."RIDING_POINT"."DETAIL_ADDRESS" IS '경유지 동호수, 건물';
--------------------------------------------------------
--  DDL for Table RIDING_RECORD
--------------------------------------------------------

  CREATE TABLE "TEAM1"."RIDING_RECORD" 
   (	"RECORD_ID" VARCHAR2(30 BYTE), 
	"P_MEMBER_ID" VARCHAR2(30 BYTE)
   ) SEGMENT CREATION IMMEDIATE 
  PCTFREE 10 PCTUSED 40 INITRANS 1 MAXTRANS 255 NOCOMPRESS LOGGING
  STORAGE(INITIAL 65536 NEXT 1048576 MINEXTENTS 1 MAXEXTENTS 2147483645
  PCTINCREASE 0 FREELISTS 1 FREELIST GROUPS 1 BUFFER_POOL DEFAULT FLASH_CACHE DEFAULT CELL_FLASH_CACHE DEFAULT)
  TABLESPACE "TBS_TEAM1" ;

   COMMENT ON COLUMN "TEAM1"."RIDING_RECORD"."RECORD_ID" IS '다인모임기록';
   COMMENT ON COLUMN "TEAM1"."RIDING_RECORD"."P_MEMBER_ID" IS '참여자 + 모임 정보';
--------------------------------------------------------
--  DDL for Table SEX_PREFERENCE
--------------------------------------------------------

  CREATE TABLE "TEAM1"."SEX_PREFERENCE" 
   (	"SEX_P_ID" CHAR(1 BYTE), 
	"SP_CONTENT" VARCHAR2(100 BYTE)
   ) SEGMENT CREATION IMMEDIATE 
  PCTFREE 10 PCTUSED 40 INITRANS 1 MAXTRANS 255 NOCOMPRESS LOGGING
  STORAGE(INITIAL 65536 NEXT 1048576 MINEXTENTS 1 MAXEXTENTS 2147483645
  PCTINCREASE 0 FREELISTS 1 FREELIST GROUPS 1 BUFFER_POOL DEFAULT FLASH_CACHE DEFAULT CELL_FLASH_CACHE DEFAULT)
  TABLESPACE "TBS_TEAM1" ;

   COMMENT ON COLUMN "TEAM1"."SEX_PREFERENCE"."SEX_P_ID" IS '성별제한선호에 대한 범례';
   COMMENT ON COLUMN "TEAM1"."SEX_PREFERENCE"."SP_CONTENT" IS 'T 제한선호함 / F 제한선호안함';
--------------------------------------------------------
--  DDL for Table SINGLE_RIDING
--------------------------------------------------------

  CREATE TABLE "TEAM1"."SINGLE_RIDING" 
   (	"S_RIDING_ID" VARCHAR2(30 BYTE), 
	"LEADER_ID" VARCHAR2(30 BYTE), 
	"RIDING_NAME" VARCHAR2(100 BYTE), 
	"START_DATE" DATE, 
	"END_DATE" DATE, 
	"CREATED_DATE" DATE DEFAULT SYSDATE, 
	"START_LATI" VARCHAR2(500 BYTE), 
	"START_LONGI" VARCHAR2(500 BYTE), 
	"START_ADDRESS" VARCHAR2(500 BYTE), 
	"START_DETAIL" VARCHAR2(500 BYTE), 
	"END_LATI" VARCHAR2(500 BYTE), 
	"END_LONGI" VARCHAR2(500 BYTE), 
	"END_ADDRESS" VARCHAR2(500 BYTE), 
	"END_DETAIL" VARCHAR2(500 BYTE)
   ) SEGMENT CREATION IMMEDIATE 
  PCTFREE 10 PCTUSED 40 INITRANS 1 MAXTRANS 255 NOCOMPRESS LOGGING
  STORAGE(INITIAL 65536 NEXT 1048576 MINEXTENTS 1 MAXEXTENTS 2147483645
  PCTINCREASE 0 FREELISTS 1 FREELIST GROUPS 1 BUFFER_POOL DEFAULT FLASH_CACHE DEFAULT CELL_FLASH_CACHE DEFAULT)
  TABLESPACE "TBS_TEAM1" ;

   COMMENT ON COLUMN "TEAM1"."SINGLE_RIDING"."S_RIDING_ID" IS '1인모임라이딩';
   COMMENT ON COLUMN "TEAM1"."SINGLE_RIDING"."LEADER_ID" IS '1인모임개설자(회원)';
   COMMENT ON COLUMN "TEAM1"."SINGLE_RIDING"."RIDING_NAME" IS '모임이름';
   COMMENT ON COLUMN "TEAM1"."SINGLE_RIDING"."START_DATE" IS '라이딩출발날짜와 시간';
   COMMENT ON COLUMN "TEAM1"."SINGLE_RIDING"."END_DATE" IS '라이딩종료날짜와 시간';
   COMMENT ON COLUMN "TEAM1"."SINGLE_RIDING"."CREATED_DATE" IS '모임생성일';
   COMMENT ON COLUMN "TEAM1"."SINGLE_RIDING"."START_LATI" IS '라이딩 출발 장소 좌표 X';
   COMMENT ON COLUMN "TEAM1"."SINGLE_RIDING"."START_LONGI" IS '라이딩 출발 장소 좌표 Y';
   COMMENT ON COLUMN "TEAM1"."SINGLE_RIDING"."START_ADDRESS" IS '라이딩 출발 장소 주소 도로명과 지번';
   COMMENT ON COLUMN "TEAM1"."SINGLE_RIDING"."START_DETAIL" IS '라이딩 출발 장소 주소의 동호수, 건물';
   COMMENT ON COLUMN "TEAM1"."SINGLE_RIDING"."END_LATI" IS '라이딩 도착 장소 좌표 X';
   COMMENT ON COLUMN "TEAM1"."SINGLE_RIDING"."END_LONGI" IS '라이딩 도착 장소 좌표 Y';
   COMMENT ON COLUMN "TEAM1"."SINGLE_RIDING"."END_ADDRESS" IS '라이딩 도착 장소 주소 도로명과 지번';
   COMMENT ON COLUMN "TEAM1"."SINGLE_RIDING"."END_DETAIL" IS '라이딩 도착 장소 주소 동호수, 건물';
--------------------------------------------------------
--  DDL for Table SINGLE_RIDING_POINT
--------------------------------------------------------

  CREATE TABLE "TEAM1"."SINGLE_RIDING_POINT" 
   (	"S_POINT_ID" VARCHAR2(30 BYTE), 
	"S_RIDING_ID" VARCHAR2(30 BYTE), 
	"LATITUDE" VARCHAR2(500 BYTE), 
	"LONGITUDE" VARCHAR2(500 BYTE), 
	"ADDRESS" VARCHAR2(500 BYTE), 
	"DETAIL_ADDRESS" VARCHAR2(500 BYTE)
   ) SEGMENT CREATION IMMEDIATE 
  PCTFREE 10 PCTUSED 40 INITRANS 1 MAXTRANS 255 NOCOMPRESS LOGGING
  STORAGE(INITIAL 65536 NEXT 1048576 MINEXTENTS 1 MAXEXTENTS 2147483645
  PCTINCREASE 0 FREELISTS 1 FREELIST GROUPS 1 BUFFER_POOL DEFAULT FLASH_CACHE DEFAULT CELL_FLASH_CACHE DEFAULT)
  TABLESPACE "TBS_TEAM1" ;

   COMMENT ON COLUMN "TEAM1"."SINGLE_RIDING_POINT"."S_POINT_ID" IS '경유지ID';
   COMMENT ON COLUMN "TEAM1"."SINGLE_RIDING_POINT"."S_RIDING_ID" IS '한 모임당 경유지 최대 5개';
   COMMENT ON COLUMN "TEAM1"."SINGLE_RIDING_POINT"."LATITUDE" IS '경유지 좌표 X';
   COMMENT ON COLUMN "TEAM1"."SINGLE_RIDING_POINT"."LONGITUDE" IS '경유지 좌표 Y';
   COMMENT ON COLUMN "TEAM1"."SINGLE_RIDING_POINT"."ADDRESS" IS '경유지 도로명 / 지번';
   COMMENT ON COLUMN "TEAM1"."SINGLE_RIDING_POINT"."DETAIL_ADDRESS" IS '경유지 동호수 , 건물';
--------------------------------------------------------
--  DDL for Table SINGLE_RIDING_RECORD
--------------------------------------------------------

  CREATE TABLE "TEAM1"."SINGLE_RIDING_RECORD" 
   (	"S_RECORD_ID" VARCHAR2(30 BYTE), 
	"S_RIDING_ID" VARCHAR2(30 BYTE)
   ) SEGMENT CREATION IMMEDIATE 
  PCTFREE 10 PCTUSED 40 INITRANS 1 MAXTRANS 255 NOCOMPRESS LOGGING
  STORAGE(INITIAL 65536 NEXT 1048576 MINEXTENTS 1 MAXEXTENTS 2147483645
  PCTINCREASE 0 FREELISTS 1 FREELIST GROUPS 1 BUFFER_POOL DEFAULT FLASH_CACHE DEFAULT CELL_FLASH_CACHE DEFAULT)
  TABLESPACE "TBS_TEAM1" ;

   COMMENT ON COLUMN "TEAM1"."SINGLE_RIDING_RECORD"."S_RECORD_ID" IS '1인모임기록';
   COMMENT ON COLUMN "TEAM1"."SINGLE_RIDING_RECORD"."S_RIDING_ID" IS '모임ID';
--------------------------------------------------------
--  DDL for Table SPEED
--------------------------------------------------------

  CREATE TABLE "TEAM1"."SPEED" 
   (	"SPEED_ID" NUMBER(1,0), 
	"SPEED_TYPE" VARCHAR2(50 BYTE)
   ) SEGMENT CREATION IMMEDIATE 
  PCTFREE 10 PCTUSED 40 INITRANS 1 MAXTRANS 255 NOCOMPRESS LOGGING
  STORAGE(INITIAL 65536 NEXT 1048576 MINEXTENTS 1 MAXEXTENTS 2147483645
  PCTINCREASE 0 FREELISTS 1 FREELIST GROUPS 1 BUFFER_POOL DEFAULT FLASH_CACHE DEFAULT CELL_FLASH_CACHE DEFAULT)
  TABLESPACE "TBS_TEAM1" ;

   COMMENT ON COLUMN "TEAM1"."SPEED"."SPEED_ID" IS '속도에 대한 범례';
   COMMENT ON COLUMN "TEAM1"."SPEED"."SPEED_TYPE" IS '0(제한없음)/1(20미만)/2(20~24)/3(24이상)';
--------------------------------------------------------
--  DDL for Table STEP
--------------------------------------------------------

  CREATE TABLE "TEAM1"."STEP" 
   (	"STEP_ID" NUMBER(1,0), 
	"STEP_TYPE" VARCHAR2(50 BYTE)
   ) SEGMENT CREATION IMMEDIATE 
  PCTFREE 10 PCTUSED 40 INITRANS 1 MAXTRANS 255 NOCOMPRESS LOGGING
  STORAGE(INITIAL 65536 NEXT 1048576 MINEXTENTS 1 MAXEXTENTS 2147483645
  PCTINCREASE 0 FREELISTS 1 FREELIST GROUPS 1 BUFFER_POOL DEFAULT FLASH_CACHE DEFAULT CELL_FLASH_CACHE DEFAULT)
  TABLESPACE "TBS_TEAM1" ;

   COMMENT ON COLUMN "TEAM1"."STEP"."STEP_ID" IS '숙련도에 대한 범례';
   COMMENT ON COLUMN "TEAM1"."STEP"."STEP_TYPE" IS '0(제한없음)/1(1년미만)/2(1~3년)/3(3~5년)/4(6년이상)';
--------------------------------------------------------
--  DDL for Table USER
--------------------------------------------------------

  CREATE TABLE "TEAM1"."USER" 
   (	"USER_ID" VARCHAR2(30 BYTE), 
	"ACCESS_ID" NUMBER(1,0), 
	"JOIN_DATE" DATE DEFAULT SYSDATE
   ) SEGMENT CREATION IMMEDIATE 
  PCTFREE 10 PCTUSED 40 INITRANS 1 MAXTRANS 255 NOCOMPRESS LOGGING
  STORAGE(INITIAL 65536 NEXT 1048576 MINEXTENTS 1 MAXEXTENTS 2147483645
  PCTINCREASE 0 FREELISTS 1 FREELIST GROUPS 1 BUFFER_POOL DEFAULT FLASH_CACHE DEFAULT CELL_FLASH_CACHE DEFAULT)
  TABLESPACE "TBS_TEAM1" ;

   COMMENT ON COLUMN "TEAM1"."USER"."USER_ID" IS '회원ID참조는 이 테이블을 참조한다.';
   COMMENT ON COLUMN "TEAM1"."USER"."ACCESS_ID" IS '0관리자 / 1회원';
   COMMENT ON COLUMN "TEAM1"."USER"."JOIN_DATE" IS '가입한 날짜';
--------------------------------------------------------
--  DDL for Table WITHDRAW_USER
--------------------------------------------------------

  CREATE TABLE "TEAM1"."WITHDRAW_USER" 
   (	"WITHDRAW_ID" VARCHAR2(30 BYTE), 
	"USER_ID" VARCHAR2(30 BYTE), 
	"WITHDRAW_DATE" DATE DEFAULT SYSDATE
   ) SEGMENT CREATION IMMEDIATE 
  PCTFREE 10 PCTUSED 40 INITRANS 1 MAXTRANS 255 NOCOMPRESS LOGGING
  STORAGE(INITIAL 65536 NEXT 1048576 MINEXTENTS 1 MAXEXTENTS 2147483645
  PCTINCREASE 0 FREELISTS 1 FREELIST GROUPS 1 BUFFER_POOL DEFAULT FLASH_CACHE DEFAULT CELL_FLASH_CACHE DEFAULT)
  TABLESPACE "TBS_TEAM1" ;

   COMMENT ON COLUMN "TEAM1"."WITHDRAW_USER"."WITHDRAW_ID" IS '탈퇴하면 INSERT되는 테이블/회원테이블에서 레코드가 삭제되는게 아님!';
   COMMENT ON COLUMN "TEAM1"."WITHDRAW_USER"."USER_ID" IS '탈퇴한 회원ID';
   COMMENT ON COLUMN "TEAM1"."WITHDRAW_USER"."WITHDRAW_DATE" IS '탈퇴한 날짜';
--------------------------------------------------------
--  DDL for View VIEW_CONSTCHECK
--------------------------------------------------------

  CREATE OR REPLACE FORCE VIEW "TEAM1"."VIEW_CONSTCHECK" ("OWNER", "CONSTRAINT_NAME", "TABLE_NAME", "CONSTRAINT_TYPE", "COLUMN_NAME", "SEARCH_CONDITION", "DELETE_RULE") AS 
  SELECT UC.OWNER "OWNER"
     , UC.CONSTRAINT_NAME "CONSTRAINT_NAME"
     , UC.TABLE_NAME "TABLE_NAME"
     , UC.CONSTRAINT_TYPE "CONSTRAINT_TYPE"
     , UCC.COLUMN_NAME "COLUMN_NAME"
     , UC.SEARCH_CONDITION "SEARCH_CONDITION"
     , UC.DELETE_RULE "DELETE_RULE"
FROM USER_CONSTRAINTS UC JOIN USER_CONS_COLUMNS UCC
ON UC.CONSTRAINT_NAME = UCC.CONSTRAINT_NAME
;
--------------------------------------------------------
--  DDL for View VIEW_INQUIRY
--------------------------------------------------------

  CREATE OR REPLACE FORCE VIEW "TEAM1"."VIEW_INQUIRY" ("I_ID", "USER_ID", "NICKNAME", "INQUIRY_DATE", "STATUS", "CONTENT", "NUM") AS 
  SELECT I_ID, USER_ID, NICKNAME, INQUIRY_DATE, STATUS, CONTENT
         , ROW_NUMBER() OVER(ORDER BY INQUIRY_DATE) AS NUM
    FROM
    (
        SELECT I.INQUIRY_ID AS I_ID
         , I.USER_ID AS USER_ID
         , PF.NICKNAME AS NICKNAME
         , RANK() OVER (PARTITION BY P.INQUIRY_ID ORDER BY P.PROCESS_DATE DESC) AS RANK
         , I.INQUIRY_DATE AS INQUIRY_DATE
         , DECODE(P.INQUIRY_STATUS_ID, 1, 'SOLVED', 2, 'RETURNED', 'WAIT') AS STATUS
         , CONTENT
        FROM INQUIRY I, INQUIRY_PROCESS P, PROFILE PF
        WHERE I.INQUIRY_ID = P.INQUIRY_ID(+)
          AND I.USER_ID = PF.USER_ID(+)
    ) RESULT
    WHERE RESULT.RANK = 1
    ORDER BY NUM DESC
;
--------------------------------------------------------
--  DDL for View VIEW_MYPAGEMAIN
--------------------------------------------------------

  CREATE OR REPLACE FORCE VIEW "TEAM1"."VIEW_MYPAGEMAIN" ("USER_ID", "EMAIL", "NICKNAME", "ONEWORD", "PI_ADDRESS") AS 
  SELECT P.USER_ID AS USER_ID
    ,P.EMAIL AS EMAIL
    ,P.NICKNAME AS NICKNAME
    ,P.ONEWORD AS ONEWORD
    ,PI.PI_ADDRESS
FROM
(
    SELECT USER_ID ,EMAIL, NICKNAME
    , NVL(INTRODUCE,' ') AS ONEWORD
    , PIMG_ID
    FROM PROFILE
)P JOIN PROFILE_IMG PI
ON P.PIMG_ID = PI.PIMG_ID
;
--------------------------------------------------------
--  DDL for View VIEW_MY_RIDING_STYLE
--------------------------------------------------------

  CREATE OR REPLACE FORCE VIEW "TEAM1"."VIEW_MY_RIDING_STYLE" ("USER_ID", "MOOD_P_ID", "EAT_P_ID", "DINING_P_ID", "SEX_P_ID", "AGE_P_ID") AS 
  SELECT USER_ID, MOOD_P_ID, EAT_P_ID, DINING_P_ID, SEX_P_ID, AGE_P_ID
FROM PROFILE
;
--------------------------------------------------------
--  DDL for View VIEW_PARTICIRIDING_LIST
--------------------------------------------------------

  CREATE OR REPLACE FORCE VIEW "TEAM1"."VIEW_PARTICIRIDING_LIST" ("RIDING_ID", "RIDING_NAME", "PERIOD", "STATUS") AS 
  SELECT RIDING_ID, RIDING_NAME
    ,(START_DATE || END_DATE) AS PERIOD
    ,CASE WHEN SYSDATE <= TO_DATE(START_DATE,'YYYY-MM-DD HH24:MI:SS') - 49/24 THEN '모임참가가능'
          WHEN SYSDATE <= TO_DATE(START_DATE,'YYYY-MM-DD HH24:MI:SS') - 48/24 THEN '준비요청기간'
          WHEN SYSDATE <= START_DATE THEN '준비요청기간'
          ELSE '알수없음'
          END STATUS
FROM RIDING
;
--------------------------------------------------------
--  DDL for View VIEW_PARTICI_REPORT
--------------------------------------------------------

  CREATE OR REPLACE FORCE VIEW "TEAM1"."VIEW_PARTICI_REPORT" ("R_ID", "USER_ID", "NICKNAME", "REPORT_DATE", "STATUS", "STATUS_ID", "REPORT_TYPE", "CONTENT", "REPORTED_USER_ID", "R_USER_NICKNAME") AS 
  SELECT R_ID, USER_ID, NICKNAME, REPORT_DATE, STATUS, STATUS_ID, REPORT_TYPE, CONTENT
     , REPORTED_USER_ID, R_USER_NICKNAME
FROM
(
    SELECT R.*, PF.NICKNAME AS R_USER_NICKNAME
    FROM
    (
        SELECT R.PARTICI_R_ID AS R_ID
             , R.USER_ID AS USER_ID
             , PF.NICKNAME AS NICKNAME
             , RANK() OVER (PARTITION BY R.PARTICI_R_ID ORDER BY P.PROCESS_DATE DESC) AS RANK
             , R.REPORT_DATE AS REPORT_DATE
             , NVL(P.PROC_STATUS_ID, 0) AS STATUS_ID
             , DECODE(P.PROC_STATUS_ID, 1, 'APPROVE', 2, 'PUNISH', 3, 'RETURN', 'WAIT') AS STATUS
             , 'PARTICI' AS REPORT_TYPE
             , CONTENT
             , R.REPORTED_ID AS REPORTED_USER_ID
        FROM PARTICIPANT_REPORT R, PARTICIPANT_REPORT_PROCESS P, PROFILE PF
        WHERE R.PARTICI_R_ID = P.PARTICI_R_ID(+)
          AND R.USER_ID = PF.USER_ID(+)
    ) R, PROFILE PF
    WHERE R.REPORTED_USER_ID = PF.USER_ID(+)
) RESULT
WHERE RESULT.RANK = 1
;
--------------------------------------------------------
--  DDL for View VIEW_REPORT_LIST
--------------------------------------------------------

  CREATE OR REPLACE FORCE VIEW "TEAM1"."VIEW_REPORT_LIST" ("R_ID", "USER_ID", "NICKNAME", "REPORT_DATE", "STATUS", "STATUS_ID", "REPORT_TYPE", "CONTENT", "REPORTED_USER_ID", "NUM", "R_USER_NICKNAME") AS 
  SELECT J.R_ID, J.USER_ID, J.NICKNAME, J.REPORT_DATE, J.STATUS, J.STATUS_ID, J.REPORT_TYPE
     , CONTENT, REPORTED_USER_ID, ROW_NUMBER() OVER(ORDER BY J.REPORT_DATE) AS NUM
     , R_USER_NICKNAME
FROM
(
SELECT R_ID, USER_ID, NICKNAME, REPORT_DATE, STATUS, STATUS_ID, REPORT_TYPE, CONTENT
     , REPORTED_USER_ID, R_USER_NICKNAME
FROM VIEW_REVIEW_REPORT
UNION ALL
SELECT R_ID, USER_ID, NICKNAME, REPORT_DATE, STATUS, STATUS_ID, REPORT_TYPE, CONTENT
     , REPORTED_USER_ID, R_USER_NICKNAME
FROM VIEW_PARTICI_REPORT
) J
ORDER BY NUM DESC
;
--------------------------------------------------------
--  DDL for View VIEW_REVIEW_REPORT
--------------------------------------------------------

  CREATE OR REPLACE FORCE VIEW "TEAM1"."VIEW_REVIEW_REPORT" ("R_ID", "USER_ID", "NICKNAME", "REPORT_DATE", "STATUS", "STATUS_ID", "REPORT_TYPE", "CONTENT", "REPORTED_USER_ID", "REVIEW_ID", "R_USER_NICKNAME") AS 
  SELECT R_ID, USER_ID, NICKNAME, REPORT_DATE, STATUS, STATUS_ID, RESULT.REPORT_TYPE, CONTENT
     , REPORTED_USER_ID, REVIEW_ID, R_USER_NICKNAME
FROM
(
    SELECT R.*, PF.NICKNAME AS R_USER_NICKNAME
    FROM
    (
        SELECT R.REVIEW_R_ID AS R_ID
             , R.USER_ID AS USER_ID
             , PF.NICKNAME AS NICKNAME
             , RANK() OVER (PARTITION BY R.REVIEW_R_ID ORDER BY P.PROCESS_DATE DESC) AS RANK
             , R.REPORT_DATE AS REPORT_DATE
             , NVL(P.PROC_STATUS_ID, 0) AS STATUS_ID
             , DECODE(P.PROC_STATUS_ID, 1, 'APPROVE', 2, 'PUNISH', 3, 'RETURN', 'WAIT') AS STATUS
             , 'REVIEW' AS REPORT_TYPE
             , R.CONTENT
             , V.USER_ID AS REPORTED_USER_ID
             , V.R_REVIEW_ID AS REVIEW_ID
        FROM REVIEW_REPORT R, REVIEW_REPORT_PROCESS P, PROFILE PF, RESTAURANT_REVIEW V
        WHERE R.REVIEW_R_ID = P.REVIEW_R_ID(+)
          AND R.USER_ID = PF.USER_ID(+)
          AND R.R_REVIEW_ID = V.R_REVIEW_ID
    ) R, PROFILE PF
    WHERE R.REPORTED_USER_ID = PF.USER_ID(+)
) RESULT
WHERE RESULT.RANK = 1
;
--------------------------------------------------------
--  DDL for View VIEW_RIDING_LIST
--------------------------------------------------------

  CREATE OR REPLACE FORCE VIEW "TEAM1"."VIEW_RIDING_LIST" ("RIDING_ID", "RIDING_NAME", "MAXIMUM", "OPEN", "START_DATE", "END_DATE", "STEP_ID", "SPEED_ID", "MOOD_P_ID", "DINING_P_ID", "EAT_P_ID", "AGE_P_ID", "SEX_P_ID") AS 
  SELECT DISTINCT T.RIDING_ID, T.RIDING_NAME, T.MAXIMUM, T.MAXIMUM-COUNT(T.USER_ID) OVER(PARTITION BY RIDING_ID) AS OPEN, T.START_DATE, T.END_DATE
     , T.STEP_ID, T.SPEED_ID, T.MOOD_P_ID, T.DINING_P_ID, T.EAT_P_ID, T.AGE_P_ID, T.SEX_P_ID
FROM
(
SELECT A.RIDING_ID, A.RIDING_NAME, A.MAXIMUM, A.START_DATE, A.END_DATE, B.USER_ID
     , A.STEP_ID, A.SPEED_ID, A.MOOD_P_ID, A.DINING_P_ID, A.EAT_P_ID, A.AGE_P_ID, A.SEX_P_ID
FROM RIDING A LEFT JOIN PARTICIPATED_MEMBER B
ON A.RIDING_ID = B.RIDING_ID
GROUP BY A.RIDING_ID, A.RIDING_NAME, A.MAXIMUM, A.START_DATE, A.END_DATE, B.USER_ID
     , A.STEP_ID, A.SPEED_ID, A.MOOD_P_ID, A.DINING_P_ID, A.EAT_P_ID, A.AGE_P_ID, A.SEX_P_ID
)
T
;
--------------------------------------------------------
--  DDL for View VIEW_RIVIEW_PENALTY
--------------------------------------------------------

  CREATE OR REPLACE FORCE VIEW "TEAM1"."VIEW_RIVIEW_PENALTY" ("USER_ID") AS 
  SELECT T.USER_ID
FROM
(
SELECT C.USER_ID, A.PROCESS_DATE
     , RANK() OVER (ORDER BY A.PROCESS_DATE DESC) AS RANK
FROM REVIEW_REPORT_PROCESS A JOIN REVIEW_REPORT B
ON A.REVIEW_R_ID = B.REVIEW_R_ID
JOIN RESTAURANT_REVIEW C
ON B.R_REVIEW_ID = C.R_REVIEW_ID
WHERE A.PROC_STATUS_ID = 1
ORDER BY A.PROCESS_DATE
) T
WHERE RANK = 1
;
REM INSERTING into TEAM1.ABSCOND
SET DEFINE OFF;
REM INSERTING into TEAM1."ACCESS"
SET DEFINE OFF;
REM INSERTING into TEAM1.ADD_FRIEND
SET DEFINE OFF;
Insert into TEAM1.ADD_FRIEND (ADD_FRIEND_ID,SENDER_ID,RECEIVER_ID,ADD_DATE,OPEN_DATE,ACCEPT_DATE) values ('1','1','2',to_date('2022-06-15','YYYY-MM-DD'),to_date('2022-06-15','YYYY-MM-DD'),to_date('2022-06-15','YYYY-MM-DD'));
Insert into TEAM1.ADD_FRIEND (ADD_FRIEND_ID,SENDER_ID,RECEIVER_ID,ADD_DATE,OPEN_DATE,ACCEPT_DATE) values ('2','3','4',to_date('2022-06-15','YYYY-MM-DD'),to_date('2022-06-15','YYYY-MM-DD'),to_date('2022-06-15','YYYY-MM-DD'));
Insert into TEAM1.ADD_FRIEND (ADD_FRIEND_ID,SENDER_ID,RECEIVER_ID,ADD_DATE,OPEN_DATE,ACCEPT_DATE) values ('3','6','5',to_date('2022-06-15','YYYY-MM-DD'),to_date('2022-06-15','YYYY-MM-DD'),to_date('2022-06-15','YYYY-MM-DD'));
REM INSERTING into TEAM1.AGE_PREFERENCE
SET DEFINE OFF;
Insert into TEAM1.AGE_PREFERENCE (AGE_P_ID,AP_CONTENT) values ('0','제한 없음');
Insert into TEAM1.AGE_PREFERENCE (AGE_P_ID,AP_CONTENT) values ('1','10대');
Insert into TEAM1.AGE_PREFERENCE (AGE_P_ID,AP_CONTENT) values ('2','20대');
Insert into TEAM1.AGE_PREFERENCE (AGE_P_ID,AP_CONTENT) values ('3','30대');
Insert into TEAM1.AGE_PREFERENCE (AGE_P_ID,AP_CONTENT) values ('4','40대');
Insert into TEAM1.AGE_PREFERENCE (AGE_P_ID,AP_CONTENT) values ('5','50대');
Insert into TEAM1.AGE_PREFERENCE (AGE_P_ID,AP_CONTENT) values ('6','60대 이상');
REM INSERTING into TEAM1.ANSWER
SET DEFINE OFF;
Insert into TEAM1.ANSWER (ANSWER_ID,P_MEMBER_ID,SUBMIT_DATE) values ('41','48',to_date('2022-06-20','YYYY-MM-DD'));
REM INSERTING into TEAM1.ANSWER_ATTENDANCE
SET DEFINE OFF;
Insert into TEAM1.ANSWER_ATTENDANCE (ANS_ATTE_ID,CHECK_ATTE_ID,P_MEMBER_ID) values ('17','47','48');
REM INSERTING into TEAM1.ANSWER_DETAIL
SET DEFINE OFF;
Insert into TEAM1.ANSWER_DETAIL (ANS_DETAIL_ID,ANSWER_ID,QUESTION_ID,P_MEMBER_ID) values ('19','41','2','39');
REM INSERTING into TEAM1.ANSWER_DETAIL_LEADERSHIP
SET DEFINE OFF;
REM INSERTING into TEAM1.CHECK_ATTENDANCE
SET DEFINE OFF;
Insert into TEAM1.CHECK_ATTENDANCE (CHECK_ATTE_ID,P_MEMBER_ID,SUBMIT_DATE) values ('47','48',to_date('2022-06-20','YYYY-MM-DD'));
REM INSERTING into TEAM1.CONTRIBUTION_GRADE
SET DEFINE OFF;
Insert into TEAM1.CONTRIBUTION_GRADE (C_GRADE_ID,GRADE_NAME) values (1,'다이아헬멧');
Insert into TEAM1.CONTRIBUTION_GRADE (C_GRADE_ID,GRADE_NAME) values (2,'금헬멧');
Insert into TEAM1.CONTRIBUTION_GRADE (C_GRADE_ID,GRADE_NAME) values (3,'은헬멧');
Insert into TEAM1.CONTRIBUTION_GRADE (C_GRADE_ID,GRADE_NAME) values (4,'동헬멧');
REM INSERTING into TEAM1.DELETED_RIDING
SET DEFINE OFF;
REM INSERTING into TEAM1.DINING_PREFERENCE
SET DEFINE OFF;
Insert into TEAM1.DINING_PREFERENCE (DINING_P_ID,DP_CONTENT) values (0,'제한 없음');
Insert into TEAM1.DINING_PREFERENCE (DINING_P_ID,DP_CONTENT) values (1,'끝나고 회식 안 해요');
Insert into TEAM1.DINING_PREFERENCE (DINING_P_ID,DP_CONTENT) values (2,'끝나고 회식해요');
REM INSERTING into TEAM1.EAT_PREFERENCE
SET DEFINE OFF;
Insert into TEAM1.EAT_PREFERENCE (EAT_P_ID,EP_CONTENT) values (0,'제한 없음');
Insert into TEAM1.EAT_PREFERENCE (EAT_P_ID,EP_CONTENT) values (1,'밥 안 먹고 달려요');
Insert into TEAM1.EAT_PREFERENCE (EAT_P_ID,EP_CONTENT) values (2,'밥 먹고 달려요');
REM INSERTING into TEAM1.EVALUATE_TYPE
SET DEFINE OFF;
Insert into TEAM1.EVALUATE_TYPE (EV_TYPE_ID,EV_TYPE_NAME) values ('1','리더십 점수');
Insert into TEAM1.EVALUATE_TYPE (EV_TYPE_ID,EV_TYPE_NAME) values ('2','매너 점수');
Insert into TEAM1.EVALUATE_TYPE (EV_TYPE_ID,EV_TYPE_NAME) values ('3','체력 점수');
REM INSERTING into TEAM1.EVALUATION_GRADE
SET DEFINE OFF;
Insert into TEAM1.EVALUATION_GRADE (EV_GRADE_ID,GRADE_NAME) values (0,'제한없음');
Insert into TEAM1.EVALUATION_GRADE (EV_GRADE_ID,GRADE_NAME) values (1,'다이아전거');
Insert into TEAM1.EVALUATION_GRADE (EV_GRADE_ID,GRADE_NAME) values (2,'금전거');
Insert into TEAM1.EVALUATION_GRADE (EV_GRADE_ID,GRADE_NAME) values (3,'은전거');
Insert into TEAM1.EVALUATION_GRADE (EV_GRADE_ID,GRADE_NAME) values (4,'동전거');
Insert into TEAM1.EVALUATION_GRADE (EV_GRADE_ID,GRADE_NAME) values (5,'돌전거');
REM INSERTING into TEAM1.EVALUATION_RECORD
SET DEFINE OFF;
REM INSERTING into TEAM1.FACILITY
SET DEFINE OFF;
Insert into TEAM1.FACILITY (FACILITY_ID,F_TYPE_ID,REQ_USER_ID,ADMIN_ID,LATITUDE,LONGITUDE,ADDRESS,DETAIL_ADDRESS,REQUEST_DATE,OPEN_DATE,ACEEPT_DATE) values ('1',1,'2','0','37.53831798936672','126.98845895855911','서울 용산구','보광로 126',to_date('2022-06-14','YYYY-MM-DD'),null,null);
Insert into TEAM1.FACILITY (FACILITY_ID,F_TYPE_ID,REQ_USER_ID,ADMIN_ID,LATITUDE,LONGITUDE,ADDRESS,DETAIL_ADDRESS,REQUEST_DATE,OPEN_DATE,ACEEPT_DATE) values ('3',1,'2','0','37.557125475849375','126.9247917927359','서울 마포구 양화로 176','102호',to_date('2022-06-14','YYYY-MM-DD'),null,null);
Insert into TEAM1.FACILITY (FACILITY_ID,F_TYPE_ID,REQ_USER_ID,ADMIN_ID,LATITUDE,LONGITUDE,ADDRESS,DETAIL_ADDRESS,REQUEST_DATE,OPEN_DATE,ACEEPT_DATE) values ('4',2,'3','0','37.55558630447666','126.96777099730427','서울 중구 만리재로 201','1024호',to_date('2022-06-14','YYYY-MM-DD'),null,null);
REM INSERTING into TEAM1.FACILITY_DELETE_REQ
SET DEFINE OFF;
Insert into TEAM1.FACILITY_DELETE_REQ (F_DELETE_ID,FACILITY_ID,REQ_USER_ID,ADMIN_ID,CONTENT,REQUEST_DATE,OPEN_DATE,ACCEPT_DATE) values ('1','4','2','0','여기 없어진 지 오래되었어요',to_date('2022-06-14','YYYY-MM-DD'),null,null);
REM INSERTING into TEAM1.FACILITY_TYPE
SET DEFINE OFF;
Insert into TEAM1.FACILITY_TYPE (F_TYPE_ID,F_TYPE_NAME) values (1,'화장실');
Insert into TEAM1.FACILITY_TYPE (F_TYPE_ID,F_TYPE_NAME) values (2,'음수대');
REM INSERTING into TEAM1.FACILITY_UPDATE_REQ
SET DEFINE OFF;
Insert into TEAM1.FACILITY_UPDATE_REQ (F_UPDATE_ID,FACILITY_ID,REQ_USER_ID,ADMIN_ID,LATITUDE,LONGITUDE,ADDRESS,DETAIL_ADDRESS,CONTENT,REQUEST_DATE,OPEN_DATE,ACCEPT_DATE) values ('2','1','2','0','37.539453146855905','126.98745175589877','서울 용산구','보광로 126','좌표가 이상한 곳에 찍혀있어요',to_date('2022-06-14','YYYY-MM-DD'),null,null);
REM INSERTING into TEAM1.INQUIRY
SET DEFINE OFF;
Insert into TEAM1.INQUIRY (INQUIRY_ID,USER_ID,TITLE,CONTENT,INQUIRY_DATE) values ('1','2','나문의','나문희 나문의',to_date('2022-06-10','YYYY-MM-DD'));
Insert into TEAM1.INQUIRY (INQUIRY_ID,USER_ID,TITLE,CONTENT,INQUIRY_DATE) values ('2','2','문의','(행)문의(편지)',to_date('2022-06-10','YYYY-MM-DD'));
Insert into TEAM1.INQUIRY (INQUIRY_ID,USER_ID,TITLE,CONTENT,INQUIRY_DATE) values ('4','16','문의','(사)문의(복수를 하러 왔다)',to_date('2022-06-14','YYYY-MM-DD'));
Insert into TEAM1.INQUIRY (INQUIRY_ID,USER_ID,TITLE,CONTENT,INQUIRY_DATE) values ('5','17','문의 제목','(대충 정상적인 문의 내용)',to_date('2022-06-16','YYYY-MM-DD'));
Insert into TEAM1.INQUIRY (INQUIRY_ID,USER_ID,TITLE,CONTENT,INQUIRY_DATE) values ('7','10','문희','문희합니다.',to_date('2022-06-18','YYYY-MM-DD'));
Insert into TEAM1.INQUIRY (INQUIRY_ID,USER_ID,TITLE,CONTENT,INQUIRY_DATE) values ('6','10','문희','문희합니다.',to_date('2022-06-17','YYYY-MM-DD'));
REM INSERTING into TEAM1.INQUIRY_PROCESS
SET DEFINE OFF;
Insert into TEAM1.INQUIRY_PROCESS (INQ_PROC_ID,INQUIRY_ID,ADMIN_ID,INQUIRY_STATUS_ID,PROCESS_DATE) values ('1','1','0',2,to_date('2022-06-11','YYYY-MM-DD'));
Insert into TEAM1.INQUIRY_PROCESS (INQ_PROC_ID,INQUIRY_ID,ADMIN_ID,INQUIRY_STATUS_ID,PROCESS_DATE) values ('2','2','0',2,to_date('2022-06-14','YYYY-MM-DD'));
Insert into TEAM1.INQUIRY_PROCESS (INQ_PROC_ID,INQUIRY_ID,ADMIN_ID,INQUIRY_STATUS_ID,PROCESS_DATE) values ('3','5','0',1,to_date('2022-06-17','YYYY-MM-DD'));
Insert into TEAM1.INQUIRY_PROCESS (INQ_PROC_ID,INQUIRY_ID,ADMIN_ID,INQUIRY_STATUS_ID,PROCESS_DATE) values ('4','1','1',1,to_date('2022-06-18','YYYY-MM-DD'));
REM INSERTING into TEAM1.INQUIRY_PROCESS_STATUS
SET DEFINE OFF;
Insert into TEAM1.INQUIRY_PROCESS_STATUS (INQUIRY_STATUS_ID,CONTENT) values (1,'해결');
Insert into TEAM1.INQUIRY_PROCESS_STATUS (INQUIRY_STATUS_ID,CONTENT) values (2,'반려');
REM INSERTING into TEAM1.INVITE
SET DEFINE OFF;
Insert into TEAM1.INVITE (INVITE_ID,SENDER_ID,RECEIVER_ID,RIDING_ID,SEND_DATE) values ('35','1','1','1',to_date('2022-06-01','YYYY-MM-DD'));
Insert into TEAM1.INVITE (INVITE_ID,SENDER_ID,RECEIVER_ID,RIDING_ID,SEND_DATE) values ('36','1','1','1',to_date('2022-06-01','YYYY-MM-DD'));
Insert into TEAM1.INVITE (INVITE_ID,SENDER_ID,RECEIVER_ID,RIDING_ID,SEND_DATE) values ('37','1','1','1',to_date('2022-06-19','YYYY-MM-DD'));
Insert into TEAM1.INVITE (INVITE_ID,SENDER_ID,RECEIVER_ID,RIDING_ID,SEND_DATE) values ('38','1','1','1',to_date('2022-06-19','YYYY-MM-DD'));
Insert into TEAM1.INVITE (INVITE_ID,SENDER_ID,RECEIVER_ID,RIDING_ID,SEND_DATE) values ('39','1','1','1',to_date('2022-06-19','YYYY-MM-DD'));
REM INSERTING into TEAM1.MEMBER
SET DEFINE OFF;
Insert into TEAM1.MEMBER (USER_ID,ACCESS_ID,JOIN_DATE) values ('16',1,to_date('2022-06-14','YYYY-MM-DD'));
Insert into TEAM1.MEMBER (USER_ID,ACCESS_ID,JOIN_DATE) values ('18',1,to_date('2022-06-14','YYYY-MM-DD'));
Insert into TEAM1.MEMBER (USER_ID,ACCESS_ID,JOIN_DATE) values ('17',1,to_date('2022-06-14','YYYY-MM-DD'));
Insert into TEAM1.MEMBER (USER_ID,ACCESS_ID,JOIN_DATE) values ('19',1,to_date('2022-06-14','YYYY-MM-DD'));
Insert into TEAM1.MEMBER (USER_ID,ACCESS_ID,JOIN_DATE) values ('20',1,to_date('2022-06-14','YYYY-MM-DD'));
Insert into TEAM1.MEMBER (USER_ID,ACCESS_ID,JOIN_DATE) values ('115',1,to_date('2022-06-19','YYYY-MM-DD'));
Insert into TEAM1.MEMBER (USER_ID,ACCESS_ID,JOIN_DATE) values ('116',1,to_date('2022-06-20','YYYY-MM-DD'));
Insert into TEAM1.MEMBER (USER_ID,ACCESS_ID,JOIN_DATE) values ('118',1,to_date('2022-06-20','YYYY-MM-DD'));
Insert into TEAM1.MEMBER (USER_ID,ACCESS_ID,JOIN_DATE) values ('119',1,to_date('2022-06-20','YYYY-MM-DD'));
Insert into TEAM1.MEMBER (USER_ID,ACCESS_ID,JOIN_DATE) values ('121',1,to_date('2022-06-20','YYYY-MM-DD'));
Insert into TEAM1.MEMBER (USER_ID,ACCESS_ID,JOIN_DATE) values ('122',1,to_date('2022-06-20','YYYY-MM-DD'));
Insert into TEAM1.MEMBER (USER_ID,ACCESS_ID,JOIN_DATE) values ('123',1,to_date('2022-06-20','YYYY-MM-DD'));
Insert into TEAM1.MEMBER (USER_ID,ACCESS_ID,JOIN_DATE) values ('124',1,to_date('2022-06-20','YYYY-MM-DD'));
Insert into TEAM1.MEMBER (USER_ID,ACCESS_ID,JOIN_DATE) values ('23',1,to_date('2022-06-14','YYYY-MM-DD'));
Insert into TEAM1.MEMBER (USER_ID,ACCESS_ID,JOIN_DATE) values ('25',1,to_date('2022-06-14','YYYY-MM-DD'));
Insert into TEAM1.MEMBER (USER_ID,ACCESS_ID,JOIN_DATE) values ('39',1,to_date('2022-06-14','YYYY-MM-DD'));
Insert into TEAM1.MEMBER (USER_ID,ACCESS_ID,JOIN_DATE) values ('42',1,to_date('2022-06-14','YYYY-MM-DD'));
Insert into TEAM1.MEMBER (USER_ID,ACCESS_ID,JOIN_DATE) values ('43',1,to_date('2022-06-14','YYYY-MM-DD'));
Insert into TEAM1.MEMBER (USER_ID,ACCESS_ID,JOIN_DATE) values ('45',1,to_date('2022-06-15','YYYY-MM-DD'));
Insert into TEAM1.MEMBER (USER_ID,ACCESS_ID,JOIN_DATE) values ('46',1,to_date('2022-06-15','YYYY-MM-DD'));
Insert into TEAM1.MEMBER (USER_ID,ACCESS_ID,JOIN_DATE) values ('47',1,to_date('2022-06-15','YYYY-MM-DD'));
Insert into TEAM1.MEMBER (USER_ID,ACCESS_ID,JOIN_DATE) values ('49',1,to_date('2022-06-15','YYYY-MM-DD'));
Insert into TEAM1.MEMBER (USER_ID,ACCESS_ID,JOIN_DATE) values ('74',1,to_date('2022-06-15','YYYY-MM-DD'));
Insert into TEAM1.MEMBER (USER_ID,ACCESS_ID,JOIN_DATE) values ('75',1,to_date('2022-06-15','YYYY-MM-DD'));
Insert into TEAM1.MEMBER (USER_ID,ACCESS_ID,JOIN_DATE) values ('77',1,to_date('2022-06-15','YYYY-MM-DD'));
Insert into TEAM1.MEMBER (USER_ID,ACCESS_ID,JOIN_DATE) values ('83',1,to_date('2022-06-15','YYYY-MM-DD'));
Insert into TEAM1.MEMBER (USER_ID,ACCESS_ID,JOIN_DATE) values ('99',1,to_date('2022-06-18','YYYY-MM-DD'));
Insert into TEAM1.MEMBER (USER_ID,ACCESS_ID,JOIN_DATE) values ('103',1,to_date('2022-06-18','YYYY-MM-DD'));
Insert into TEAM1.MEMBER (USER_ID,ACCESS_ID,JOIN_DATE) values ('104',1,to_date('2022-06-18','YYYY-MM-DD'));
Insert into TEAM1.MEMBER (USER_ID,ACCESS_ID,JOIN_DATE) values ('105',1,to_date('2022-06-18','YYYY-MM-DD'));
Insert into TEAM1.MEMBER (USER_ID,ACCESS_ID,JOIN_DATE) values ('106',1,to_date('2022-06-18','YYYY-MM-DD'));
Insert into TEAM1.MEMBER (USER_ID,ACCESS_ID,JOIN_DATE) values ('113',1,to_date('2022-06-19','YYYY-MM-DD'));
Insert into TEAM1.MEMBER (USER_ID,ACCESS_ID,JOIN_DATE) values ('117',1,to_date('2022-06-20','YYYY-MM-DD'));
Insert into TEAM1.MEMBER (USER_ID,ACCESS_ID,JOIN_DATE) values ('125',1,to_date('2022-06-20','YYYY-MM-DD'));
Insert into TEAM1.MEMBER (USER_ID,ACCESS_ID,JOIN_DATE) values ('126',1,to_date('2022-06-20','YYYY-MM-DD'));
Insert into TEAM1.MEMBER (USER_ID,ACCESS_ID,JOIN_DATE) values ('127',1,to_date('2022-06-20','YYYY-MM-DD'));
Insert into TEAM1.MEMBER (USER_ID,ACCESS_ID,JOIN_DATE) values ('10',1,to_date('2022-06-14','YYYY-MM-DD'));
Insert into TEAM1.MEMBER (USER_ID,ACCESS_ID,JOIN_DATE) values ('11',1,to_date('2022-06-14','YYYY-MM-DD'));
Insert into TEAM1.MEMBER (USER_ID,ACCESS_ID,JOIN_DATE) values ('12',1,to_date('2022-06-14','YYYY-MM-DD'));
Insert into TEAM1.MEMBER (USER_ID,ACCESS_ID,JOIN_DATE) values ('13',1,to_date('2022-06-14','YYYY-MM-DD'));
Insert into TEAM1.MEMBER (USER_ID,ACCESS_ID,JOIN_DATE) values ('14',1,to_date('2022-06-14','YYYY-MM-DD'));
Insert into TEAM1.MEMBER (USER_ID,ACCESS_ID,JOIN_DATE) values ('15',1,to_date('2022-06-14','YYYY-MM-DD'));
Insert into TEAM1.MEMBER (USER_ID,ACCESS_ID,JOIN_DATE) values ('24',1,to_date('2022-06-14','YYYY-MM-DD'));
Insert into TEAM1.MEMBER (USER_ID,ACCESS_ID,JOIN_DATE) values ('26',1,to_date('2022-06-14','YYYY-MM-DD'));
Insert into TEAM1.MEMBER (USER_ID,ACCESS_ID,JOIN_DATE) values ('28',1,to_date('2022-06-14','YYYY-MM-DD'));
Insert into TEAM1.MEMBER (USER_ID,ACCESS_ID,JOIN_DATE) values ('29',1,to_date('2022-06-14','YYYY-MM-DD'));
Insert into TEAM1.MEMBER (USER_ID,ACCESS_ID,JOIN_DATE) values ('30',1,to_date('2022-06-14','YYYY-MM-DD'));
Insert into TEAM1.MEMBER (USER_ID,ACCESS_ID,JOIN_DATE) values ('31',1,to_date('2022-06-14','YYYY-MM-DD'));
Insert into TEAM1.MEMBER (USER_ID,ACCESS_ID,JOIN_DATE) values ('32',1,to_date('2022-06-14','YYYY-MM-DD'));
Insert into TEAM1.MEMBER (USER_ID,ACCESS_ID,JOIN_DATE) values ('33',1,to_date('2022-06-14','YYYY-MM-DD'));
Insert into TEAM1.MEMBER (USER_ID,ACCESS_ID,JOIN_DATE) values ('35',1,to_date('2022-06-14','YYYY-MM-DD'));
Insert into TEAM1.MEMBER (USER_ID,ACCESS_ID,JOIN_DATE) values ('36',1,to_date('2022-06-14','YYYY-MM-DD'));
Insert into TEAM1.MEMBER (USER_ID,ACCESS_ID,JOIN_DATE) values ('40',1,to_date('2022-06-14','YYYY-MM-DD'));
Insert into TEAM1.MEMBER (USER_ID,ACCESS_ID,JOIN_DATE) values ('41',1,to_date('2022-06-14','YYYY-MM-DD'));
Insert into TEAM1.MEMBER (USER_ID,ACCESS_ID,JOIN_DATE) values ('44',1,to_date('2022-06-14','YYYY-MM-DD'));
Insert into TEAM1.MEMBER (USER_ID,ACCESS_ID,JOIN_DATE) values ('48',1,to_date('2022-06-15','YYYY-MM-DD'));
Insert into TEAM1.MEMBER (USER_ID,ACCESS_ID,JOIN_DATE) values ('50',1,to_date('2022-06-15','YYYY-MM-DD'));
Insert into TEAM1.MEMBER (USER_ID,ACCESS_ID,JOIN_DATE) values ('53',1,to_date('2022-06-15','YYYY-MM-DD'));
Insert into TEAM1.MEMBER (USER_ID,ACCESS_ID,JOIN_DATE) values ('54',1,to_date('2022-06-15','YYYY-MM-DD'));
Insert into TEAM1.MEMBER (USER_ID,ACCESS_ID,JOIN_DATE) values ('56',1,to_date('2022-06-15','YYYY-MM-DD'));
Insert into TEAM1.MEMBER (USER_ID,ACCESS_ID,JOIN_DATE) values ('58',1,to_date('2022-06-15','YYYY-MM-DD'));
Insert into TEAM1.MEMBER (USER_ID,ACCESS_ID,JOIN_DATE) values ('60',1,to_date('2022-06-15','YYYY-MM-DD'));
Insert into TEAM1.MEMBER (USER_ID,ACCESS_ID,JOIN_DATE) values ('62',1,to_date('2022-06-15','YYYY-MM-DD'));
Insert into TEAM1.MEMBER (USER_ID,ACCESS_ID,JOIN_DATE) values ('64',1,to_date('2022-06-15','YYYY-MM-DD'));
Insert into TEAM1.MEMBER (USER_ID,ACCESS_ID,JOIN_DATE) values ('65',1,to_date('2022-06-15','YYYY-MM-DD'));
Insert into TEAM1.MEMBER (USER_ID,ACCESS_ID,JOIN_DATE) values ('66',1,to_date('2022-06-15','YYYY-MM-DD'));
Insert into TEAM1.MEMBER (USER_ID,ACCESS_ID,JOIN_DATE) values ('67',1,to_date('2022-06-15','YYYY-MM-DD'));
Insert into TEAM1.MEMBER (USER_ID,ACCESS_ID,JOIN_DATE) values ('68',1,to_date('2022-06-15','YYYY-MM-DD'));
Insert into TEAM1.MEMBER (USER_ID,ACCESS_ID,JOIN_DATE) values ('69',1,to_date('2022-06-15','YYYY-MM-DD'));
Insert into TEAM1.MEMBER (USER_ID,ACCESS_ID,JOIN_DATE) values ('71',1,to_date('2022-06-15','YYYY-MM-DD'));
Insert into TEAM1.MEMBER (USER_ID,ACCESS_ID,JOIN_DATE) values ('72',1,to_date('2022-06-15','YYYY-MM-DD'));
Insert into TEAM1.MEMBER (USER_ID,ACCESS_ID,JOIN_DATE) values ('73',1,to_date('2022-06-15','YYYY-MM-DD'));
Insert into TEAM1.MEMBER (USER_ID,ACCESS_ID,JOIN_DATE) values ('78',1,to_date('2022-06-15','YYYY-MM-DD'));
Insert into TEAM1.MEMBER (USER_ID,ACCESS_ID,JOIN_DATE) values ('79',1,to_date('2022-06-15','YYYY-MM-DD'));
Insert into TEAM1.MEMBER (USER_ID,ACCESS_ID,JOIN_DATE) values ('80',1,to_date('2022-06-15','YYYY-MM-DD'));
Insert into TEAM1.MEMBER (USER_ID,ACCESS_ID,JOIN_DATE) values ('81',1,to_date('2022-06-15','YYYY-MM-DD'));
Insert into TEAM1.MEMBER (USER_ID,ACCESS_ID,JOIN_DATE) values ('82',1,to_date('2022-06-15','YYYY-MM-DD'));
Insert into TEAM1.MEMBER (USER_ID,ACCESS_ID,JOIN_DATE) values ('84',1,to_date('2022-06-18','YYYY-MM-DD'));
Insert into TEAM1.MEMBER (USER_ID,ACCESS_ID,JOIN_DATE) values ('85',1,to_date('2022-06-18','YYYY-MM-DD'));
Insert into TEAM1.MEMBER (USER_ID,ACCESS_ID,JOIN_DATE) values ('86',1,to_date('2022-06-18','YYYY-MM-DD'));
Insert into TEAM1.MEMBER (USER_ID,ACCESS_ID,JOIN_DATE) values ('87',1,to_date('2022-06-18','YYYY-MM-DD'));
Insert into TEAM1.MEMBER (USER_ID,ACCESS_ID,JOIN_DATE) values ('88',1,to_date('2022-06-18','YYYY-MM-DD'));
Insert into TEAM1.MEMBER (USER_ID,ACCESS_ID,JOIN_DATE) values ('89',1,to_date('2022-06-18','YYYY-MM-DD'));
Insert into TEAM1.MEMBER (USER_ID,ACCESS_ID,JOIN_DATE) values ('90',1,to_date('2022-06-18','YYYY-MM-DD'));
Insert into TEAM1.MEMBER (USER_ID,ACCESS_ID,JOIN_DATE) values ('91',1,to_date('2022-06-18','YYYY-MM-DD'));
Insert into TEAM1.MEMBER (USER_ID,ACCESS_ID,JOIN_DATE) values ('92',1,to_date('2022-06-18','YYYY-MM-DD'));
Insert into TEAM1.MEMBER (USER_ID,ACCESS_ID,JOIN_DATE) values ('94',1,to_date('2022-06-18','YYYY-MM-DD'));
Insert into TEAM1.MEMBER (USER_ID,ACCESS_ID,JOIN_DATE) values ('95',1,to_date('2022-06-18','YYYY-MM-DD'));
Insert into TEAM1.MEMBER (USER_ID,ACCESS_ID,JOIN_DATE) values ('96',1,to_date('2022-06-18','YYYY-MM-DD'));
Insert into TEAM1.MEMBER (USER_ID,ACCESS_ID,JOIN_DATE) values ('97',1,to_date('2022-06-18','YYYY-MM-DD'));
Insert into TEAM1.MEMBER (USER_ID,ACCESS_ID,JOIN_DATE) values ('107',1,to_date('2022-06-19','YYYY-MM-DD'));
Insert into TEAM1.MEMBER (USER_ID,ACCESS_ID,JOIN_DATE) values ('108',1,to_date('2022-06-19','YYYY-MM-DD'));
Insert into TEAM1.MEMBER (USER_ID,ACCESS_ID,JOIN_DATE) values ('109',1,to_date('2022-06-19','YYYY-MM-DD'));
Insert into TEAM1.MEMBER (USER_ID,ACCESS_ID,JOIN_DATE) values ('110',1,to_date('2022-06-19','YYYY-MM-DD'));
Insert into TEAM1.MEMBER (USER_ID,ACCESS_ID,JOIN_DATE) values ('2',1,to_date('2022-06-14','YYYY-MM-DD'));
Insert into TEAM1.MEMBER (USER_ID,ACCESS_ID,JOIN_DATE) values ('0',0,to_date('2022-06-14','YYYY-MM-DD'));
Insert into TEAM1.MEMBER (USER_ID,ACCESS_ID,JOIN_DATE) values ('3',1,to_date('2022-06-14','YYYY-MM-DD'));
Insert into TEAM1.MEMBER (USER_ID,ACCESS_ID,JOIN_DATE) values ('4',1,to_date('2022-06-14','YYYY-MM-DD'));
Insert into TEAM1.MEMBER (USER_ID,ACCESS_ID,JOIN_DATE) values ('1',0,to_date('2022-06-14','YYYY-MM-DD'));
Insert into TEAM1.MEMBER (USER_ID,ACCESS_ID,JOIN_DATE) values ('5',1,to_date('2022-06-15','YYYY-MM-DD'));
Insert into TEAM1.MEMBER (USER_ID,ACCESS_ID,JOIN_DATE) values ('6',1,to_date('2022-06-16','YYYY-MM-DD'));
Insert into TEAM1.MEMBER (USER_ID,ACCESS_ID,JOIN_DATE) values ('7',1,to_date('2022-06-17','YYYY-MM-DD'));
Insert into TEAM1.MEMBER (USER_ID,ACCESS_ID,JOIN_DATE) values ('34',1,to_date('2022-06-14','YYYY-MM-DD'));
Insert into TEAM1.MEMBER (USER_ID,ACCESS_ID,JOIN_DATE) values ('37',1,to_date('2022-06-14','YYYY-MM-DD'));
Insert into TEAM1.MEMBER (USER_ID,ACCESS_ID,JOIN_DATE) values ('51',1,to_date('2022-06-15','YYYY-MM-DD'));
Insert into TEAM1.MEMBER (USER_ID,ACCESS_ID,JOIN_DATE) values ('55',1,to_date('2022-06-15','YYYY-MM-DD'));
Insert into TEAM1.MEMBER (USER_ID,ACCESS_ID,JOIN_DATE) values ('57',1,to_date('2022-06-15','YYYY-MM-DD'));
Insert into TEAM1.MEMBER (USER_ID,ACCESS_ID,JOIN_DATE) values ('59',1,to_date('2022-06-15','YYYY-MM-DD'));
Insert into TEAM1.MEMBER (USER_ID,ACCESS_ID,JOIN_DATE) values ('61',1,to_date('2022-06-15','YYYY-MM-DD'));
Insert into TEAM1.MEMBER (USER_ID,ACCESS_ID,JOIN_DATE) values ('63',1,to_date('2022-06-15','YYYY-MM-DD'));
Insert into TEAM1.MEMBER (USER_ID,ACCESS_ID,JOIN_DATE) values ('70',1,to_date('2022-06-15','YYYY-MM-DD'));
Insert into TEAM1.MEMBER (USER_ID,ACCESS_ID,JOIN_DATE) values ('76',1,to_date('2022-06-15','YYYY-MM-DD'));
Insert into TEAM1.MEMBER (USER_ID,ACCESS_ID,JOIN_DATE) values ('98',1,to_date('2022-06-18','YYYY-MM-DD'));
Insert into TEAM1.MEMBER (USER_ID,ACCESS_ID,JOIN_DATE) values ('100',1,to_date('2022-06-18','YYYY-MM-DD'));
Insert into TEAM1.MEMBER (USER_ID,ACCESS_ID,JOIN_DATE) values ('111',1,to_date('2022-06-19','YYYY-MM-DD'));
Insert into TEAM1.MEMBER (USER_ID,ACCESS_ID,JOIN_DATE) values ('112',1,to_date('2022-06-19','YYYY-MM-DD'));
Insert into TEAM1.MEMBER (USER_ID,ACCESS_ID,JOIN_DATE) values ('120',1,to_date('2022-06-20','YYYY-MM-DD'));
Insert into TEAM1.MEMBER (USER_ID,ACCESS_ID,JOIN_DATE) values ('128',1,to_date('2022-06-20','YYYY-MM-DD'));
Insert into TEAM1.MEMBER (USER_ID,ACCESS_ID,JOIN_DATE) values ('21',1,to_date('2022-06-14','YYYY-MM-DD'));
Insert into TEAM1.MEMBER (USER_ID,ACCESS_ID,JOIN_DATE) values ('22',1,to_date('2022-06-14','YYYY-MM-DD'));
Insert into TEAM1.MEMBER (USER_ID,ACCESS_ID,JOIN_DATE) values ('27',1,to_date('2022-06-14','YYYY-MM-DD'));
Insert into TEAM1.MEMBER (USER_ID,ACCESS_ID,JOIN_DATE) values ('38',1,to_date('2022-06-14','YYYY-MM-DD'));
Insert into TEAM1.MEMBER (USER_ID,ACCESS_ID,JOIN_DATE) values ('52',1,to_date('2022-06-15','YYYY-MM-DD'));
Insert into TEAM1.MEMBER (USER_ID,ACCESS_ID,JOIN_DATE) values ('93',1,to_date('2022-06-18','YYYY-MM-DD'));
Insert into TEAM1.MEMBER (USER_ID,ACCESS_ID,JOIN_DATE) values ('101',1,to_date('2022-06-18','YYYY-MM-DD'));
Insert into TEAM1.MEMBER (USER_ID,ACCESS_ID,JOIN_DATE) values ('102',1,to_date('2022-06-18','YYYY-MM-DD'));
Insert into TEAM1.MEMBER (USER_ID,ACCESS_ID,JOIN_DATE) values ('114',1,to_date('2022-06-19','YYYY-MM-DD'));
REM INSERTING into TEAM1.MEMBER_ACCESS
SET DEFINE OFF;
Insert into TEAM1.MEMBER_ACCESS (ACCESS_ID,ACCESS_TYPE) values (0,'관리자');
Insert into TEAM1.MEMBER_ACCESS (ACCESS_ID,ACCESS_TYPE) values (1,'회원');
REM INSERTING into TEAM1.MESSAGE
SET DEFINE OFF;
Insert into TEAM1.MESSAGE (MESSAGE_ID,SENDER_ID,RECEIVER_ID,CONTENT,SEND_DATE,RECEIVE_DATE,SEND_DEL_DATE,RCEI_DEL_DATE) values ('1','2','82','쪽지 개수 구현 중',to_date('2022-06-16','YYYY-MM-DD'),null,null,null);
REM INSERTING into TEAM1.MOOD_PREFERENCE
SET DEFINE OFF;
Insert into TEAM1.MOOD_PREFERENCE (MOOD_P_ID,MP_CONTENT) values (0,'제한 없음');
Insert into TEAM1.MOOD_PREFERENCE (MOOD_P_ID,MP_CONTENT) values (1,'침묵이 좋아요');
Insert into TEAM1.MOOD_PREFERENCE (MOOD_P_ID,MP_CONTENT) values (2,'친목이 좋아요');
REM INSERTING into TEAM1.NICKNAME_CHANGE
SET DEFINE OFF;
REM INSERTING into TEAM1.NOTICE
SET DEFINE OFF;
Insert into TEAM1.NOTICE (NOTICE_ID,USER_ID,N_CONTENT_ID,SEND_DATE,OPEN_DATE) values ('39','2',9,to_date('2022-06-19','YYYY-MM-DD'),null);
Insert into TEAM1.NOTICE (NOTICE_ID,USER_ID,N_CONTENT_ID,SEND_DATE,OPEN_DATE) values ('40','2',9,to_date('2022-06-19','YYYY-MM-DD'),null);
Insert into TEAM1.NOTICE (NOTICE_ID,USER_ID,N_CONTENT_ID,SEND_DATE,OPEN_DATE) values ('41','2',9,to_date('2022-06-19','YYYY-MM-DD'),null);
Insert into TEAM1.NOTICE (NOTICE_ID,USER_ID,N_CONTENT_ID,SEND_DATE,OPEN_DATE) values ('52','105',1,to_date('2022-06-19','YYYY-MM-DD'),null);
Insert into TEAM1.NOTICE (NOTICE_ID,USER_ID,N_CONTENT_ID,SEND_DATE,OPEN_DATE) values ('53','105',6,to_date('2022-06-19','YYYY-MM-DD'),null);
Insert into TEAM1.NOTICE (NOTICE_ID,USER_ID,N_CONTENT_ID,SEND_DATE,OPEN_DATE) values ('54','105',9,to_date('2022-06-19','YYYY-MM-DD'),null);
Insert into TEAM1.NOTICE (NOTICE_ID,USER_ID,N_CONTENT_ID,SEND_DATE,OPEN_DATE) values ('55','105',4,to_date('2022-06-19','YYYY-MM-DD'),null);
Insert into TEAM1.NOTICE (NOTICE_ID,USER_ID,N_CONTENT_ID,SEND_DATE,OPEN_DATE) values ('56','105',2,to_date('2022-06-19','YYYY-MM-DD'),null);
REM INSERTING into TEAM1.NOTICE_CONTENT
SET DEFINE OFF;
Insert into TEAM1.NOTICE_CONTENT (N_CONTENT_ID,CONTENT) values (1,'모임확정');
Insert into TEAM1.NOTICE_CONTENT (N_CONTENT_ID,CONTENT) values (2,'모임수정');
Insert into TEAM1.NOTICE_CONTENT (N_CONTENT_ID,CONTENT) values (3,'모임삭제');
Insert into TEAM1.NOTICE_CONTENT (N_CONTENT_ID,CONTENT) values (4,'모임초대');
Insert into TEAM1.NOTICE_CONTENT (N_CONTENT_ID,CONTENT) values (5,'모임평가요청');
Insert into TEAM1.NOTICE_CONTENT (N_CONTENT_ID,CONTENT) values (6,'게시글삭제');
Insert into TEAM1.NOTICE_CONTENT (N_CONTENT_ID,CONTENT) values (7,'제재');
Insert into TEAM1.NOTICE_CONTENT (N_CONTENT_ID,CONTENT) values (8,'등급변경');
Insert into TEAM1.NOTICE_CONTENT (N_CONTENT_ID,CONTENT) values (9,'친구신청');
REM INSERTING into TEAM1.PARTICIPANT_PENALTY
SET DEFINE OFF;
Insert into TEAM1.PARTICIPANT_PENALTY (P_PENALTY_ID,PENALTY_TYPE_ID,PR_PROC_ID) values ('27',2,'39');
Insert into TEAM1.PARTICIPANT_PENALTY (P_PENALTY_ID,PENALTY_TYPE_ID,PR_PROC_ID) values ('7',2,'14');
Insert into TEAM1.PARTICIPANT_PENALTY (P_PENALTY_ID,PENALTY_TYPE_ID,PR_PROC_ID) values ('8',2,'16');
Insert into TEAM1.PARTICIPANT_PENALTY (P_PENALTY_ID,PENALTY_TYPE_ID,PR_PROC_ID) values ('9',2,'17');
Insert into TEAM1.PARTICIPANT_PENALTY (P_PENALTY_ID,PENALTY_TYPE_ID,PR_PROC_ID) values ('16',2,'22');
Insert into TEAM1.PARTICIPANT_PENALTY (P_PENALTY_ID,PENALTY_TYPE_ID,PR_PROC_ID) values ('18',2,'25');
Insert into TEAM1.PARTICIPANT_PENALTY (P_PENALTY_ID,PENALTY_TYPE_ID,PR_PROC_ID) values ('19',2,'26');
Insert into TEAM1.PARTICIPANT_PENALTY (P_PENALTY_ID,PENALTY_TYPE_ID,PR_PROC_ID) values ('20',2,'27');
Insert into TEAM1.PARTICIPANT_PENALTY (P_PENALTY_ID,PENALTY_TYPE_ID,PR_PROC_ID) values ('21',2,'29');
Insert into TEAM1.PARTICIPANT_PENALTY (P_PENALTY_ID,PENALTY_TYPE_ID,PR_PROC_ID) values ('22',2,'30');
Insert into TEAM1.PARTICIPANT_PENALTY (P_PENALTY_ID,PENALTY_TYPE_ID,PR_PROC_ID) values ('23',2,'32');
Insert into TEAM1.PARTICIPANT_PENALTY (P_PENALTY_ID,PENALTY_TYPE_ID,PR_PROC_ID) values ('24',2,'33');
Insert into TEAM1.PARTICIPANT_PENALTY (P_PENALTY_ID,PENALTY_TYPE_ID,PR_PROC_ID) values ('17',2,'23');
Insert into TEAM1.PARTICIPANT_PENALTY (P_PENALTY_ID,PENALTY_TYPE_ID,PR_PROC_ID) values ('33',2,'46');
Insert into TEAM1.PARTICIPANT_PENALTY (P_PENALTY_ID,PENALTY_TYPE_ID,PR_PROC_ID) values ('34',2,'47');
Insert into TEAM1.PARTICIPANT_PENALTY (P_PENALTY_ID,PENALTY_TYPE_ID,PR_PROC_ID) values ('36',2,'49');
Insert into TEAM1.PARTICIPANT_PENALTY (P_PENALTY_ID,PENALTY_TYPE_ID,PR_PROC_ID) values ('37',2,'50');
Insert into TEAM1.PARTICIPANT_PENALTY (P_PENALTY_ID,PENALTY_TYPE_ID,PR_PROC_ID) values ('38',2,'51');
REM INSERTING into TEAM1.PARTICIPANT_REPORT
SET DEFINE OFF;
Insert into TEAM1.PARTICIPANT_REPORT (PARTICI_R_ID,USER_ID,REPORTED_ID,CONTENT,REPORT_DATE) values ('69','96','99','테스트 중1',to_date('2022-06-19','YYYY-MM-DD'));
Insert into TEAM1.PARTICIPANT_REPORT (PARTICI_R_ID,USER_ID,REPORTED_ID,CONTENT,REPORT_DATE) values ('71','98','97','테스트 중3',to_date('2022-06-19','YYYY-MM-DD'));
Insert into TEAM1.PARTICIPANT_REPORT (PARTICI_R_ID,USER_ID,REPORTED_ID,CONTENT,REPORT_DATE) values ('73','96','99','테스트 중5',to_date('2022-06-19','YYYY-MM-DD'));
Insert into TEAM1.PARTICIPANT_REPORT (PARTICI_R_ID,USER_ID,REPORTED_ID,CONTENT,REPORT_DATE) values ('75','98','97','테스트 중7',to_date('2022-06-19','YYYY-MM-DD'));
Insert into TEAM1.PARTICIPANT_REPORT (PARTICI_R_ID,USER_ID,REPORTED_ID,CONTENT,REPORT_DATE) values ('77','96','99','테스트 중9',to_date('2022-06-19','YYYY-MM-DD'));
Insert into TEAM1.PARTICIPANT_REPORT (PARTICI_R_ID,USER_ID,REPORTED_ID,CONTENT,REPORT_DATE) values ('79','98','97','테스트 중11',to_date('2022-06-19','YYYY-MM-DD'));
Insert into TEAM1.PARTICIPANT_REPORT (PARTICI_R_ID,USER_ID,REPORTED_ID,CONTENT,REPORT_DATE) values ('81','96','99','테스트 중13',to_date('2022-06-19','YYYY-MM-DD'));
Insert into TEAM1.PARTICIPANT_REPORT (PARTICI_R_ID,USER_ID,REPORTED_ID,CONTENT,REPORT_DATE) values ('83','98','97','테스트 중15',to_date('2022-06-19','YYYY-MM-DD'));
Insert into TEAM1.PARTICIPANT_REPORT (PARTICI_R_ID,USER_ID,REPORTED_ID,CONTENT,REPORT_DATE) values ('85','96','99','테스트 중17',to_date('2022-06-19','YYYY-MM-DD'));
Insert into TEAM1.PARTICIPANT_REPORT (PARTICI_R_ID,USER_ID,REPORTED_ID,CONTENT,REPORT_DATE) values ('87','98','97','테스트 중19',to_date('2022-06-19','YYYY-MM-DD'));
Insert into TEAM1.PARTICIPANT_REPORT (PARTICI_R_ID,USER_ID,REPORTED_ID,CONTENT,REPORT_DATE) values ('89','96','99','테스트 중21',to_date('2022-06-19','YYYY-MM-DD'));
Insert into TEAM1.PARTICIPANT_REPORT (PARTICI_R_ID,USER_ID,REPORTED_ID,CONTENT,REPORT_DATE) values ('91','98','97','테스트 중23',to_date('2022-06-19','YYYY-MM-DD'));
Insert into TEAM1.PARTICIPANT_REPORT (PARTICI_R_ID,USER_ID,REPORTED_ID,CONTENT,REPORT_DATE) values ('93','96','99','테스트 중25',to_date('2022-06-19','YYYY-MM-DD'));
Insert into TEAM1.PARTICIPANT_REPORT (PARTICI_R_ID,USER_ID,REPORTED_ID,CONTENT,REPORT_DATE) values ('95','98','97','테스트 중27',to_date('2022-06-19','YYYY-MM-DD'));
Insert into TEAM1.PARTICIPANT_REPORT (PARTICI_R_ID,USER_ID,REPORTED_ID,CONTENT,REPORT_DATE) values ('97','96','99','테스트 중29',to_date('2022-06-19','YYYY-MM-DD'));
Insert into TEAM1.PARTICIPANT_REPORT (PARTICI_R_ID,USER_ID,REPORTED_ID,CONTENT,REPORT_DATE) values ('99','98','97','테스트 중31',to_date('2022-06-19','YYYY-MM-DD'));
Insert into TEAM1.PARTICIPANT_REPORT (PARTICI_R_ID,USER_ID,REPORTED_ID,CONTENT,REPORT_DATE) values ('101','96','99','테스트 중33',to_date('2022-06-19','YYYY-MM-DD'));
Insert into TEAM1.PARTICIPANT_REPORT (PARTICI_R_ID,USER_ID,REPORTED_ID,CONTENT,REPORT_DATE) values ('103','98','97','테스트 중35',to_date('2022-06-19','YYYY-MM-DD'));
Insert into TEAM1.PARTICIPANT_REPORT (PARTICI_R_ID,USER_ID,REPORTED_ID,CONTENT,REPORT_DATE) values ('105','96','99','테스트 중37',to_date('2022-06-19','YYYY-MM-DD'));
Insert into TEAM1.PARTICIPANT_REPORT (PARTICI_R_ID,USER_ID,REPORTED_ID,CONTENT,REPORT_DATE) values ('107','98','97','테스트 중39',to_date('2022-06-19','YYYY-MM-DD'));
Insert into TEAM1.PARTICIPANT_REPORT (PARTICI_R_ID,USER_ID,REPORTED_ID,CONTENT,REPORT_DATE) values ('109','96','99','테스트 중41',to_date('2022-06-19','YYYY-MM-DD'));
Insert into TEAM1.PARTICIPANT_REPORT (PARTICI_R_ID,USER_ID,REPORTED_ID,CONTENT,REPORT_DATE) values ('111','98','97','테스트 중43',to_date('2022-06-19','YYYY-MM-DD'));
Insert into TEAM1.PARTICIPANT_REPORT (PARTICI_R_ID,USER_ID,REPORTED_ID,CONTENT,REPORT_DATE) values ('113','96','99','테스트 중45',to_date('2022-06-19','YYYY-MM-DD'));
Insert into TEAM1.PARTICIPANT_REPORT (PARTICI_R_ID,USER_ID,REPORTED_ID,CONTENT,REPORT_DATE) values ('115','98','97','테스트 중47',to_date('2022-06-19','YYYY-MM-DD'));
Insert into TEAM1.PARTICIPANT_REPORT (PARTICI_R_ID,USER_ID,REPORTED_ID,CONTENT,REPORT_DATE) values ('117','96','99','테스트 중49',to_date('2022-06-19','YYYY-MM-DD'));
Insert into TEAM1.PARTICIPANT_REPORT (PARTICI_R_ID,USER_ID,REPORTED_ID,CONTENT,REPORT_DATE) values ('5','2','5','테스트 중. 아마 미처리',to_date('2022-06-13','YYYY-MM-DD'));
Insert into TEAM1.PARTICIPANT_REPORT (PARTICI_R_ID,USER_ID,REPORTED_ID,CONTENT,REPORT_DATE) values ('6','7','6','신고 테스트 중.',to_date('2022-06-09','YYYY-MM-DD'));
Insert into TEAM1.PARTICIPANT_REPORT (PARTICI_R_ID,USER_ID,REPORTED_ID,CONTENT,REPORT_DATE) values ('1','2','3','테스트 승인할 내용',to_date('2022-06-10','YYYY-MM-DD'));
Insert into TEAM1.PARTICIPANT_REPORT (PARTICI_R_ID,USER_ID,REPORTED_ID,CONTENT,REPORT_DATE) values ('2','2','4','테스트 중',to_date('2022-06-12','YYYY-MM-DD'));
REM INSERTING into TEAM1.PARTICIPANT_REPORT_PROCESS
SET DEFINE OFF;
Insert into TEAM1.PARTICIPANT_REPORT_PROCESS (PR_PROC_ID,PARTICI_R_ID,ADMIN_ID,PROC_STATUS_ID,PROCESS_DATE) values ('39','5','1',2,to_date('2022-06-19','YYYY-MM-DD'));
Insert into TEAM1.PARTICIPANT_REPORT_PROCESS (PR_PROC_ID,PARTICI_R_ID,ADMIN_ID,PROC_STATUS_ID,PROCESS_DATE) values ('14','2','0',1,to_date('2022-06-12','YYYY-MM-DD'));
Insert into TEAM1.PARTICIPANT_REPORT_PROCESS (PR_PROC_ID,PARTICI_R_ID,ADMIN_ID,PROC_STATUS_ID,PROCESS_DATE) values ('15','2','0',3,to_date('2022-06-14','YYYY-MM-DD'));
Insert into TEAM1.PARTICIPANT_REPORT_PROCESS (PR_PROC_ID,PARTICI_R_ID,ADMIN_ID,PROC_STATUS_ID,PROCESS_DATE) values ('16','1','0',1,to_date('2022-06-11','YYYY-MM-DD'));
Insert into TEAM1.PARTICIPANT_REPORT_PROCESS (PR_PROC_ID,PARTICI_R_ID,ADMIN_ID,PROC_STATUS_ID,PROCESS_DATE) values ('17','5','0',2,to_date('2022-06-14','YYYY-MM-DD'));
Insert into TEAM1.PARTICIPANT_REPORT_PROCESS (PR_PROC_ID,PARTICI_R_ID,ADMIN_ID,PROC_STATUS_ID,PROCESS_DATE) values ('22','5','1',1,to_date('2022-06-17','YYYY-MM-DD'));
Insert into TEAM1.PARTICIPANT_REPORT_PROCESS (PR_PROC_ID,PARTICI_R_ID,ADMIN_ID,PROC_STATUS_ID,PROCESS_DATE) values ('25','5','1',2,to_date('2022-06-17','YYYY-MM-DD'));
Insert into TEAM1.PARTICIPANT_REPORT_PROCESS (PR_PROC_ID,PARTICI_R_ID,ADMIN_ID,PROC_STATUS_ID,PROCESS_DATE) values ('26','6','1',1,to_date('2022-06-17','YYYY-MM-DD'));
Insert into TEAM1.PARTICIPANT_REPORT_PROCESS (PR_PROC_ID,PARTICI_R_ID,ADMIN_ID,PROC_STATUS_ID,PROCESS_DATE) values ('27','2','1',1,to_date('2022-06-17','YYYY-MM-DD'));
Insert into TEAM1.PARTICIPANT_REPORT_PROCESS (PR_PROC_ID,PARTICI_R_ID,ADMIN_ID,PROC_STATUS_ID,PROCESS_DATE) values ('28','5','1',3,to_date('2022-06-17','YYYY-MM-DD'));
Insert into TEAM1.PARTICIPANT_REPORT_PROCESS (PR_PROC_ID,PARTICI_R_ID,ADMIN_ID,PROC_STATUS_ID,PROCESS_DATE) values ('29','2','1',2,to_date('2022-06-17','YYYY-MM-DD'));
Insert into TEAM1.PARTICIPANT_REPORT_PROCESS (PR_PROC_ID,PARTICI_R_ID,ADMIN_ID,PROC_STATUS_ID,PROCESS_DATE) values ('30','2','1',1,to_date('2022-06-17','YYYY-MM-DD'));
Insert into TEAM1.PARTICIPANT_REPORT_PROCESS (PR_PROC_ID,PARTICI_R_ID,ADMIN_ID,PROC_STATUS_ID,PROCESS_DATE) values ('32','2','1',1,to_date('2022-06-17','YYYY-MM-DD'));
Insert into TEAM1.PARTICIPANT_REPORT_PROCESS (PR_PROC_ID,PARTICI_R_ID,ADMIN_ID,PROC_STATUS_ID,PROCESS_DATE) values ('33','2','1',2,to_date('2022-06-17','YYYY-MM-DD'));
Insert into TEAM1.PARTICIPANT_REPORT_PROCESS (PR_PROC_ID,PARTICI_R_ID,ADMIN_ID,PROC_STATUS_ID,PROCESS_DATE) values ('34','6','1',3,to_date('2022-06-17','YYYY-MM-DD'));
Insert into TEAM1.PARTICIPANT_REPORT_PROCESS (PR_PROC_ID,PARTICI_R_ID,ADMIN_ID,PROC_STATUS_ID,PROCESS_DATE) values ('35','1','1',3,to_date('2022-06-17','YYYY-MM-DD'));
Insert into TEAM1.PARTICIPANT_REPORT_PROCESS (PR_PROC_ID,PARTICI_R_ID,ADMIN_ID,PROC_STATUS_ID,PROCESS_DATE) values ('23','2','1',1,to_date('2022-06-17','YYYY-MM-DD'));
Insert into TEAM1.PARTICIPANT_REPORT_PROCESS (PR_PROC_ID,PARTICI_R_ID,ADMIN_ID,PROC_STATUS_ID,PROCESS_DATE) values ('24','2','1',3,to_date('2022-06-17','YYYY-MM-DD'));
Insert into TEAM1.PARTICIPANT_REPORT_PROCESS (PR_PROC_ID,PARTICI_R_ID,ADMIN_ID,PROC_STATUS_ID,PROCESS_DATE) values ('31','2','1',3,to_date('2022-06-17','YYYY-MM-DD'));
Insert into TEAM1.PARTICIPANT_REPORT_PROCESS (PR_PROC_ID,PARTICI_R_ID,ADMIN_ID,PROC_STATUS_ID,PROCESS_DATE) values ('46','99','1',2,to_date('2022-06-19','YYYY-MM-DD'));
Insert into TEAM1.PARTICIPANT_REPORT_PROCESS (PR_PROC_ID,PARTICI_R_ID,ADMIN_ID,PROC_STATUS_ID,PROCESS_DATE) values ('47','89','1',2,to_date('2022-06-19','YYYY-MM-DD'));
Insert into TEAM1.PARTICIPANT_REPORT_PROCESS (PR_PROC_ID,PARTICI_R_ID,ADMIN_ID,PROC_STATUS_ID,PROCESS_DATE) values ('49','103','1',1,to_date('2022-06-19','YYYY-MM-DD'));
Insert into TEAM1.PARTICIPANT_REPORT_PROCESS (PR_PROC_ID,PARTICI_R_ID,ADMIN_ID,PROC_STATUS_ID,PROCESS_DATE) values ('50','105','1',1,to_date('2022-06-19','YYYY-MM-DD'));
Insert into TEAM1.PARTICIPANT_REPORT_PROCESS (PR_PROC_ID,PARTICI_R_ID,ADMIN_ID,PROC_STATUS_ID,PROCESS_DATE) values ('51','91','1',1,to_date('2022-06-19','YYYY-MM-DD'));
Insert into TEAM1.PARTICIPANT_REPORT_PROCESS (PR_PROC_ID,PARTICI_R_ID,ADMIN_ID,PROC_STATUS_ID,PROCESS_DATE) values ('52','91','1',3,to_date('2022-06-19','YYYY-MM-DD'));
REM INSERTING into TEAM1.PARTICIPATED_MEMBER
SET DEFINE OFF;
Insert into TEAM1.PARTICIPATED_MEMBER (P_MEMBER_ID,USER_ID,RIDING_ID,PARTICI_DATE) values ('14','10','1',to_date('2022-06-16','YYYY-MM-DD'));
Insert into TEAM1.PARTICIPATED_MEMBER (P_MEMBER_ID,USER_ID,RIDING_ID,PARTICI_DATE) values ('15','11','1',to_date('2022-06-16','YYYY-MM-DD'));
Insert into TEAM1.PARTICIPATED_MEMBER (P_MEMBER_ID,USER_ID,RIDING_ID,PARTICI_DATE) values ('16','12','1',to_date('2022-06-16','YYYY-MM-DD'));
Insert into TEAM1.PARTICIPATED_MEMBER (P_MEMBER_ID,USER_ID,RIDING_ID,PARTICI_DATE) values ('17','13','1',to_date('2022-06-16','YYYY-MM-DD'));
Insert into TEAM1.PARTICIPATED_MEMBER (P_MEMBER_ID,USER_ID,RIDING_ID,PARTICI_DATE) values ('18','14','1',to_date('2022-06-16','YYYY-MM-DD'));
Insert into TEAM1.PARTICIPATED_MEMBER (P_MEMBER_ID,USER_ID,RIDING_ID,PARTICI_DATE) values ('19','15','1',to_date('2022-06-16','YYYY-MM-DD'));
Insert into TEAM1.PARTICIPATED_MEMBER (P_MEMBER_ID,USER_ID,RIDING_ID,PARTICI_DATE) values ('20','82','3',to_date('2022-06-17','YYYY-MM-DD'));
Insert into TEAM1.PARTICIPATED_MEMBER (P_MEMBER_ID,USER_ID,RIDING_ID,PARTICI_DATE) values ('42','102','16',to_date('2022-06-19','YYYY-MM-DD'));
Insert into TEAM1.PARTICIPATED_MEMBER (P_MEMBER_ID,USER_ID,RIDING_ID,PARTICI_DATE) values ('45','102','4',to_date('2022-06-19','YYYY-MM-DD'));
Insert into TEAM1.PARTICIPATED_MEMBER (P_MEMBER_ID,USER_ID,RIDING_ID,PARTICI_DATE) values ('48','105','4',to_date('2022-06-19','YYYY-MM-DD'));
Insert into TEAM1.PARTICIPATED_MEMBER (P_MEMBER_ID,USER_ID,RIDING_ID,PARTICI_DATE) values ('49','84','4',to_date('2022-06-19','YYYY-MM-DD'));
Insert into TEAM1.PARTICIPATED_MEMBER (P_MEMBER_ID,USER_ID,RIDING_ID,PARTICI_DATE) values ('21','60','1',to_date('2022-06-17','YYYY-MM-DD'));
Insert into TEAM1.PARTICIPATED_MEMBER (P_MEMBER_ID,USER_ID,RIDING_ID,PARTICI_DATE) values ('22','61','1',to_date('2022-06-17','YYYY-MM-DD'));
Insert into TEAM1.PARTICIPATED_MEMBER (P_MEMBER_ID,USER_ID,RIDING_ID,PARTICI_DATE) values ('23','62','1',to_date('2022-06-17','YYYY-MM-DD'));
Insert into TEAM1.PARTICIPATED_MEMBER (P_MEMBER_ID,USER_ID,RIDING_ID,PARTICI_DATE) values ('24','63','1',to_date('2022-06-17','YYYY-MM-DD'));
Insert into TEAM1.PARTICIPATED_MEMBER (P_MEMBER_ID,USER_ID,RIDING_ID,PARTICI_DATE) values ('25','64','1',to_date('2022-06-17','YYYY-MM-DD'));
Insert into TEAM1.PARTICIPATED_MEMBER (P_MEMBER_ID,USER_ID,RIDING_ID,PARTICI_DATE) values ('26','65','1',to_date('2022-06-17','YYYY-MM-DD'));
Insert into TEAM1.PARTICIPATED_MEMBER (P_MEMBER_ID,USER_ID,RIDING_ID,PARTICI_DATE) values ('27','66','1',to_date('2022-06-17','YYYY-MM-DD'));
Insert into TEAM1.PARTICIPATED_MEMBER (P_MEMBER_ID,USER_ID,RIDING_ID,PARTICI_DATE) values ('28','67','1',to_date('2022-06-17','YYYY-MM-DD'));
Insert into TEAM1.PARTICIPATED_MEMBER (P_MEMBER_ID,USER_ID,RIDING_ID,PARTICI_DATE) values ('29','68','1',to_date('2022-06-17','YYYY-MM-DD'));
Insert into TEAM1.PARTICIPATED_MEMBER (P_MEMBER_ID,USER_ID,RIDING_ID,PARTICI_DATE) values ('30','69','1',to_date('2022-06-17','YYYY-MM-DD'));
Insert into TEAM1.PARTICIPATED_MEMBER (P_MEMBER_ID,USER_ID,RIDING_ID,PARTICI_DATE) values ('31','80','1',to_date('2022-06-17','YYYY-MM-DD'));
Insert into TEAM1.PARTICIPATED_MEMBER (P_MEMBER_ID,USER_ID,RIDING_ID,PARTICI_DATE) values ('32','81','1',to_date('2022-06-17','YYYY-MM-DD'));
Insert into TEAM1.PARTICIPATED_MEMBER (P_MEMBER_ID,USER_ID,RIDING_ID,PARTICI_DATE) values ('33','82','1',to_date('2022-06-17','YYYY-MM-DD'));
Insert into TEAM1.PARTICIPATED_MEMBER (P_MEMBER_ID,USER_ID,RIDING_ID,PARTICI_DATE) values ('34','83','1',to_date('2022-06-17','YYYY-MM-DD'));
Insert into TEAM1.PARTICIPATED_MEMBER (P_MEMBER_ID,USER_ID,RIDING_ID,PARTICI_DATE) values ('35','40','4',to_date('2022-06-17','YYYY-MM-DD'));
Insert into TEAM1.PARTICIPATED_MEMBER (P_MEMBER_ID,USER_ID,RIDING_ID,PARTICI_DATE) values ('36','41','4',to_date('2022-06-17','YYYY-MM-DD'));
Insert into TEAM1.PARTICIPATED_MEMBER (P_MEMBER_ID,USER_ID,RIDING_ID,PARTICI_DATE) values ('37','42','4',to_date('2022-06-17','YYYY-MM-DD'));
Insert into TEAM1.PARTICIPATED_MEMBER (P_MEMBER_ID,USER_ID,RIDING_ID,PARTICI_DATE) values ('38','43','4',to_date('2022-06-17','YYYY-MM-DD'));
Insert into TEAM1.PARTICIPATED_MEMBER (P_MEMBER_ID,USER_ID,RIDING_ID,PARTICI_DATE) values ('39','44','4',to_date('2022-06-17','YYYY-MM-DD'));
Insert into TEAM1.PARTICIPATED_MEMBER (P_MEMBER_ID,USER_ID,RIDING_ID,PARTICI_DATE) values ('40','102','13',to_date('2022-06-18','YYYY-MM-DD'));
Insert into TEAM1.PARTICIPATED_MEMBER (P_MEMBER_ID,USER_ID,RIDING_ID,PARTICI_DATE) values ('1','2','1',to_date('2022-06-15','YYYY-MM-DD'));
REM INSERTING into TEAM1.PENALTY_TYPE
SET DEFINE OFF;
Insert into TEAM1.PENALTY_TYPE (PENALTY_TYPE_ID,CONTENT) values (1,'사이트 이용 제한');
Insert into TEAM1.PENALTY_TYPE (PENALTY_TYPE_ID,CONTENT) values (2,'라이딩 모임 생성 및 참여 제한');
REM INSERTING into TEAM1.PROFILE
SET DEFINE OFF;
Insert into TEAM1.PROFILE (PROFILE_ID,USER_ID,MOOD_P_ID,EAT_P_ID,PIMG_ID,DINING_P_ID,SEX_P_ID,AGE_P_ID,EMAIL,BIRTHDAY,SEX,PASSWORD,NICKNAME,INTRODUCE) values ('40','2',0,0,'1',0,'0','0','penalty@test.com',to_date('1999-07-02','YYYY-MM-DD'),'f','12341234','온풀',null);
Insert into TEAM1.PROFILE (PROFILE_ID,USER_ID,MOOD_P_ID,EAT_P_ID,PIMG_ID,DINING_P_ID,SEX_P_ID,AGE_P_ID,EMAIL,BIRTHDAY,SEX,PASSWORD,NICKNAME,INTRODUCE) values ('98','10',0,0,'1',0,'0','0','eh1@gmail.com',to_date('1999-07-01','YYYY-MM-DD'),'f','eh1','은혜1',null);
Insert into TEAM1.PROFILE (PROFILE_ID,USER_ID,MOOD_P_ID,EAT_P_ID,PIMG_ID,DINING_P_ID,SEX_P_ID,AGE_P_ID,EMAIL,BIRTHDAY,SEX,PASSWORD,NICKNAME,INTRODUCE) values ('99','11',0,0,'1',0,'0','0','eh2@gmail.com',to_date('1998-07-02','YYYY-MM-DD'),'f','eh2','은혜2',null);
Insert into TEAM1.PROFILE (PROFILE_ID,USER_ID,MOOD_P_ID,EAT_P_ID,PIMG_ID,DINING_P_ID,SEX_P_ID,AGE_P_ID,EMAIL,BIRTHDAY,SEX,PASSWORD,NICKNAME,INTRODUCE) values ('100','12',0,0,'1',0,'0','0','eh3@gmail.com',to_date('1997-07-02','YYYY-MM-DD'),'f','eh3','은혜3',null);
Insert into TEAM1.PROFILE (PROFILE_ID,USER_ID,MOOD_P_ID,EAT_P_ID,PIMG_ID,DINING_P_ID,SEX_P_ID,AGE_P_ID,EMAIL,BIRTHDAY,SEX,PASSWORD,NICKNAME,INTRODUCE) values ('101','13',0,0,'1',0,'0','0','eh4@gmail.com',to_date('1994-07-02','YYYY-MM-DD'),'f','eh4','은혜4',null);
Insert into TEAM1.PROFILE (PROFILE_ID,USER_ID,MOOD_P_ID,EAT_P_ID,PIMG_ID,DINING_P_ID,SEX_P_ID,AGE_P_ID,EMAIL,BIRTHDAY,SEX,PASSWORD,NICKNAME,INTRODUCE) values ('102','14',0,0,'1',0,'0','0','eh5@gmail.com',to_date('1989-07-02','YYYY-MM-DD'),'f','eh5','은혜5',null);
Insert into TEAM1.PROFILE (PROFILE_ID,USER_ID,MOOD_P_ID,EAT_P_ID,PIMG_ID,DINING_P_ID,SEX_P_ID,AGE_P_ID,EMAIL,BIRTHDAY,SEX,PASSWORD,NICKNAME,INTRODUCE) values ('103','15',0,0,'1',0,'0','0','eh6@gmail.com',to_date('1988-07-02','YYYY-MM-DD'),'f','eh6','은혜6',null);
Insert into TEAM1.PROFILE (PROFILE_ID,USER_ID,MOOD_P_ID,EAT_P_ID,PIMG_ID,DINING_P_ID,SEX_P_ID,AGE_P_ID,EMAIL,BIRTHDAY,SEX,PASSWORD,NICKNAME,INTRODUCE) values ('105','0',0,0,'1',0,'0','0','admin',to_date('2022-06-20','YYYY-MM-DD'),'0','java006$','0',null);
Insert into TEAM1.PROFILE (PROFILE_ID,USER_ID,MOOD_P_ID,EAT_P_ID,PIMG_ID,DINING_P_ID,SEX_P_ID,AGE_P_ID,EMAIL,BIRTHDAY,SEX,PASSWORD,NICKNAME,INTRODUCE) values ('106','1',0,0,'1',0,'0','0','admin2',to_date('2022-06-20','YYYY-MM-DD'),'0','java006$','0',null);
Insert into TEAM1.PROFILE (PROFILE_ID,USER_ID,MOOD_P_ID,EAT_P_ID,PIMG_ID,DINING_P_ID,SEX_P_ID,AGE_P_ID,EMAIL,BIRTHDAY,SEX,PASSWORD,NICKNAME,INTRODUCE) values ('138','115',0,0,'1',0,'0','0','dsfsdfdsfsdfdsdfdsfdsfdssd',to_date('2022-06-15','YYYY-MM-DD'),'0','dsfdsfdsfd','sdfdsfdssdfs',null);
Insert into TEAM1.PROFILE (PROFILE_ID,USER_ID,MOOD_P_ID,EAT_P_ID,PIMG_ID,DINING_P_ID,SEX_P_ID,AGE_P_ID,EMAIL,BIRTHDAY,SEX,PASSWORD,NICKNAME,INTRODUCE) values ('139','116',1,1,'1',2,'0','2','sist@gmail.com',to_date('1996-02-08','YYYY-MM-DD'),'0','12341234','테스트용입니다',null);
Insert into TEAM1.PROFILE (PROFILE_ID,USER_ID,MOOD_P_ID,EAT_P_ID,PIMG_ID,DINING_P_ID,SEX_P_ID,AGE_P_ID,EMAIL,BIRTHDAY,SEX,PASSWORD,NICKNAME,INTRODUCE) values ('141','118',0,0,'1',0,'0','0','sdfdsfdsfdsfds',to_date('2022-06-13','YYYY-MM-DD'),'0','dsfdsfdsdsf','dfsdfdsfds',null);
Insert into TEAM1.PROFILE (PROFILE_ID,USER_ID,MOOD_P_ID,EAT_P_ID,PIMG_ID,DINING_P_ID,SEX_P_ID,AGE_P_ID,EMAIL,BIRTHDAY,SEX,PASSWORD,NICKNAME,INTRODUCE) values ('142','119',0,0,'1',0,'0','0','asdsadasd',to_date('2022-06-06','YYYY-MM-DD'),'0','adasdasdas','sdasdsad',null);
Insert into TEAM1.PROFILE (PROFILE_ID,USER_ID,MOOD_P_ID,EAT_P_ID,PIMG_ID,DINING_P_ID,SEX_P_ID,AGE_P_ID,EMAIL,BIRTHDAY,SEX,PASSWORD,NICKNAME,INTRODUCE) values ('144','121',0,0,'1',0,'0','0','dsfdsfsd',to_date('2022-06-13','YYYY-MM-DD'),'0','dsfdsfsdfds','최문정dfds',null);
Insert into TEAM1.PROFILE (PROFILE_ID,USER_ID,MOOD_P_ID,EAT_P_ID,PIMG_ID,DINING_P_ID,SEX_P_ID,AGE_P_ID,EMAIL,BIRTHDAY,SEX,PASSWORD,NICKNAME,INTRODUCE) values ('145','122',0,0,'1',0,'0','0','withdraw@test.com',to_date('2022-06-13','YYYY-MM-DD'),'0','12341234','테스트qweqweq',null);
Insert into TEAM1.PROFILE (PROFILE_ID,USER_ID,MOOD_P_ID,EAT_P_ID,PIMG_ID,DINING_P_ID,SEX_P_ID,AGE_P_ID,EMAIL,BIRTHDAY,SEX,PASSWORD,NICKNAME,INTRODUCE) values ('146','123',0,0,'1',0,'2','2','eh0606@test.com',to_date('1998-06-06','YYYY-MM-DD'),'2','dmsgP98006','난은혜',null);
Insert into TEAM1.PROFILE (PROFILE_ID,USER_ID,MOOD_P_ID,EAT_P_ID,PIMG_ID,DINING_P_ID,SEX_P_ID,AGE_P_ID,EMAIL,BIRTHDAY,SEX,PASSWORD,NICKNAME,INTRODUCE) values ('147','124',1,0,'1',1,'1','0','test0620@gmail.com',to_date('2014-04-17','YYYY-MM-DD'),'1','12341234','테스트임',null);
Insert into TEAM1.PROFILE (PROFILE_ID,USER_ID,MOOD_P_ID,EAT_P_ID,PIMG_ID,DINING_P_ID,SEX_P_ID,AGE_P_ID,EMAIL,BIRTHDAY,SEX,PASSWORD,NICKNAME,INTRODUCE) values ('122','99',0,0,'1',0,'0','0','1234@1234.com',to_date('1999-07-07','YYYY-MM-DD'),'0','ddddddddd','dddddddd',null);
Insert into TEAM1.PROFILE (PROFILE_ID,USER_ID,MOOD_P_ID,EAT_P_ID,PIMG_ID,DINING_P_ID,SEX_P_ID,AGE_P_ID,EMAIL,BIRTHDAY,SEX,PASSWORD,NICKNAME,INTRODUCE) values ('126','103',0,0,'1',0,'0','0','ㄹㅇㄴㄹㄴ',to_date('2022-06-06','YYYY-MM-DD'),'0','dsfdsfdsfsd','테스트ㅇㄹㅇ',null);
Insert into TEAM1.PROFILE (PROFILE_ID,USER_ID,MOOD_P_ID,EAT_P_ID,PIMG_ID,DINING_P_ID,SEX_P_ID,AGE_P_ID,EMAIL,BIRTHDAY,SEX,PASSWORD,NICKNAME,INTRODUCE) values ('127','104',0,0,'1',0,'2','0','123123',to_date('2022-06-07','YYYY-MM-DD'),'2','123123123','123456',null);
Insert into TEAM1.PROFILE (PROFILE_ID,USER_ID,MOOD_P_ID,EAT_P_ID,PIMG_ID,DINING_P_ID,SEX_P_ID,AGE_P_ID,EMAIL,BIRTHDAY,SEX,PASSWORD,NICKNAME,INTRODUCE) values ('128','105',0,0,'1',0,'0','0','chmj072@gmail.com',to_date('1999-07-02','YYYY-MM-DD'),'0','12341234','문정',null);
Insert into TEAM1.PROFILE (PROFILE_ID,USER_ID,MOOD_P_ID,EAT_P_ID,PIMG_ID,DINING_P_ID,SEX_P_ID,AGE_P_ID,EMAIL,BIRTHDAY,SEX,PASSWORD,NICKNAME,INTRODUCE) values ('59','42',0,0,'1',0,'0','0','sdfdsfdsfsd',to_date('2022-06-16','YYYY-MM-DD'),'0','sdfsddsffds','sdfsdf',null);
Insert into TEAM1.PROFILE (PROFILE_ID,USER_ID,MOOD_P_ID,EAT_P_ID,PIMG_ID,DINING_P_ID,SEX_P_ID,AGE_P_ID,EMAIL,BIRTHDAY,SEX,PASSWORD,NICKNAME,INTRODUCE) values ('61','44',0,0,'1',0,'0','0','sdfsdfdsf',to_date('1999-07-02','YYYY-MM-DD'),'0','dfsdsfddfs','dssdf',null);
Insert into TEAM1.PROFILE (PROFILE_ID,USER_ID,MOOD_P_ID,EAT_P_ID,PIMG_ID,DINING_P_ID,SEX_P_ID,AGE_P_ID,EMAIL,BIRTHDAY,SEX,PASSWORD,NICKNAME,INTRODUCE) values ('63','45',0,0,'1',0,'0','0','sdfdsfsd',to_date('1999-07-14','YYYY-MM-DD'),'0','sdfsddsf','sdf',null);
Insert into TEAM1.PROFILE (PROFILE_ID,USER_ID,MOOD_P_ID,EAT_P_ID,PIMG_ID,DINING_P_ID,SEX_P_ID,AGE_P_ID,EMAIL,BIRTHDAY,SEX,PASSWORD,NICKNAME,INTRODUCE) values ('64','46',0,0,'1',0,'0','0','sdfdsfsd',to_date('1999-07-14','YYYY-MM-DD'),'0','sdfsddsf','sdf',null);
Insert into TEAM1.PROFILE (PROFILE_ID,USER_ID,MOOD_P_ID,EAT_P_ID,PIMG_ID,DINING_P_ID,SEX_P_ID,AGE_P_ID,EMAIL,BIRTHDAY,SEX,PASSWORD,NICKNAME,INTRODUCE) values ('65','48',0,0,'1',0,'0','0','sdfsdfdfs',to_date('1999-07-02','YYYY-MM-DD'),'0','sdfsdfsdffsd','ddd',null);
Insert into TEAM1.PROFILE (PROFILE_ID,USER_ID,MOOD_P_ID,EAT_P_ID,PIMG_ID,DINING_P_ID,SEX_P_ID,AGE_P_ID,EMAIL,BIRTHDAY,SEX,PASSWORD,NICKNAME,INTRODUCE) values ('129','106',0,0,'1',0,'0','0','mmm',to_date('2022-06-14','YYYY-MM-DD'),'0','ddddddddd','문정이',null);
Insert into TEAM1.PROFILE (PROFILE_ID,USER_ID,MOOD_P_ID,EAT_P_ID,PIMG_ID,DINING_P_ID,SEX_P_ID,AGE_P_ID,EMAIL,BIRTHDAY,SEX,PASSWORD,NICKNAME,INTRODUCE) values ('136','113',0,0,'1',0,'0','0','withdraw@test.com',to_date('1999-07-02','YYYY-MM-DD'),'0','12341234','withdraw',null);
Insert into TEAM1.PROFILE (PROFILE_ID,USER_ID,MOOD_P_ID,EAT_P_ID,PIMG_ID,DINING_P_ID,SEX_P_ID,AGE_P_ID,EMAIL,BIRTHDAY,SEX,PASSWORD,NICKNAME,INTRODUCE) values ('92','75',0,0,'1',0,'0','0','sfdsdfsd',to_date('1999-07-02','YYYY-MM-DD'),'0','dsfsdfdsfds','fdsfd',null);
Insert into TEAM1.PROFILE (PROFILE_ID,USER_ID,MOOD_P_ID,EAT_P_ID,PIMG_ID,DINING_P_ID,SEX_P_ID,AGE_P_ID,EMAIL,BIRTHDAY,SEX,PASSWORD,NICKNAME,INTRODUCE) values ('94','77',0,0,'1',0,'0','0','sdfdsfsdfds',to_date('2022-06-09','YYYY-MM-DD'),'0','fsdfsdsdds','dfdsfdsf',null);
Insert into TEAM1.PROFILE (PROFILE_ID,USER_ID,MOOD_P_ID,EAT_P_ID,PIMG_ID,DINING_P_ID,SEX_P_ID,AGE_P_ID,EMAIL,BIRTHDAY,SEX,PASSWORD,NICKNAME,INTRODUCE) values ('140','117',0,0,'1',0,'0','0','withdraw@test.com',to_date('1997-07-02','YYYY-MM-DD'),'0','12341234','테스ㅡㅌ',null);
Insert into TEAM1.PROFILE (PROFILE_ID,USER_ID,MOOD_P_ID,EAT_P_ID,PIMG_ID,DINING_P_ID,SEX_P_ID,AGE_P_ID,EMAIL,BIRTHDAY,SEX,PASSWORD,NICKNAME,INTRODUCE) values ('149','126',1,1,'1',2,'1','0','test0620@test.com',to_date('2000-06-01','YYYY-MM-DD'),'1','12341234','발표테스트',null);
Insert into TEAM1.PROFILE (PROFILE_ID,USER_ID,MOOD_P_ID,EAT_P_ID,PIMG_ID,DINING_P_ID,SEX_P_ID,AGE_P_ID,EMAIL,BIRTHDAY,SEX,PASSWORD,NICKNAME,INTRODUCE) values ('148','125',0,0,'1',0,'0','0','ohoh',to_date('1999-07-03','YYYY-MM-DD'),'0','12341234','안녕하십니까',null);
Insert into TEAM1.PROFILE (PROFILE_ID,USER_ID,MOOD_P_ID,EAT_P_ID,PIMG_ID,DINING_P_ID,SEX_P_ID,AGE_P_ID,EMAIL,BIRTHDAY,SEX,PASSWORD,NICKNAME,INTRODUCE) values ('150','127',0,0,'1',0,'0','0','withdraw@test.com',to_date('2022-06-09','YYYY-MM-DD'),'0','12341234','가입안됩니다',null);
Insert into TEAM1.PROFILE (PROFILE_ID,USER_ID,MOOD_P_ID,EAT_P_ID,PIMG_ID,DINING_P_ID,SEX_P_ID,AGE_P_ID,EMAIL,BIRTHDAY,SEX,PASSWORD,NICKNAME,INTRODUCE) values ('107','84',1,2,'1',2,'2','2','cherry5813@naver.com',to_date('1998-06-06','YYYY-MM-DD'),'2','cherry980606','홍체리',null);
Insert into TEAM1.PROFILE (PROFILE_ID,USER_ID,MOOD_P_ID,EAT_P_ID,PIMG_ID,DINING_P_ID,SEX_P_ID,AGE_P_ID,EMAIL,BIRTHDAY,SEX,PASSWORD,NICKNAME,INTRODUCE) values ('108','85',0,0,'1',0,'0','0','mun2577@naver.com',to_date('2022-06-08','YYYY-MM-DD'),'0','12341234','회원가입',null);
Insert into TEAM1.PROFILE (PROFILE_ID,USER_ID,MOOD_P_ID,EAT_P_ID,PIMG_ID,DINING_P_ID,SEX_P_ID,AGE_P_ID,EMAIL,BIRTHDAY,SEX,PASSWORD,NICKNAME,INTRODUCE) values ('109','86',0,0,'1',0,'0','0','erwererewrw',to_date('1999-07-08','YYYY-MM-DD'),'0','23r23r23r32','sdfsdfwrewer',null);
Insert into TEAM1.PROFILE (PROFILE_ID,USER_ID,MOOD_P_ID,EAT_P_ID,PIMG_ID,DINING_P_ID,SEX_P_ID,AGE_P_ID,EMAIL,BIRTHDAY,SEX,PASSWORD,NICKNAME,INTRODUCE) values ('110','87',0,0,'1',0,'0','0','sdfdsfdsfsd',to_date('2022-06-13','YYYY-MM-DD'),'0','dfsdfsdfdsf','dfsdfsd',null);
Insert into TEAM1.PROFILE (PROFILE_ID,USER_ID,MOOD_P_ID,EAT_P_ID,PIMG_ID,DINING_P_ID,SEX_P_ID,AGE_P_ID,EMAIL,BIRTHDAY,SEX,PASSWORD,NICKNAME,INTRODUCE) values ('111','88',0,0,'1',0,'0','0','sdfsdfsdfsd',to_date('2022-06-06','YYYY-MM-DD'),'0','dsfdsfdsf','sfdsfd',null);
Insert into TEAM1.PROFILE (PROFILE_ID,USER_ID,MOOD_P_ID,EAT_P_ID,PIMG_ID,DINING_P_ID,SEX_P_ID,AGE_P_ID,EMAIL,BIRTHDAY,SEX,PASSWORD,NICKNAME,INTRODUCE) values ('112','89',0,0,'1',0,'0','0','sadsadsadasd',to_date('2022-06-11','YYYY-MM-DD'),'0','dsadsadasdsa','sdsadasd',null);
Insert into TEAM1.PROFILE (PROFILE_ID,USER_ID,MOOD_P_ID,EAT_P_ID,PIMG_ID,DINING_P_ID,SEX_P_ID,AGE_P_ID,EMAIL,BIRTHDAY,SEX,PASSWORD,NICKNAME,INTRODUCE) values ('113','90',0,0,'1',0,'0','0','dfdfddf',to_date('1999-07-07','YYYY-MM-DD'),'0','dfdfdfdd','fdfddfd',null);
Insert into TEAM1.PROFILE (PROFILE_ID,USER_ID,MOOD_P_ID,EAT_P_ID,PIMG_ID,DINING_P_ID,SEX_P_ID,AGE_P_ID,EMAIL,BIRTHDAY,SEX,PASSWORD,NICKNAME,INTRODUCE) values ('53','35',0,0,'1',0,'0','0','1234@1234.com',to_date('2022-04-07','YYYY-MM-DD'),'0','12341234','테스트',null);
Insert into TEAM1.PROFILE (PROFILE_ID,USER_ID,MOOD_P_ID,EAT_P_ID,PIMG_ID,DINING_P_ID,SEX_P_ID,AGE_P_ID,EMAIL,BIRTHDAY,SEX,PASSWORD,NICKNAME,INTRODUCE) values ('114','91',0,0,'1',0,'0','0','1234@1234.com',to_date('2022-06-11','YYYY-MM-DD'),'0','12341234','사과',null);
Insert into TEAM1.PROFILE (PROFILE_ID,USER_ID,MOOD_P_ID,EAT_P_ID,PIMG_ID,DINING_P_ID,SEX_P_ID,AGE_P_ID,EMAIL,BIRTHDAY,SEX,PASSWORD,NICKNAME,INTRODUCE) values ('58','40',0,0,'1',0,'0','0','sdfadsfasd',to_date('2022-06-01','YYYY-MM-DD'),'0','dsfaadsfdsaf','dsf',null);
Insert into TEAM1.PROFILE (PROFILE_ID,USER_ID,MOOD_P_ID,EAT_P_ID,PIMG_ID,DINING_P_ID,SEX_P_ID,AGE_P_ID,EMAIL,BIRTHDAY,SEX,PASSWORD,NICKNAME,INTRODUCE) values ('60','42',0,0,'1',0,'0','0','sdfdsfdsfsd',to_date('2022-06-16','YYYY-MM-DD'),'0','sdfsddsffds','sdfsdf',null);
Insert into TEAM1.PROFILE (PROFILE_ID,USER_ID,MOOD_P_ID,EAT_P_ID,PIMG_ID,DINING_P_ID,SEX_P_ID,AGE_P_ID,EMAIL,BIRTHDAY,SEX,PASSWORD,NICKNAME,INTRODUCE) values ('62','44',0,0,'1',0,'0','0','sdfsdfdsf',to_date('1999-07-02','YYYY-MM-DD'),'0','dfsdsfddfs','dssdf',null);
Insert into TEAM1.PROFILE (PROFILE_ID,USER_ID,MOOD_P_ID,EAT_P_ID,PIMG_ID,DINING_P_ID,SEX_P_ID,AGE_P_ID,EMAIL,BIRTHDAY,SEX,PASSWORD,NICKNAME,INTRODUCE) values ('66','48',0,0,'1',0,'0','0','sdfsdfdfs',to_date('1999-07-02','YYYY-MM-DD'),'0','sdfsdfsdffsd','ddd',null);
Insert into TEAM1.PROFILE (PROFILE_ID,USER_ID,MOOD_P_ID,EAT_P_ID,PIMG_ID,DINING_P_ID,SEX_P_ID,AGE_P_ID,EMAIL,BIRTHDAY,SEX,PASSWORD,NICKNAME,INTRODUCE) values ('115','92',0,0,'1',0,'0','0','12341234',to_date('2022-06-01','YYYY-MM-DD'),'0','12341234','깔깔',null);
Insert into TEAM1.PROFILE (PROFILE_ID,USER_ID,MOOD_P_ID,EAT_P_ID,PIMG_ID,DINING_P_ID,SEX_P_ID,AGE_P_ID,EMAIL,BIRTHDAY,SEX,PASSWORD,NICKNAME,INTRODUCE) values ('71','55',0,0,'1',0,'0','0','ddd',to_date('1999-07-02','YYYY-MM-DD'),'0','dddddddd','ddd',null);
Insert into TEAM1.PROFILE (PROFILE_ID,USER_ID,MOOD_P_ID,EAT_P_ID,PIMG_ID,DINING_P_ID,SEX_P_ID,AGE_P_ID,EMAIL,BIRTHDAY,SEX,PASSWORD,NICKNAME,INTRODUCE) values ('73','57',0,0,'1',0,'0','0','1234@1234.com',to_date('1999-07-02','YYYY-MM-DD'),'0','12341234','탈퇴회원테스트',null);
Insert into TEAM1.PROFILE (PROFILE_ID,USER_ID,MOOD_P_ID,EAT_P_ID,PIMG_ID,DINING_P_ID,SEX_P_ID,AGE_P_ID,EMAIL,BIRTHDAY,SEX,PASSWORD,NICKNAME,INTRODUCE) values ('75','59',0,0,'1',0,'0','0','1234@1234.com',to_date('1999-07-02','YYYY-MM-DD'),'0','12341234','설마두번씩인서트되냐',null);
Insert into TEAM1.PROFILE (PROFILE_ID,USER_ID,MOOD_P_ID,EAT_P_ID,PIMG_ID,DINING_P_ID,SEX_P_ID,AGE_P_ID,EMAIL,BIRTHDAY,SEX,PASSWORD,NICKNAME,INTRODUCE) values ('77','61',0,0,'1',0,'0','0','123123',to_date('1999-07-02','YYYY-MM-DD'),'0','123123123','인서트',null);
Insert into TEAM1.PROFILE (PROFILE_ID,USER_ID,MOOD_P_ID,EAT_P_ID,PIMG_ID,DINING_P_ID,SEX_P_ID,AGE_P_ID,EMAIL,BIRTHDAY,SEX,PASSWORD,NICKNAME,INTRODUCE) values ('79','63',0,0,'1',0,'0','0','123123',to_date('1999-07-02','YYYY-MM-DD'),'0','32423423423','인서트',null);
Insert into TEAM1.PROFILE (PROFILE_ID,USER_ID,MOOD_P_ID,EAT_P_ID,PIMG_ID,DINING_P_ID,SEX_P_ID,AGE_P_ID,EMAIL,BIRTHDAY,SEX,PASSWORD,NICKNAME,INTRODUCE) values ('81','64',0,0,'1',0,'0','0','1234@1234.com',to_date('1999-07-02','YYYY-MM-DD'),'0','12341234','1시임',null);
Insert into TEAM1.PROFILE (PROFILE_ID,USER_ID,MOOD_P_ID,EAT_P_ID,PIMG_ID,DINING_P_ID,SEX_P_ID,AGE_P_ID,EMAIL,BIRTHDAY,SEX,PASSWORD,NICKNAME,INTRODUCE) values ('82','65',0,0,'1',0,'0','0','12341234',to_date('1999-07-02','YYYY-MM-DD'),'0','12341234','테스트1',null);
Insert into TEAM1.PROFILE (PROFILE_ID,USER_ID,MOOD_P_ID,EAT_P_ID,PIMG_ID,DINING_P_ID,SEX_P_ID,AGE_P_ID,EMAIL,BIRTHDAY,SEX,PASSWORD,NICKNAME,INTRODUCE) values ('83','66',0,0,'1',0,'0','0','1234@1234.com',to_date('2022-06-21','YYYY-MM-DD'),'0','21321312321','온풀',null);
Insert into TEAM1.PROFILE (PROFILE_ID,USER_ID,MOOD_P_ID,EAT_P_ID,PIMG_ID,DINING_P_ID,SEX_P_ID,AGE_P_ID,EMAIL,BIRTHDAY,SEX,PASSWORD,NICKNAME,INTRODUCE) values ('117','94',0,0,'1',0,'0','0','1234@1234.com',to_date('2022-06-17','YYYY-MM-DD'),'0','12341234','회원가입테스트',null);
Insert into TEAM1.PROFILE (PROFILE_ID,USER_ID,MOOD_P_ID,EAT_P_ID,PIMG_ID,DINING_P_ID,SEX_P_ID,AGE_P_ID,EMAIL,BIRTHDAY,SEX,PASSWORD,NICKNAME,INTRODUCE) values ('118','95',0,0,'1',0,'0','0','easy',to_date('1999-07-04','YYYY-MM-DD'),'0','12341234','FDGDFGFDGD',null);
Insert into TEAM1.PROFILE (PROFILE_ID,USER_ID,MOOD_P_ID,EAT_P_ID,PIMG_ID,DINING_P_ID,SEX_P_ID,AGE_P_ID,EMAIL,BIRTHDAY,SEX,PASSWORD,NICKNAME,INTRODUCE) values ('86','70',0,0,'1',0,'0','0','sdfsdfsdfsd',to_date('1999-07-02','YYYY-MM-DD'),'0','sdfsdfdsfsd','dfsdfsdfsd',null);
Insert into TEAM1.PROFILE (PROFILE_ID,USER_ID,MOOD_P_ID,EAT_P_ID,PIMG_ID,DINING_P_ID,SEX_P_ID,AGE_P_ID,EMAIL,BIRTHDAY,SEX,PASSWORD,NICKNAME,INTRODUCE) values ('88','71',0,0,'1',0,'0','0','ㅇㄹㄴㅇㄹㅇㄴㄹ',to_date('2022-06-06','YYYY-MM-DD'),'0','sdfsdfsdfsd','온풀',null);
Insert into TEAM1.PROFILE (PROFILE_ID,USER_ID,MOOD_P_ID,EAT_P_ID,PIMG_ID,DINING_P_ID,SEX_P_ID,AGE_P_ID,EMAIL,BIRTHDAY,SEX,PASSWORD,NICKNAME,INTRODUCE) values ('89','72',0,0,'1',0,'0','0','ㅇㄹㄴㅇㄹㅇㄴㄹ',to_date('2022-06-06','YYYY-MM-DD'),'0','sadasdsa','온풀',null);
Insert into TEAM1.PROFILE (PROFILE_ID,USER_ID,MOOD_P_ID,EAT_P_ID,PIMG_ID,DINING_P_ID,SEX_P_ID,AGE_P_ID,EMAIL,BIRTHDAY,SEX,PASSWORD,NICKNAME,INTRODUCE) values ('90','73',0,0,'1',0,'0','0','asdsadas',to_date('2022-06-13','YYYY-MM-DD'),'0','asdsadsa','asdasdasd',null);
Insert into TEAM1.PROFILE (PROFILE_ID,USER_ID,MOOD_P_ID,EAT_P_ID,PIMG_ID,DINING_P_ID,SEX_P_ID,AGE_P_ID,EMAIL,BIRTHDAY,SEX,PASSWORD,NICKNAME,INTRODUCE) values ('96','82',2,1,'1',2,'1','3','mun2577@naver.com',to_date('1999-07-02','YYYY-MM-DD'),'0','12341234','최문정',null);
Insert into TEAM1.PROFILE (PROFILE_ID,USER_ID,MOOD_P_ID,EAT_P_ID,PIMG_ID,DINING_P_ID,SEX_P_ID,AGE_P_ID,EMAIL,BIRTHDAY,SEX,PASSWORD,NICKNAME,INTRODUCE) values ('119','96',0,0,'1',0,'0','0','1234@1234.com',to_date('2022-06-13','YYYY-MM-DD'),'0','ddddddddd','aabcd',null);
Insert into TEAM1.PROFILE (PROFILE_ID,USER_ID,MOOD_P_ID,EAT_P_ID,PIMG_ID,DINING_P_ID,SEX_P_ID,AGE_P_ID,EMAIL,BIRTHDAY,SEX,PASSWORD,NICKNAME,INTRODUCE) values ('120','97',0,0,'1',0,'0','0','ddddd',to_date('2022-06-13','YYYY-MM-DD'),'0','ddddddddd','ddddddd',null);
Insert into TEAM1.PROFILE (PROFILE_ID,USER_ID,MOOD_P_ID,EAT_P_ID,PIMG_ID,DINING_P_ID,SEX_P_ID,AGE_P_ID,EMAIL,BIRTHDAY,SEX,PASSWORD,NICKNAME,INTRODUCE) values ('130','107',0,0,'1',0,'2','0','asdf@gmail.com',to_date('2022-05-04','YYYY-MM-DD'),'2','asdf1234','되라',null);
Insert into TEAM1.PROFILE (PROFILE_ID,USER_ID,MOOD_P_ID,EAT_P_ID,PIMG_ID,DINING_P_ID,SEX_P_ID,AGE_P_ID,EMAIL,BIRTHDAY,SEX,PASSWORD,NICKNAME,INTRODUCE) values ('131','108',0,0,'1',0,'0','0','111111',to_date('1999-07-05','YYYY-MM-DD'),'0','11111111','메롱',null);
Insert into TEAM1.PROFILE (PROFILE_ID,USER_ID,MOOD_P_ID,EAT_P_ID,PIMG_ID,DINING_P_ID,SEX_P_ID,AGE_P_ID,EMAIL,BIRTHDAY,SEX,PASSWORD,NICKNAME,INTRODUCE) values ('132','109',2,2,'1',2,'1','1','asdf@gmail.com',to_date('2005-06-03','YYYY-MM-DD'),'1','12341234','spythespider',null);
Insert into TEAM1.PROFILE (PROFILE_ID,USER_ID,MOOD_P_ID,EAT_P_ID,PIMG_ID,DINING_P_ID,SEX_P_ID,AGE_P_ID,EMAIL,BIRTHDAY,SEX,PASSWORD,NICKNAME,INTRODUCE) values ('133','110',0,0,'1',0,'0','0','12314123',to_date('1999-07-02','YYYY-MM-DD'),'0','12341234','테스트123',null);
Insert into TEAM1.PROFILE (PROFILE_ID,USER_ID,MOOD_P_ID,EAT_P_ID,PIMG_ID,DINING_P_ID,SEX_P_ID,AGE_P_ID,EMAIL,BIRTHDAY,SEX,PASSWORD,NICKNAME,INTRODUCE) values ('134','111',0,0,'1',0,'0','0','1234@1234.com',to_date('1999-07-02','YYYY-MM-DD'),'0','12341234','test1234',null);
Insert into TEAM1.PROFILE (PROFILE_ID,USER_ID,MOOD_P_ID,EAT_P_ID,PIMG_ID,DINING_P_ID,SEX_P_ID,AGE_P_ID,EMAIL,BIRTHDAY,SEX,PASSWORD,NICKNAME,INTRODUCE) values ('55','38',0,0,'1',0,'0','0','sdfds',to_date('2022-06-20','YYYY-MM-DD'),'0','sdfsdfsdfsdf','sdfsdf',null);
Insert into TEAM1.PROFILE (PROFILE_ID,USER_ID,MOOD_P_ID,EAT_P_ID,PIMG_ID,DINING_P_ID,SEX_P_ID,AGE_P_ID,EMAIL,BIRTHDAY,SEX,PASSWORD,NICKNAME,INTRODUCE) values ('69','52',0,0,'1',0,'0','0','sdfsd',to_date('2022-06-12','YYYY-MM-DD'),'0','sdfsdfds','dsfsdf',null);
Insert into TEAM1.PROFILE (PROFILE_ID,USER_ID,MOOD_P_ID,EAT_P_ID,PIMG_ID,DINING_P_ID,SEX_P_ID,AGE_P_ID,EMAIL,BIRTHDAY,SEX,PASSWORD,NICKNAME,INTRODUCE) values ('72','55',0,0,'1',0,'0','0','ddd',to_date('1999-07-02','YYYY-MM-DD'),'0','dddddddd','ddd',null);
Insert into TEAM1.PROFILE (PROFILE_ID,USER_ID,MOOD_P_ID,EAT_P_ID,PIMG_ID,DINING_P_ID,SEX_P_ID,AGE_P_ID,EMAIL,BIRTHDAY,SEX,PASSWORD,NICKNAME,INTRODUCE) values ('74','57',0,0,'1',0,'0','0','1234@1234.com',to_date('1999-07-02','YYYY-MM-DD'),'0','12341234','탈퇴회원테스트',null);
Insert into TEAM1.PROFILE (PROFILE_ID,USER_ID,MOOD_P_ID,EAT_P_ID,PIMG_ID,DINING_P_ID,SEX_P_ID,AGE_P_ID,EMAIL,BIRTHDAY,SEX,PASSWORD,NICKNAME,INTRODUCE) values ('76','59',0,0,'1',0,'0','0','1234@1234.com',to_date('1999-07-02','YYYY-MM-DD'),'0','12341234','설마두번씩인서트되냐',null);
Insert into TEAM1.PROFILE (PROFILE_ID,USER_ID,MOOD_P_ID,EAT_P_ID,PIMG_ID,DINING_P_ID,SEX_P_ID,AGE_P_ID,EMAIL,BIRTHDAY,SEX,PASSWORD,NICKNAME,INTRODUCE) values ('78','61',0,0,'1',0,'0','0','123123',to_date('1999-07-02','YYYY-MM-DD'),'0','123123123','인서트',null);
Insert into TEAM1.PROFILE (PROFILE_ID,USER_ID,MOOD_P_ID,EAT_P_ID,PIMG_ID,DINING_P_ID,SEX_P_ID,AGE_P_ID,EMAIL,BIRTHDAY,SEX,PASSWORD,NICKNAME,INTRODUCE) values ('80','63',0,0,'1',0,'0','0','123123',to_date('1999-07-02','YYYY-MM-DD'),'0','32423423423','인서트',null);
Insert into TEAM1.PROFILE (PROFILE_ID,USER_ID,MOOD_P_ID,EAT_P_ID,PIMG_ID,DINING_P_ID,SEX_P_ID,AGE_P_ID,EMAIL,BIRTHDAY,SEX,PASSWORD,NICKNAME,INTRODUCE) values ('87','70',0,0,'1',0,'0','0','sdfsdfsdfsd',to_date('1999-07-02','YYYY-MM-DD'),'0','sdfsdfdsfsd','dfsdfsdfsd',null);
Insert into TEAM1.PROFILE (PROFILE_ID,USER_ID,MOOD_P_ID,EAT_P_ID,PIMG_ID,DINING_P_ID,SEX_P_ID,AGE_P_ID,EMAIL,BIRTHDAY,SEX,PASSWORD,NICKNAME,INTRODUCE) values ('93','76',0,0,'1',0,'0','0','svsdvdsvd',to_date('2022-06-18','YYYY-MM-DD'),'0','vsdvdsvsv','vsdvsdv',null);
Insert into TEAM1.PROFILE (PROFILE_ID,USER_ID,MOOD_P_ID,EAT_P_ID,PIMG_ID,DINING_P_ID,SEX_P_ID,AGE_P_ID,EMAIL,BIRTHDAY,SEX,PASSWORD,NICKNAME,INTRODUCE) values ('121','98',0,0,'1',0,'0','0','1234@1234.com',to_date('2022-06-01','YYYY-MM-DD'),'0','12341234','abcd',null);
Insert into TEAM1.PROFILE (PROFILE_ID,USER_ID,MOOD_P_ID,EAT_P_ID,PIMG_ID,DINING_P_ID,SEX_P_ID,AGE_P_ID,EMAIL,BIRTHDAY,SEX,PASSWORD,NICKNAME,INTRODUCE) values ('123','100',0,0,'1',0,'0','0','asdf@gmail.com',to_date('2022-06-16','YYYY-MM-DD'),'0','@sy45921531','힝',null);
Insert into TEAM1.PROFILE (PROFILE_ID,USER_ID,MOOD_P_ID,EAT_P_ID,PIMG_ID,DINING_P_ID,SEX_P_ID,AGE_P_ID,EMAIL,BIRTHDAY,SEX,PASSWORD,NICKNAME,INTRODUCE) values ('135','112',0,0,'1',0,'0','0','1234',to_date('1999-07-02','YYYY-MM-DD'),'0','12341234','1234',null);
Insert into TEAM1.PROFILE (PROFILE_ID,USER_ID,MOOD_P_ID,EAT_P_ID,PIMG_ID,DINING_P_ID,SEX_P_ID,AGE_P_ID,EMAIL,BIRTHDAY,SEX,PASSWORD,NICKNAME,INTRODUCE) values ('143','120',0,0,'1',0,'0','0','asdsadasd',to_date('2022-05-12','YYYY-MM-DD'),'0','dasdsadadas','asdsadsadsa',null);
Insert into TEAM1.PROFILE (PROFILE_ID,USER_ID,MOOD_P_ID,EAT_P_ID,PIMG_ID,DINING_P_ID,SEX_P_ID,AGE_P_ID,EMAIL,BIRTHDAY,SEX,PASSWORD,NICKNAME,INTRODUCE) values ('151','128',1,1,'1',0,'0','0','0620test@test.com',to_date('2015-07-02','YYYY-MM-DD'),'0','12341234','테스트중입니다',null);
Insert into TEAM1.PROFILE (PROFILE_ID,USER_ID,MOOD_P_ID,EAT_P_ID,PIMG_ID,DINING_P_ID,SEX_P_ID,AGE_P_ID,EMAIL,BIRTHDAY,SEX,PASSWORD,NICKNAME,INTRODUCE) values ('116','93',0,0,'1',1,'0','0','1234@1234.com',to_date('2022-06-15','YYYY-MM-DD'),'0','dsfdsfsdd','돼라',null);
Insert into TEAM1.PROFILE (PROFILE_ID,USER_ID,MOOD_P_ID,EAT_P_ID,PIMG_ID,DINING_P_ID,SEX_P_ID,AGE_P_ID,EMAIL,BIRTHDAY,SEX,PASSWORD,NICKNAME,INTRODUCE) values ('56','38',0,0,'1',0,'0','0','sdfds',to_date('2022-06-20','YYYY-MM-DD'),'0','sdfsdfsdfsdf','sdfsdf',null);
Insert into TEAM1.PROFILE (PROFILE_ID,USER_ID,MOOD_P_ID,EAT_P_ID,PIMG_ID,DINING_P_ID,SEX_P_ID,AGE_P_ID,EMAIL,BIRTHDAY,SEX,PASSWORD,NICKNAME,INTRODUCE) values ('70','52',0,0,'1',0,'0','0','sdfsd',to_date('2022-06-12','YYYY-MM-DD'),'0','sdfsdfds','dsfsdf',null);
Insert into TEAM1.PROFILE (PROFILE_ID,USER_ID,MOOD_P_ID,EAT_P_ID,PIMG_ID,DINING_P_ID,SEX_P_ID,AGE_P_ID,EMAIL,BIRTHDAY,SEX,PASSWORD,NICKNAME,INTRODUCE) values ('124','101',0,0,'1',0,'0','0','sdfsdfds',to_date('2022-06-06','YYYY-MM-DD'),'0','sdfdsfdsfds','온풀dsfdsfds',null);
Insert into TEAM1.PROFILE (PROFILE_ID,USER_ID,MOOD_P_ID,EAT_P_ID,PIMG_ID,DINING_P_ID,SEX_P_ID,AGE_P_ID,EMAIL,BIRTHDAY,SEX,PASSWORD,NICKNAME,INTRODUCE) values ('125','102',0,0,'1',0,'0','0','packGT@test.com',to_date('1996-08-12','YYYY-MM-DD'),'0','rjsxo960812','박몽',null);
REM INSERTING into TEAM1.PROFILE_IMG
SET DEFINE OFF;
Insert into TEAM1.PROFILE_IMG (PIMG_ID,PI_ADDRESS) values ('1','넣을 예정');
REM INSERTING into TEAM1.QUESTION
SET DEFINE OFF;
Insert into TEAM1.QUESTION (QUESTION_ID,EV_TYPE_ID,QU_CONTENT,POINT) values ('1','2','가장 친절한 사람은 누구인가요?',1);
Insert into TEAM1.QUESTION (QUESTION_ID,EV_TYPE_ID,QU_CONTENT,POINT) values ('2','2','가장 불친절한 사람은 누구인가요?',-1);
Insert into TEAM1.QUESTION (QUESTION_ID,EV_TYPE_ID,QU_CONTENT,POINT) values ('3','2','위험하게 라이딩한 사람은 누구인가요?',-1);
Insert into TEAM1.QUESTION (QUESTION_ID,EV_TYPE_ID,QU_CONTENT,POINT) values ('4','1','GOOD',1);
Insert into TEAM1.QUESTION (QUESTION_ID,EV_TYPE_ID,QU_CONTENT,POINT) values ('5','1','SOSO',0);
Insert into TEAM1.QUESTION (QUESTION_ID,EV_TYPE_ID,QU_CONTENT,POINT) values ('6','1','BAD',-1);
Insert into TEAM1.QUESTION (QUESTION_ID,EV_TYPE_ID,QU_CONTENT,POINT) values ('7','3','완주하지 못한 사람은 누구인가요?',-1);
Insert into TEAM1.QUESTION (QUESTION_ID,EV_TYPE_ID,QU_CONTENT,POINT) values ('8','3','실제 난이도에 못 미친 사람은 누구인가요?',-1);
REM INSERTING into TEAM1.REPORT_PROCESS_STATUS
SET DEFINE OFF;
Insert into TEAM1.REPORT_PROCESS_STATUS (REPORT_STATUS_ID,CONTENT) values (1,'승인: 신고받은 대상에게 패널티 처리');
Insert into TEAM1.REPORT_PROCESS_STATUS (REPORT_STATUS_ID,CONTENT) values (2,'허위신고: 신고자에게 패널티 처리');
Insert into TEAM1.REPORT_PROCESS_STATUS (REPORT_STATUS_ID,CONTENT) values (3,'반려: 신고 기준에 미치지 못하여, 아무 제재를 가하지 않음');
REM INSERTING into TEAM1.RESTAURANT
SET DEFINE OFF;
Insert into TEAM1.RESTAURANT (RESTAURANT_ID,USER_ID,LATITUDE,LONGITUDE,RESTA_NAME,REGISTER_DATE,ADDRESS,DETAIL_ADDRESS) values ('18','42','37.123456','162.123456','치즈라면',to_date('2022-06-19','YYYY-MM-DD'),'서울특별시 강남구 영동대로 123','208호');
Insert into TEAM1.RESTAURANT (RESTAURANT_ID,USER_ID,LATITUDE,LONGITUDE,RESTA_NAME,REGISTER_DATE,ADDRESS,DETAIL_ADDRESS) values ('22','39','37.456','167.456','덕수궁길',to_date('2022-06-19','YYYY-MM-DD'),'서울특별시 중구 을지로 5길 19','1024호');
Insert into TEAM1.RESTAURANT (RESTAURANT_ID,USER_ID,LATITUDE,LONGITUDE,RESTA_NAME,REGISTER_DATE,ADDRESS,DETAIL_ADDRESS) values ('23','23','37.1111','167.1111','맛집이요',to_date('2022-06-19','YYYY-MM-DD'),'서울특별시 강서구 영동대로 513','23호');
Insert into TEAM1.RESTAURANT (RESTAURANT_ID,USER_ID,LATITUDE,LONGITUDE,RESTA_NAME,REGISTER_DATE,ADDRESS,DETAIL_ADDRESS) values ('29','25','37.5564240922977','126.92701355331984','홍대돈가스',to_date('2022-06-19','YYYY-MM-DD'),'서울특별시 마포구 와우산로35길 69','208호');
Insert into TEAM1.RESTAURANT (RESTAURANT_ID,USER_ID,LATITUDE,LONGITUDE,RESTA_NAME,REGISTER_DATE,ADDRESS,DETAIL_ADDRESS) values ('30','32','37.556688179361004','126.91757448336196','홍대순두부찌개',to_date('2022-06-19','YYYY-MM-DD'),'서울특별시 마포구 동교로19길 28','1001호');
Insert into TEAM1.RESTAURANT (RESTAURANT_ID,USER_ID,LATITUDE,LONGITUDE,RESTA_NAME,REGISTER_DATE,ADDRESS,DETAIL_ADDRESS) values ('31','43','37.55822409862474','126.92386546221275','홍대덮밥',to_date('2022-06-19','YYYY-MM-DD'),'서울특별시 마포구 월드컵북로2길 65','3층');
Insert into TEAM1.RESTAURANT (RESTAURANT_ID,USER_ID,LATITUDE,LONGITUDE,RESTA_NAME,REGISTER_DATE,ADDRESS,DETAIL_ADDRESS) values ('32','44','37.55611095394505','126.91673762909541','홍대라면',to_date('2022-06-19','YYYY-MM-DD'),'서울 마포구 서교동 460-25','8층');
Insert into TEAM1.RESTAURANT (RESTAURANT_ID,USER_ID,LATITUDE,LONGITUDE,RESTA_NAME,REGISTER_DATE,ADDRESS,DETAIL_ADDRESS) values ('17','40','34.5','150.12','돈가스',to_date('2022-06-19','YYYY-MM-DD'),'서울 강남구 성수동2가 309-52','1024호');
Insert into TEAM1.RESTAURANT (RESTAURANT_ID,USER_ID,LATITUDE,LONGITUDE,RESTA_NAME,REGISTER_DATE,ADDRESS,DETAIL_ADDRESS) values ('10','16','37','162','돈가스',to_date('2022-06-18','YYYY-MM-DD'),'서울 성동구 성수동1가 685-20','1층');
Insert into TEAM1.RESTAURANT (RESTAURANT_ID,USER_ID,LATITUDE,LONGITUDE,RESTA_NAME,REGISTER_DATE,ADDRESS,DETAIL_ADDRESS) values ('24','84','30','50','시청이맛집이라니',to_date('2022-06-19','YYYY-MM-DD'),'서울 중구 태평로1가 31','ㅇㅇㅇ');
Insert into TEAM1.RESTAURANT (RESTAURANT_ID,USER_ID,LATITUDE,LONGITUDE,RESTA_NAME,REGISTER_DATE,ADDRESS,DETAIL_ADDRESS) values ('1','3','37.58458110015853','126.9819333255561','삼청동수제비',to_date('2022-06-14','YYYY-MM-DD'),'서울 종로구 삼청로','101호');
Insert into TEAM1.RESTAURANT (RESTAURANT_ID,USER_ID,LATITUDE,LONGITUDE,RESTA_NAME,REGISTER_DATE,ADDRESS,DETAIL_ADDRESS) values ('2','4','37.49740202320149','127.0315707008652','보슬보슬',to_date('2022-06-14','YYYY-MM-DD'),'서울 강남구 테헤란로8길 22','403호');
Insert into TEAM1.RESTAURANT (RESTAURANT_ID,USER_ID,LATITUDE,LONGITUDE,RESTA_NAME,REGISTER_DATE,ADDRESS,DETAIL_ADDRESS) values ('3','2','37.609986796623296','127.02930780821426','장수감자탕',to_date('2022-06-14','YYYY-MM-DD'),'서울 성북구 도봉로3길 9-10','106호');
REM INSERTING into TEAM1.RESTAURANT_DELETE_REQ
SET DEFINE OFF;
REM INSERTING into TEAM1.RESTAURANT_REVIEW
SET DEFINE OFF;
Insert into TEAM1.RESTAURANT_REVIEW (R_REVIEW_ID,RESTAURANT_ID,USER_ID,CONTENT,CREATED_DATE,VIEWS) values ('4','1','7','테스트 중. 마싯다.',to_date('2022-06-10','YYYY-MM-DD'),0);
Insert into TEAM1.RESTAURANT_REVIEW (R_REVIEW_ID,RESTAURANT_ID,USER_ID,CONTENT,CREATED_DATE,VIEWS) values ('5','2','7','테스트 중. 마덥다.',to_date('2022-06-11','YYYY-MM-DD'),0);
Insert into TEAM1.RESTAURANT_REVIEW (R_REVIEW_ID,RESTAURANT_ID,USER_ID,CONTENT,CREATED_DATE,VIEWS) values ('7','3','6','테스트 중. 그냥그렇다.',to_date('2022-06-12','YYYY-MM-DD'),0);
REM INSERTING into TEAM1.RESTAURANT_UPDATE_REQ
SET DEFINE OFF;
REM INSERTING into TEAM1.REVIEW_PENALTY
SET DEFINE OFF;
Insert into TEAM1.REVIEW_PENALTY (R_PENALTY_ID,PENALTY_TYPE_ID,RR_PROC_ID) values ('28',2,'41');
Insert into TEAM1.REVIEW_PENALTY (R_PENALTY_ID,PENALTY_TYPE_ID,RR_PROC_ID) values ('29',2,'42');
Insert into TEAM1.REVIEW_PENALTY (R_PENALTY_ID,PENALTY_TYPE_ID,RR_PROC_ID) values ('30',2,'43');
Insert into TEAM1.REVIEW_PENALTY (R_PENALTY_ID,PENALTY_TYPE_ID,RR_PROC_ID) values ('31',2,'44');
Insert into TEAM1.REVIEW_PENALTY (R_PENALTY_ID,PENALTY_TYPE_ID,RR_PROC_ID) values ('39',2,'53');
Insert into TEAM1.REVIEW_PENALTY (R_PENALTY_ID,PENALTY_TYPE_ID,RR_PROC_ID) values ('40',2,'54');
Insert into TEAM1.REVIEW_PENALTY (R_PENALTY_ID,PENALTY_TYPE_ID,RR_PROC_ID) values ('41',2,'55');
Insert into TEAM1.REVIEW_PENALTY (R_PENALTY_ID,PENALTY_TYPE_ID,RR_PROC_ID) values ('42',2,'56');
Insert into TEAM1.REVIEW_PENALTY (R_PENALTY_ID,PENALTY_TYPE_ID,RR_PROC_ID) values ('10',2,'10');
Insert into TEAM1.REVIEW_PENALTY (R_PENALTY_ID,PENALTY_TYPE_ID,RR_PROC_ID) values ('11',2,'12');
Insert into TEAM1.REVIEW_PENALTY (R_PENALTY_ID,PENALTY_TYPE_ID,RR_PROC_ID) values ('12',2,'13');
Insert into TEAM1.REVIEW_PENALTY (R_PENALTY_ID,PENALTY_TYPE_ID,RR_PROC_ID) values ('14',2,'19');
Insert into TEAM1.REVIEW_PENALTY (R_PENALTY_ID,PENALTY_TYPE_ID,RR_PROC_ID) values ('15',2,'20');
Insert into TEAM1.REVIEW_PENALTY (R_PENALTY_ID,PENALTY_TYPE_ID,RR_PROC_ID) values ('25',2,'36');
Insert into TEAM1.REVIEW_PENALTY (R_PENALTY_ID,PENALTY_TYPE_ID,RR_PROC_ID) values ('26',2,'38');
Insert into TEAM1.REVIEW_PENALTY (R_PENALTY_ID,PENALTY_TYPE_ID,RR_PROC_ID) values ('32',2,'45');
Insert into TEAM1.REVIEW_PENALTY (R_PENALTY_ID,PENALTY_TYPE_ID,RR_PROC_ID) values ('35',2,'48');
REM INSERTING into TEAM1.REVIEW_REPORT
SET DEFINE OFF;
Insert into TEAM1.REVIEW_REPORT (REVIEW_R_ID,USER_ID,R_REVIEW_ID,CONTENT,REPORT_DATE) values ('70','97','5','테스트중2',to_date('2022-06-19','YYYY-MM-DD'));
Insert into TEAM1.REVIEW_REPORT (REVIEW_R_ID,USER_ID,R_REVIEW_ID,CONTENT,REPORT_DATE) values ('72','99','4','테스트중4',to_date('2022-06-19','YYYY-MM-DD'));
Insert into TEAM1.REVIEW_REPORT (REVIEW_R_ID,USER_ID,R_REVIEW_ID,CONTENT,REPORT_DATE) values ('74','97','7','테스트중6',to_date('2022-06-19','YYYY-MM-DD'));
Insert into TEAM1.REVIEW_REPORT (REVIEW_R_ID,USER_ID,R_REVIEW_ID,CONTENT,REPORT_DATE) values ('76','99','5','테스트중8',to_date('2022-06-19','YYYY-MM-DD'));
Insert into TEAM1.REVIEW_REPORT (REVIEW_R_ID,USER_ID,R_REVIEW_ID,CONTENT,REPORT_DATE) values ('78','97','4','테스트중10',to_date('2022-06-19','YYYY-MM-DD'));
Insert into TEAM1.REVIEW_REPORT (REVIEW_R_ID,USER_ID,R_REVIEW_ID,CONTENT,REPORT_DATE) values ('80','99','7','테스트중12',to_date('2022-06-19','YYYY-MM-DD'));
Insert into TEAM1.REVIEW_REPORT (REVIEW_R_ID,USER_ID,R_REVIEW_ID,CONTENT,REPORT_DATE) values ('82','97','5','테스트중14',to_date('2022-06-19','YYYY-MM-DD'));
Insert into TEAM1.REVIEW_REPORT (REVIEW_R_ID,USER_ID,R_REVIEW_ID,CONTENT,REPORT_DATE) values ('84','99','4','테스트중16',to_date('2022-06-19','YYYY-MM-DD'));
Insert into TEAM1.REVIEW_REPORT (REVIEW_R_ID,USER_ID,R_REVIEW_ID,CONTENT,REPORT_DATE) values ('86','97','7','테스트중18',to_date('2022-06-19','YYYY-MM-DD'));
Insert into TEAM1.REVIEW_REPORT (REVIEW_R_ID,USER_ID,R_REVIEW_ID,CONTENT,REPORT_DATE) values ('88','99','5','테스트중20',to_date('2022-06-19','YYYY-MM-DD'));
Insert into TEAM1.REVIEW_REPORT (REVIEW_R_ID,USER_ID,R_REVIEW_ID,CONTENT,REPORT_DATE) values ('90','97','4','테스트중22',to_date('2022-06-19','YYYY-MM-DD'));
Insert into TEAM1.REVIEW_REPORT (REVIEW_R_ID,USER_ID,R_REVIEW_ID,CONTENT,REPORT_DATE) values ('92','99','7','테스트중24',to_date('2022-06-19','YYYY-MM-DD'));
Insert into TEAM1.REVIEW_REPORT (REVIEW_R_ID,USER_ID,R_REVIEW_ID,CONTENT,REPORT_DATE) values ('94','97','5','테스트중26',to_date('2022-06-19','YYYY-MM-DD'));
Insert into TEAM1.REVIEW_REPORT (REVIEW_R_ID,USER_ID,R_REVIEW_ID,CONTENT,REPORT_DATE) values ('96','99','4','테스트중28',to_date('2022-06-19','YYYY-MM-DD'));
Insert into TEAM1.REVIEW_REPORT (REVIEW_R_ID,USER_ID,R_REVIEW_ID,CONTENT,REPORT_DATE) values ('98','97','7','테스트중30',to_date('2022-06-19','YYYY-MM-DD'));
Insert into TEAM1.REVIEW_REPORT (REVIEW_R_ID,USER_ID,R_REVIEW_ID,CONTENT,REPORT_DATE) values ('100','99','5','테스트중32',to_date('2022-06-19','YYYY-MM-DD'));
Insert into TEAM1.REVIEW_REPORT (REVIEW_R_ID,USER_ID,R_REVIEW_ID,CONTENT,REPORT_DATE) values ('102','97','4','테스트중34',to_date('2022-06-19','YYYY-MM-DD'));
Insert into TEAM1.REVIEW_REPORT (REVIEW_R_ID,USER_ID,R_REVIEW_ID,CONTENT,REPORT_DATE) values ('104','99','7','테스트중36',to_date('2022-06-19','YYYY-MM-DD'));
Insert into TEAM1.REVIEW_REPORT (REVIEW_R_ID,USER_ID,R_REVIEW_ID,CONTENT,REPORT_DATE) values ('106','97','5','테스트중38',to_date('2022-06-19','YYYY-MM-DD'));
Insert into TEAM1.REVIEW_REPORT (REVIEW_R_ID,USER_ID,R_REVIEW_ID,CONTENT,REPORT_DATE) values ('108','99','4','테스트중40',to_date('2022-06-19','YYYY-MM-DD'));
Insert into TEAM1.REVIEW_REPORT (REVIEW_R_ID,USER_ID,R_REVIEW_ID,CONTENT,REPORT_DATE) values ('110','97','7','테스트중42',to_date('2022-06-19','YYYY-MM-DD'));
Insert into TEAM1.REVIEW_REPORT (REVIEW_R_ID,USER_ID,R_REVIEW_ID,CONTENT,REPORT_DATE) values ('112','99','5','테스트중44',to_date('2022-06-19','YYYY-MM-DD'));
Insert into TEAM1.REVIEW_REPORT (REVIEW_R_ID,USER_ID,R_REVIEW_ID,CONTENT,REPORT_DATE) values ('114','97','4','테스트중46',to_date('2022-06-19','YYYY-MM-DD'));
Insert into TEAM1.REVIEW_REPORT (REVIEW_R_ID,USER_ID,R_REVIEW_ID,CONTENT,REPORT_DATE) values ('116','99','7','테스트중48',to_date('2022-06-19','YYYY-MM-DD'));
Insert into TEAM1.REVIEW_REPORT (REVIEW_R_ID,USER_ID,R_REVIEW_ID,CONTENT,REPORT_DATE) values ('118','97','5','테스트중50',to_date('2022-06-19','YYYY-MM-DD'));
Insert into TEAM1.REVIEW_REPORT (REVIEW_R_ID,USER_ID,R_REVIEW_ID,CONTENT,REPORT_DATE) values ('7','5','5','맛없다.',to_date('2022-06-12','YYYY-MM-DD'));
Insert into TEAM1.REVIEW_REPORT (REVIEW_R_ID,USER_ID,R_REVIEW_ID,CONTENT,REPORT_DATE) values ('8','2','4','테스트중 사기임',to_date('2022-06-14','YYYY-MM-DD'));
Insert into TEAM1.REVIEW_REPORT (REVIEW_R_ID,USER_ID,R_REVIEW_ID,CONTENT,REPORT_DATE) values ('9','3','7','테스트중 별로임',to_date('2022-06-15','YYYY-MM-DD'));
Insert into TEAM1.REVIEW_REPORT (REVIEW_R_ID,USER_ID,R_REVIEW_ID,CONTENT,REPORT_DATE) values ('16','14','4','싫어',to_date('2022-06-16','YYYY-MM-DD'));
REM INSERTING into TEAM1.REVIEW_REPORT_PROCESS
SET DEFINE OFF;
Insert into TEAM1.REVIEW_REPORT_PROCESS (RR_PROC_ID,REVIEW_R_ID,ADMIN_ID,PROC_STATUS_ID,PROCESS_DATE) values ('40','8','1',3,to_date('2022-06-19','YYYY-MM-DD'));
Insert into TEAM1.REVIEW_REPORT_PROCESS (RR_PROC_ID,REVIEW_R_ID,ADMIN_ID,PROC_STATUS_ID,PROCESS_DATE) values ('41','8','1',1,to_date('2022-06-19','YYYY-MM-DD'));
Insert into TEAM1.REVIEW_REPORT_PROCESS (RR_PROC_ID,REVIEW_R_ID,ADMIN_ID,PROC_STATUS_ID,PROCESS_DATE) values ('42','8','1',2,to_date('2022-06-19','YYYY-MM-DD'));
Insert into TEAM1.REVIEW_REPORT_PROCESS (RR_PROC_ID,REVIEW_R_ID,ADMIN_ID,PROC_STATUS_ID,PROCESS_DATE) values ('43','8','1',1,to_date('2022-06-19','YYYY-MM-DD'));
Insert into TEAM1.REVIEW_REPORT_PROCESS (RR_PROC_ID,REVIEW_R_ID,ADMIN_ID,PROC_STATUS_ID,PROCESS_DATE) values ('44','16','1',1,to_date('2022-06-19','YYYY-MM-DD'));
Insert into TEAM1.REVIEW_REPORT_PROCESS (RR_PROC_ID,REVIEW_R_ID,ADMIN_ID,PROC_STATUS_ID,PROCESS_DATE) values ('53','100','1',1,to_date('2022-06-20','YYYY-MM-DD'));
Insert into TEAM1.REVIEW_REPORT_PROCESS (RR_PROC_ID,REVIEW_R_ID,ADMIN_ID,PROC_STATUS_ID,PROCESS_DATE) values ('54','100','1',2,to_date('2022-06-20','YYYY-MM-DD'));
Insert into TEAM1.REVIEW_REPORT_PROCESS (RR_PROC_ID,REVIEW_R_ID,ADMIN_ID,PROC_STATUS_ID,PROCESS_DATE) values ('55','102','1',1,to_date('2022-06-20','YYYY-MM-DD'));
Insert into TEAM1.REVIEW_REPORT_PROCESS (RR_PROC_ID,REVIEW_R_ID,ADMIN_ID,PROC_STATUS_ID,PROCESS_DATE) values ('56','102','1',2,to_date('2022-06-20','YYYY-MM-DD'));
Insert into TEAM1.REVIEW_REPORT_PROCESS (RR_PROC_ID,REVIEW_R_ID,ADMIN_ID,PROC_STATUS_ID,PROCESS_DATE) values ('57','102','1',3,to_date('2022-06-20','YYYY-MM-DD'));
Insert into TEAM1.REVIEW_REPORT_PROCESS (RR_PROC_ID,REVIEW_R_ID,ADMIN_ID,PROC_STATUS_ID,PROCESS_DATE) values ('10','7','0',1,to_date('2022-06-13','YYYY-MM-DD'));
Insert into TEAM1.REVIEW_REPORT_PROCESS (RR_PROC_ID,REVIEW_R_ID,ADMIN_ID,PROC_STATUS_ID,PROCESS_DATE) values ('11','9','0',3,to_date('2022-06-16','YYYY-MM-DD'));
Insert into TEAM1.REVIEW_REPORT_PROCESS (RR_PROC_ID,REVIEW_R_ID,ADMIN_ID,PROC_STATUS_ID,PROCESS_DATE) values ('12','8','0',1,to_date('2022-06-15','YYYY-MM-DD'));
Insert into TEAM1.REVIEW_REPORT_PROCESS (RR_PROC_ID,REVIEW_R_ID,ADMIN_ID,PROC_STATUS_ID,PROCESS_DATE) values ('13','7','0',2,to_date('2022-06-17','YYYY-MM-DD'));
Insert into TEAM1.REVIEW_REPORT_PROCESS (RR_PROC_ID,REVIEW_R_ID,ADMIN_ID,PROC_STATUS_ID,PROCESS_DATE) values ('19','16','1',1,to_date('2022-06-17','YYYY-MM-DD'));
Insert into TEAM1.REVIEW_REPORT_PROCESS (RR_PROC_ID,REVIEW_R_ID,ADMIN_ID,PROC_STATUS_ID,PROCESS_DATE) values ('20','16','1',2,to_date('2022-06-17','YYYY-MM-DD'));
Insert into TEAM1.REVIEW_REPORT_PROCESS (RR_PROC_ID,REVIEW_R_ID,ADMIN_ID,PROC_STATUS_ID,PROCESS_DATE) values ('21','16','1',3,to_date('2022-06-17','YYYY-MM-DD'));
Insert into TEAM1.REVIEW_REPORT_PROCESS (RR_PROC_ID,REVIEW_R_ID,ADMIN_ID,PROC_STATUS_ID,PROCESS_DATE) values ('36','7','1',1,to_date('2022-06-17','YYYY-MM-DD'));
Insert into TEAM1.REVIEW_REPORT_PROCESS (RR_PROC_ID,REVIEW_R_ID,ADMIN_ID,PROC_STATUS_ID,PROCESS_DATE) values ('38','7','1',1,to_date('2022-06-18','YYYY-MM-DD'));
Insert into TEAM1.REVIEW_REPORT_PROCESS (RR_PROC_ID,REVIEW_R_ID,ADMIN_ID,PROC_STATUS_ID,PROCESS_DATE) values ('37','7','1',3,to_date('2022-06-17','YYYY-MM-DD'));
Insert into TEAM1.REVIEW_REPORT_PROCESS (RR_PROC_ID,REVIEW_R_ID,ADMIN_ID,PROC_STATUS_ID,PROCESS_DATE) values ('45','90','1',1,to_date('2022-06-19','YYYY-MM-DD'));
Insert into TEAM1.REVIEW_REPORT_PROCESS (RR_PROC_ID,REVIEW_R_ID,ADMIN_ID,PROC_STATUS_ID,PROCESS_DATE) values ('48','104','1',1,to_date('2022-06-19','YYYY-MM-DD'));
REM INSERTING into TEAM1.RIDING
SET DEFINE OFF;
Insert into TEAM1.RIDING (RIDING_ID,LEADER_ID,STEP_ID,SPEED_ID,MOOD_P_ID,DINING_P_ID,EAT_P_ID,AGE_P_ID,SEX_P_ID,EV_GRADE_ID,RIDING_NAME,START_DATE,END_DATE,CREATED_DATE,MAXIMUM,MEET_LATI,MEET_LONGI,MEET_ADDRESS,MEET_DETAIL,START_LATI,START_LONGI,START_ADDRESS,START_DETAIL,END_LATI,END_LONGI,END_ADDRESS,END_DETAIL,CONFIRM_DATE,COMMENTS) values ('6','2',1,1,1,1,1,'0','0',1,'달려라',to_date('2022-07-07','YYYY-MM-DD'),to_date('2022-07-09','YYYY-MM-DD'),to_date('2022-06-17','YYYY-MM-DD'),4,'1234','1234','홍대입구역','탐앤탐스','5678','5678','한강','한강gs앞','1010','1010','풍성빌딩','풍성빌딩4층',null,null);
Insert into TEAM1.RIDING (RIDING_ID,LEADER_ID,STEP_ID,SPEED_ID,MOOD_P_ID,DINING_P_ID,EAT_P_ID,AGE_P_ID,SEX_P_ID,EV_GRADE_ID,RIDING_NAME,START_DATE,END_DATE,CREATED_DATE,MAXIMUM,MEET_LATI,MEET_LONGI,MEET_ADDRESS,MEET_DETAIL,START_LATI,START_LONGI,START_ADDRESS,START_DETAIL,END_LATI,END_LONGI,END_ADDRESS,END_DETAIL,CONFIRM_DATE,COMMENTS) values ('7','2',1,1,1,1,1,'0','0',1,'달려라',to_date('2022-07-07','YYYY-MM-DD'),to_date('2022-07-09','YYYY-MM-DD'),to_date('2022-06-17','YYYY-MM-DD'),4,'1234','1234','홍대입구역','탐앤탐스','5678','5678','한강','한강gs앞','1010','1010','풍성빌딩','풍성빌딩4층',null,null);
Insert into TEAM1.RIDING (RIDING_ID,LEADER_ID,STEP_ID,SPEED_ID,MOOD_P_ID,DINING_P_ID,EAT_P_ID,AGE_P_ID,SEX_P_ID,EV_GRADE_ID,RIDING_NAME,START_DATE,END_DATE,CREATED_DATE,MAXIMUM,MEET_LATI,MEET_LONGI,MEET_ADDRESS,MEET_DETAIL,START_LATI,START_LONGI,START_ADDRESS,START_DETAIL,END_LATI,END_LONGI,END_ADDRESS,END_DETAIL,CONFIRM_DATE,COMMENTS) values ('8','2',0,0,0,0,0,'0','0',0,'달려라',to_date('2022-07-07','YYYY-MM-DD'),to_date('2022-07-09','YYYY-MM-DD'),to_date('2022-06-17','YYYY-MM-DD'),4,'1234','1234','홍대입구역','탐앤탐스','5678','5678','한강','한강gs앞','1010','1010','풍성빌딩','풍성빌딩4층',null,null);
Insert into TEAM1.RIDING (RIDING_ID,LEADER_ID,STEP_ID,SPEED_ID,MOOD_P_ID,DINING_P_ID,EAT_P_ID,AGE_P_ID,SEX_P_ID,EV_GRADE_ID,RIDING_NAME,START_DATE,END_DATE,CREATED_DATE,MAXIMUM,MEET_LATI,MEET_LONGI,MEET_ADDRESS,MEET_DETAIL,START_LATI,START_LONGI,START_ADDRESS,START_DETAIL,END_LATI,END_LONGI,END_ADDRESS,END_DETAIL,CONFIRM_DATE,COMMENTS) values ('9','2',0,0,0,0,0,'0','0',0,'달려라',to_date('2022-07-07','YYYY-MM-DD'),to_date('2022-07-09','YYYY-MM-DD'),to_date('2022-06-17','YYYY-MM-DD'),4,'1234','1234','홍대입구역','탐앤탐스','5678','5678','한강','한강gs앞','1010','1010','풍성빌딩','풍성빌딩4층',null,null);
Insert into TEAM1.RIDING (RIDING_ID,LEADER_ID,STEP_ID,SPEED_ID,MOOD_P_ID,DINING_P_ID,EAT_P_ID,AGE_P_ID,SEX_P_ID,EV_GRADE_ID,RIDING_NAME,START_DATE,END_DATE,CREATED_DATE,MAXIMUM,MEET_LATI,MEET_LONGI,MEET_ADDRESS,MEET_DETAIL,START_LATI,START_LONGI,START_ADDRESS,START_DETAIL,END_LATI,END_LONGI,END_ADDRESS,END_DETAIL,CONFIRM_DATE,COMMENTS) values ('10','2',0,0,0,0,0,'0','0',0,'달려라',to_date('2022-07-07','YYYY-MM-DD'),to_date('2022-07-09','YYYY-MM-DD'),to_date('2022-06-17','YYYY-MM-DD'),4,'1234','1234','홍대입구역','탐앤탐스','5678','5678','한강','한강gs앞','1010','1010','풍성빌딩','풍성빌딩4층',null,null);
Insert into TEAM1.RIDING (RIDING_ID,LEADER_ID,STEP_ID,SPEED_ID,MOOD_P_ID,DINING_P_ID,EAT_P_ID,AGE_P_ID,SEX_P_ID,EV_GRADE_ID,RIDING_NAME,START_DATE,END_DATE,CREATED_DATE,MAXIMUM,MEET_LATI,MEET_LONGI,MEET_ADDRESS,MEET_DETAIL,START_LATI,START_LONGI,START_ADDRESS,START_DETAIL,END_LATI,END_LONGI,END_ADDRESS,END_DETAIL,CONFIRM_DATE,COMMENTS) values ('11','2',1,1,1,1,1,'1','1',1,'달려라',to_date('2022-07-07','YYYY-MM-DD'),to_date('2022-07-09','YYYY-MM-DD'),to_date('2022-06-17','YYYY-MM-DD'),4,'1234','1234','홍대입구역','탐앤탐스','5678','5678','한강','한강gs앞','1010','1010','풍성빌딩','풍성빌딩4층',null,null);
Insert into TEAM1.RIDING (RIDING_ID,LEADER_ID,STEP_ID,SPEED_ID,MOOD_P_ID,DINING_P_ID,EAT_P_ID,AGE_P_ID,SEX_P_ID,EV_GRADE_ID,RIDING_NAME,START_DATE,END_DATE,CREATED_DATE,MAXIMUM,MEET_LATI,MEET_LONGI,MEET_ADDRESS,MEET_DETAIL,START_LATI,START_LONGI,START_ADDRESS,START_DETAIL,END_LATI,END_LONGI,END_ADDRESS,END_DETAIL,CONFIRM_DATE,COMMENTS) values ('16','0',0,0,0,0,0,'0','1',0,'은혜랑건태랑',to_date('2022-06-15','YYYY-MM-DD'),to_date('2022-06-16','YYYY-MM-DD'),to_date('2022-06-18','YYYY-MM-DD'),5,'37.566419142166666','126.98091617350225','서울 중구 을지로1가 87','없음','37.56730224000985','126.9816856489858','서울특별시 중구 을지로3길 24','없음','37.5675454983118','126.98161767443239','서울특별시 중구 을지로3길 34','없음',null,'없음');
Insert into TEAM1.RIDING (RIDING_ID,LEADER_ID,STEP_ID,SPEED_ID,MOOD_P_ID,DINING_P_ID,EAT_P_ID,AGE_P_ID,SEX_P_ID,EV_GRADE_ID,RIDING_NAME,START_DATE,END_DATE,CREATED_DATE,MAXIMUM,MEET_LATI,MEET_LONGI,MEET_ADDRESS,MEET_DETAIL,START_LATI,START_LONGI,START_ADDRESS,START_DETAIL,END_LATI,END_LONGI,END_ADDRESS,END_DETAIL,CONFIRM_DATE,COMMENTS) values ('14','0',0,0,0,0,0,'0','0',0,'sfsefse',to_date('2022-06-10','YYYY-MM-DD'),to_date('2022-06-25','YYYY-MM-DD'),to_date('2022-06-18','YYYY-MM-DD'),2,'37.56748195611968','126.97879922014133','서울 중구 무교동 31',null,'37.566942119785324','126.98357602261316','서울 중구 수하동 66',null,'37.564959851754345','126.98303315663209','서울 중구 을지로2가 199-10',null,null,'NULL');
Insert into TEAM1.RIDING (RIDING_ID,LEADER_ID,STEP_ID,SPEED_ID,MOOD_P_ID,DINING_P_ID,EAT_P_ID,AGE_P_ID,SEX_P_ID,EV_GRADE_ID,RIDING_NAME,START_DATE,END_DATE,CREATED_DATE,MAXIMUM,MEET_LATI,MEET_LONGI,MEET_ADDRESS,MEET_DETAIL,START_LATI,START_LONGI,START_ADDRESS,START_DETAIL,END_LATI,END_LONGI,END_ADDRESS,END_DETAIL,CONFIRM_DATE,COMMENTS) values ('17','0',4,2,2,0,1,'4','1',0,'0619 테스트중',to_date('2022-06-01','YYYY-MM-DD'),to_date('2022-06-06','YYYY-MM-DD'),to_date('2022-06-19','YYYY-MM-DD'),5,'37.56751729706743','126.97521103591798','서울 중구 정동 3','없음','37.568419740160614','126.98348514379056','서울 중구 삼각동 66-1','없음','37.56790621654266','126.983802195342','서울 중구 삼각동 66-1','없음',null,'테스트중임다');
Insert into TEAM1.RIDING (RIDING_ID,LEADER_ID,STEP_ID,SPEED_ID,MOOD_P_ID,DINING_P_ID,EAT_P_ID,AGE_P_ID,SEX_P_ID,EV_GRADE_ID,RIDING_NAME,START_DATE,END_DATE,CREATED_DATE,MAXIMUM,MEET_LATI,MEET_LONGI,MEET_ADDRESS,MEET_DETAIL,START_LATI,START_LONGI,START_ADDRESS,START_DETAIL,END_LATI,END_LONGI,END_ADDRESS,END_DETAIL,CONFIRM_DATE,COMMENTS) values ('18','0',3,2,0,1,2,'2','1',0,'0619 테스트중임',to_date('2022-06-06','YYYY-MM-DD'),to_date('2022-06-14','YYYY-MM-DD'),to_date('2022-06-19','YYYY-MM-DD'),2,'37.56713899865331','126.97578843559877','서울 중구 정동 3','없음','37.56715820261623','126.98248934086853','서울 중구 다동 97-1','없음','37.56806794795145','126.98081387965104','서울 중구 다동 33-5','없음',null,'테스트중임');
Insert into TEAM1.RIDING (RIDING_ID,LEADER_ID,STEP_ID,SPEED_ID,MOOD_P_ID,DINING_P_ID,EAT_P_ID,AGE_P_ID,SEX_P_ID,EV_GRADE_ID,RIDING_NAME,START_DATE,END_DATE,CREATED_DATE,MAXIMUM,MEET_LATI,MEET_LONGI,MEET_ADDRESS,MEET_DETAIL,START_LATI,START_LONGI,START_ADDRESS,START_DETAIL,END_LATI,END_LONGI,END_ADDRESS,END_DETAIL,CONFIRM_DATE,COMMENTS) values ('19','0',1,0,2,2,2,'3','1',0,'테스트중 0619',to_date('2022-06-01','YYYY-MM-DD'),to_date('2022-06-13','YYYY-MM-DD'),to_date('2022-06-19','YYYY-MM-DD'),2,'37.567814807727714','126.9760938354341','서울 중구 태평로1가 61-1','없음','37.567851954196186','126.98238730555639','서울 중구 다동 88','없음','37.567735035108','126.98385882838302','서울 중구 삼각동 94','없음',null,'ㄹㄴㄷㄹ');
Insert into TEAM1.RIDING (RIDING_ID,LEADER_ID,STEP_ID,SPEED_ID,MOOD_P_ID,DINING_P_ID,EAT_P_ID,AGE_P_ID,SEX_P_ID,EV_GRADE_ID,RIDING_NAME,START_DATE,END_DATE,CREATED_DATE,MAXIMUM,MEET_LATI,MEET_LONGI,MEET_ADDRESS,MEET_DETAIL,START_LATI,START_LONGI,START_ADDRESS,START_DETAIL,END_LATI,END_LONGI,END_ADDRESS,END_DETAIL,CONFIRM_DATE,COMMENTS) values ('20','0',3,3,2,0,1,'2','0',0,'0619 테스트',to_date('2022-06-01','YYYY-MM-DD'),to_date('2022-06-10','YYYY-MM-DD'),to_date('2022-06-19','YYYY-MM-DD'),2,'37.56691456297247','126.98014635032594','서울 중구 다동 172-3','없음','37.56690557577771','126.98028218153961','서울 중구 다동 172-3','없음','37.56715817900594','126.98233087337196','서울 중구 다동 103','없음',null,'ㄴㄹㄷ');
Insert into TEAM1.RIDING (RIDING_ID,LEADER_ID,STEP_ID,SPEED_ID,MOOD_P_ID,DINING_P_ID,EAT_P_ID,AGE_P_ID,SEX_P_ID,EV_GRADE_ID,RIDING_NAME,START_DATE,END_DATE,CREATED_DATE,MAXIMUM,MEET_LATI,MEET_LONGI,MEET_ADDRESS,MEET_DETAIL,START_LATI,START_LONGI,START_ADDRESS,START_DETAIL,END_LATI,END_LONGI,END_ADDRESS,END_DETAIL,CONFIRM_DATE,COMMENTS) values ('21','0',3,2,2,1,0,'1','0',0,'테스트 0619',to_date('2022-06-01','YYYY-MM-DD'),to_date('2022-06-11','YYYY-MM-DD'),to_date('2022-06-19','YYYY-MM-DD'),2,'37.56714019776567','126.98259121702442','서울 중구 남대문로1가 100-1','없음','37.56754591096348','126.98449274248841','서울 중구 수하동 28-1','없음','37.566833386591576','126.97963701425601','서울 중구 을지로1가 32','없음',null,'없음');
Insert into TEAM1.RIDING (RIDING_ID,LEADER_ID,STEP_ID,SPEED_ID,MOOD_P_ID,DINING_P_ID,EAT_P_ID,AGE_P_ID,SEX_P_ID,EV_GRADE_ID,RIDING_NAME,START_DATE,END_DATE,CREATED_DATE,MAXIMUM,MEET_LATI,MEET_LONGI,MEET_ADDRESS,MEET_DETAIL,START_LATI,START_LONGI,START_ADDRESS,START_DETAIL,END_LATI,END_LONGI,END_ADDRESS,END_DETAIL,CONFIRM_DATE,COMMENTS) values ('22','0',0,0,0,0,0,'0','0',0,'0619테스트',to_date('2022-06-01','YYYY-MM-DD'),to_date('2022-06-11','YYYY-MM-DD'),to_date('2022-06-19','YYYY-MM-DD'),2,'37.56664413622335','126.97939936615396','서울 중구 을지로1가 16','없음','37.56463567751697','126.98436883977955','서울 중구 명동1가 42-1','없음','37.56787021367399','126.98407386429965','서울 중구 삼각동 117','없음',null,'없음');
Insert into TEAM1.RIDING (RIDING_ID,LEADER_ID,STEP_ID,SPEED_ID,MOOD_P_ID,DINING_P_ID,EAT_P_ID,AGE_P_ID,SEX_P_ID,EV_GRADE_ID,RIDING_NAME,START_DATE,END_DATE,CREATED_DATE,MAXIMUM,MEET_LATI,MEET_LONGI,MEET_ADDRESS,MEET_DETAIL,START_LATI,START_LONGI,START_ADDRESS,START_DETAIL,END_LATI,END_LONGI,END_ADDRESS,END_DETAIL,CONFIRM_DATE,COMMENTS) values ('23','0',0,0,0,0,0,'0','0',0,'ㅗ롯로',to_date('2022-06-11','YYYY-MM-DD'),to_date('2022-06-22','YYYY-MM-DD'),to_date('2022-06-19','YYYY-MM-DD'),2,'37.56691492027667','126.98239884525375','서울 중구 다동 111','없음','37.56723013211313','126.9815045607495','서울 중구 다동 97-1','없음','37.565022505495946','126.98035059058242','서울 중구 소공동 1','없음',null,'없음');
Insert into TEAM1.RIDING (RIDING_ID,LEADER_ID,STEP_ID,SPEED_ID,MOOD_P_ID,DINING_P_ID,EAT_P_ID,AGE_P_ID,SEX_P_ID,EV_GRADE_ID,RIDING_NAME,START_DATE,END_DATE,CREATED_DATE,MAXIMUM,MEET_LATI,MEET_LONGI,MEET_ADDRESS,MEET_DETAIL,START_LATI,START_LONGI,START_ADDRESS,START_DETAIL,END_LATI,END_LONGI,END_ADDRESS,END_DETAIL,CONFIRM_DATE,COMMENTS) values ('29','0',0,2,2,1,2,'1','0',0,'0619 키값 테스트',to_date('2022-06-01','YYYY-MM-DD'),to_date('2022-06-10','YYYY-MM-DD'),to_date('2022-06-19','YYYY-MM-DD'),2,'37.56623885202551','126.98036159005648','서울 중구 을지로1가 63','없음','37.56665392806361','126.98451556546222','서울 중구 을지로2가 17','없음','37.5640683124288','126.98649686261142','서울 중구 명동2가 1-18','없음',null,'없음');
Insert into TEAM1.RIDING (RIDING_ID,LEADER_ID,STEP_ID,SPEED_ID,MOOD_P_ID,DINING_P_ID,EAT_P_ID,AGE_P_ID,SEX_P_ID,EV_GRADE_ID,RIDING_NAME,START_DATE,END_DATE,CREATED_DATE,MAXIMUM,MEET_LATI,MEET_LONGI,MEET_ADDRESS,MEET_DETAIL,START_LATI,START_LONGI,START_ADDRESS,START_DETAIL,END_LATI,END_LONGI,END_ADDRESS,END_DETAIL,CONFIRM_DATE,COMMENTS) values ('43','0',0,0,0,0,0,'0','0',0,'ㄹㄴㄷㄹㄴㄷ',to_date('2022-06-11','YYYY-MM-DD'),to_date('2022-06-28','YYYY-MM-DD'),to_date('2022-06-19','YYYY-MM-DD'),2,'37.5664095922736','126.97782609058501','서울 중구 태평로1가 31','없음','37.56640115681576','126.98113123895226','서울 중구 을지로1가 87','없음','37.56673443162393','126.98055388368692','서울 중구 을지로1가 42','없음',null,'없음');
Insert into TEAM1.RIDING (RIDING_ID,LEADER_ID,STEP_ID,SPEED_ID,MOOD_P_ID,DINING_P_ID,EAT_P_ID,AGE_P_ID,SEX_P_ID,EV_GRADE_ID,RIDING_NAME,START_DATE,END_DATE,CREATED_DATE,MAXIMUM,MEET_LATI,MEET_LONGI,MEET_ADDRESS,MEET_DETAIL,START_LATI,START_LONGI,START_ADDRESS,START_DETAIL,END_LATI,END_LONGI,END_ADDRESS,END_DETAIL,CONFIRM_DATE,COMMENTS) values ('48','0',1,0,2,0,0,'3','1',0,'테스트중입니다.',to_date('2022-06-01','YYYY-MM-DD'),to_date('2022-06-02','YYYY-MM-DD'),to_date('2022-06-20','YYYY-MM-DD'),2,'37.55384740159705','126.92727635938022','서울특별시 마포구 와우산로 123','없음','37.56694153525477','126.97980677093318','서울 중구 다동 172-3','없음','37.56641940440571','126.98261402275969','서울 중구 남대문로1가 93-1','없음',null,'ㅁㄴㄹㄴㄷ');
Insert into TEAM1.RIDING (RIDING_ID,LEADER_ID,STEP_ID,SPEED_ID,MOOD_P_ID,DINING_P_ID,EAT_P_ID,AGE_P_ID,SEX_P_ID,EV_GRADE_ID,RIDING_NAME,START_DATE,END_DATE,CREATED_DATE,MAXIMUM,MEET_LATI,MEET_LONGI,MEET_ADDRESS,MEET_DETAIL,START_LATI,START_LONGI,START_ADDRESS,START_DETAIL,END_LATI,END_LONGI,END_ADDRESS,END_DETAIL,CONFIRM_DATE,COMMENTS) values ('30','0',3,2,1,2,1,'1','0',0,'0619 키값 테스트',to_date('2022-06-01','YYYY-MM-DD'),to_date('2022-06-18','YYYY-MM-DD'),to_date('2022-06-19','YYYY-MM-DD'),2,'37.56690565421964','126.98075758241907','서울 중구 다동 172-3','없음','37.566879037443556','126.98348548394287','서울 중구 수하동 68-1','없음','37.56524827395522','126.98376881440831','서울 중구 을지로2가 199-33','없음',null,'없음');
Insert into TEAM1.RIDING (RIDING_ID,LEADER_ID,STEP_ID,SPEED_ID,MOOD_P_ID,DINING_P_ID,EAT_P_ID,AGE_P_ID,SEX_P_ID,EV_GRADE_ID,RIDING_NAME,START_DATE,END_DATE,CREATED_DATE,MAXIMUM,MEET_LATI,MEET_LONGI,MEET_ADDRESS,MEET_DETAIL,START_LATI,START_LONGI,START_ADDRESS,START_DETAIL,END_LATI,END_LONGI,END_ADDRESS,END_DETAIL,CONFIRM_DATE,COMMENTS) values ('31','0',3,2,2,0,2,'1','1',0,'0619 경유지 테스트',to_date('2022-06-01','YYYY-MM-DD'),to_date('2022-06-11','YYYY-MM-DD'),to_date('2022-06-19','YYYY-MM-DD'),4,'37.56686912771053','126.97797310219332','서울 중구 태평로1가 31','없음','37.56729336538254','126.98257986225046','서울 중구 남대문로1가 100-1','없음','37.56794162890574','126.97973858559916','서울 중구 무교동 13-1','없음',null,'경유지 테스트');
Insert into TEAM1.RIDING (RIDING_ID,LEADER_ID,STEP_ID,SPEED_ID,MOOD_P_ID,DINING_P_ID,EAT_P_ID,AGE_P_ID,SEX_P_ID,EV_GRADE_ID,RIDING_NAME,START_DATE,END_DATE,CREATED_DATE,MAXIMUM,MEET_LATI,MEET_LONGI,MEET_ADDRESS,MEET_DETAIL,START_LATI,START_LONGI,START_ADDRESS,START_DETAIL,END_LATI,END_LONGI,END_ADDRESS,END_DETAIL,CONFIRM_DATE,COMMENTS) values ('32','0',0,2,2,1,2,'4','1',0,'0619 경유지테스트 2번째',to_date('2022-06-01','YYYY-MM-DD'),to_date('2022-06-17','YYYY-MM-DD'),to_date('2022-06-19','YYYY-MM-DD'),2,'37.56694060963348','126.97497352646532','서울 중구 정동 4','없음','37.56768967695098','126.98174215006601','서울특별시 중구 을지로3길 30-5','없음','37.56665393103058','126.98453820352364','서울 중구 을지로2가 17','없음',null,'경유지 테스트 2번째');
Insert into TEAM1.RIDING (RIDING_ID,LEADER_ID,STEP_ID,SPEED_ID,MOOD_P_ID,DINING_P_ID,EAT_P_ID,AGE_P_ID,SEX_P_ID,EV_GRADE_ID,RIDING_NAME,START_DATE,END_DATE,CREATED_DATE,MAXIMUM,MEET_LATI,MEET_LONGI,MEET_ADDRESS,MEET_DETAIL,START_LATI,START_LONGI,START_ADDRESS,START_DETAIL,END_LATI,END_LONGI,END_ADDRESS,END_DETAIL,CONFIRM_DATE,COMMENTS) values ('33','0',0,2,2,1,1,'1','0',0,'경유지테스트 3번째',to_date('2022-06-01','YYYY-MM-DD'),to_date('2022-06-03','YYYY-MM-DD'),to_date('2022-06-19','YYYY-MM-DD'),2,'37.56728407983176','126.98080276157863','서울 중구 다동 134-2','없음','37.56654549843261','126.98230838005962','서울 중구 을지로1가 101-1','없음','37.564680885604766','126.98561389090821','서울 중구 명동1가 4-1','없음',null,'없음');
Insert into TEAM1.RIDING (RIDING_ID,LEADER_ID,STEP_ID,SPEED_ID,MOOD_P_ID,DINING_P_ID,EAT_P_ID,AGE_P_ID,SEX_P_ID,EV_GRADE_ID,RIDING_NAME,START_DATE,END_DATE,CREATED_DATE,MAXIMUM,MEET_LATI,MEET_LONGI,MEET_ADDRESS,MEET_DETAIL,START_LATI,START_LONGI,START_ADDRESS,START_DETAIL,END_LATI,END_LONGI,END_ADDRESS,END_DETAIL,CONFIRM_DATE,COMMENTS) values ('34','0',3,2,1,2,2,'2','1',0,'0619 1208 경유지 테스트',to_date('2022-06-02','YYYY-MM-DD'),to_date('2022-06-28','YYYY-MM-DD'),to_date('2022-06-19','YYYY-MM-DD'),2,'37.56632826671553','126.9766036646763','서울특별시 중구 세종대로 99','없음','37.56550910680822','126.98073530393377','서울 중구 소공동 1','없음','37.56596820298339','126.9783582109965','서울 중구 을지로1가 50-1','없음',null,'없음');
Insert into TEAM1.RIDING (RIDING_ID,LEADER_ID,STEP_ID,SPEED_ID,MOOD_P_ID,DINING_P_ID,EAT_P_ID,AGE_P_ID,SEX_P_ID,EV_GRADE_ID,RIDING_NAME,START_DATE,END_DATE,CREATED_DATE,MAXIMUM,MEET_LATI,MEET_LONGI,MEET_ADDRESS,MEET_DETAIL,START_LATI,START_LONGI,START_ADDRESS,START_DETAIL,END_LATI,END_LONGI,END_ADDRESS,END_DETAIL,CONFIRM_DATE,COMMENTS) values ('35','0',3,2,2,1,0,'2','1',0,'경유지테스트 0619 1210',to_date('2022-06-01','YYYY-MM-DD'),to_date('2022-06-24','YYYY-MM-DD'),to_date('2022-06-19','YYYY-MM-DD'),2,'37.567085446172925','126.97840316415207','서울 중구 태평로1가 31-34','없음','37.56787860743418','126.98002158307632','서울 중구 다동 50-1','없음','37.56304934242918','126.98046429368208','서울 중구 소공동 50','없음',null,'없음');
Insert into TEAM1.RIDING (RIDING_ID,LEADER_ID,STEP_ID,SPEED_ID,MOOD_P_ID,DINING_P_ID,EAT_P_ID,AGE_P_ID,SEX_P_ID,EV_GRADE_ID,RIDING_NAME,START_DATE,END_DATE,CREATED_DATE,MAXIMUM,MEET_LATI,MEET_LONGI,MEET_ADDRESS,MEET_DETAIL,START_LATI,START_LONGI,START_ADDRESS,START_DETAIL,END_LATI,END_LONGI,END_ADDRESS,END_DETAIL,CONFIRM_DATE,COMMENTS) values ('36','0',1,2,1,0,2,'2','0',0,'하K',to_date('2022-06-03','YYYY-MM-DD'),to_date('2022-06-15','YYYY-MM-DD'),to_date('2022-06-19','YYYY-MM-DD'),2,'37.5671934925315','126.97800696401798','서울 중구 태평로1가 25','없음','37.56785183156587','126.98158364151553','서울특별시 중구 다동길 46','없음','37.56820351541384','126.98358706491909','서울 중구 삼각동 66-1','없음',null,'없음');
Insert into TEAM1.RIDING (RIDING_ID,LEADER_ID,STEP_ID,SPEED_ID,MOOD_P_ID,DINING_P_ID,EAT_P_ID,AGE_P_ID,SEX_P_ID,EV_GRADE_ID,RIDING_NAME,START_DATE,END_DATE,CREATED_DATE,MAXIMUM,MEET_LATI,MEET_LONGI,MEET_ADDRESS,MEET_DETAIL,START_LATI,START_LONGI,START_ADDRESS,START_DETAIL,END_LATI,END_LONGI,END_ADDRESS,END_DETAIL,CONFIRM_DATE,COMMENTS) values ('37','0',1,2,2,1,2,'1','0',0,'호m',to_date('2022-06-10','YYYY-MM-DD'),to_date('2022-06-28','YYYY-MM-DD'),to_date('2022-06-19','YYYY-MM-DD'),2,'37.56758106361729','126.97878787288079','서울 중구 무교동 45','없음','37.56809518561795','126.98213822480554','서울 중구 다동 85-3','없음','37.568211925659554','126.97972719311707','서울 중구 무교동 11','없음',null,'없음');
Insert into TEAM1.RIDING (RIDING_ID,LEADER_ID,STEP_ID,SPEED_ID,MOOD_P_ID,DINING_P_ID,EAT_P_ID,AGE_P_ID,SEX_P_ID,EV_GRADE_ID,RIDING_NAME,START_DATE,END_DATE,CREATED_DATE,MAXIMUM,MEET_LATI,MEET_LONGI,MEET_ADDRESS,MEET_DETAIL,START_LATI,START_LONGI,START_ADDRESS,START_DETAIL,END_LATI,END_LONGI,END_ADDRESS,END_DETAIL,CONFIRM_DATE,COMMENTS) values ('38','0',0,0,0,0,0,'0','0',0,'0619 쨘',to_date('2022-06-02','YYYY-MM-DD'),to_date('2022-06-21','YYYY-MM-DD'),to_date('2022-06-19','YYYY-MM-DD'),2,'37.567788428418','126.97955751985435','서울 중구 무교동 95','없음','37.56715794593747','126.98083675127072','서울 중구 다동 139','없음','37.56814030470366','126.98260230352382','서울 중구 남대문로1가 110-1','없음',null,'없음');
Insert into TEAM1.RIDING (RIDING_ID,LEADER_ID,STEP_ID,SPEED_ID,MOOD_P_ID,DINING_P_ID,EAT_P_ID,AGE_P_ID,SEX_P_ID,EV_GRADE_ID,RIDING_NAME,START_DATE,END_DATE,CREATED_DATE,MAXIMUM,MEET_LATI,MEET_LONGI,MEET_ADDRESS,MEET_DETAIL,START_LATI,START_LONGI,START_ADDRESS,START_DETAIL,END_LATI,END_LONGI,END_ADDRESS,END_DETAIL,CONFIRM_DATE,COMMENTS) values ('39','0',3,2,2,1,0,'1','0',0,'트랜잭션 테스트',to_date('2022-06-01','YYYY-MM-DD'),to_date('2022-06-02','YYYY-MM-DD'),to_date('2022-06-19','YYYY-MM-DD'),2,'37.56644598171415','126.9797729477064','서울 중구 을지로1가 53-7','없음','37.56741047303013','126.98243268608736','서울 중구 다동 103','없음','37.56808513157113','126.9762182607619','서울 중구 태평로1가 61-27','없음',null,'없음');
Insert into TEAM1.RIDING (RIDING_ID,LEADER_ID,STEP_ID,SPEED_ID,MOOD_P_ID,DINING_P_ID,EAT_P_ID,AGE_P_ID,SEX_P_ID,EV_GRADE_ID,RIDING_NAME,START_DATE,END_DATE,CREATED_DATE,MAXIMUM,MEET_LATI,MEET_LONGI,MEET_ADDRESS,MEET_DETAIL,START_LATI,START_LONGI,START_ADDRESS,START_DETAIL,END_LATI,END_LONGI,END_ADDRESS,END_DETAIL,CONFIRM_DATE,COMMENTS) values ('40','0',0,0,0,0,0,'0','0',0,'0619 트랜잭션 테스트',to_date('2022-06-09','YYYY-MM-DD'),to_date('2022-06-24','YYYY-MM-DD'),to_date('2022-06-19','YYYY-MM-DD'),2,'37.567157613869895','126.97888986492345','서울 중구 무교동 25-1','없음','37.56733833375305','126.98203653331976','서울 중구 다동 123-1','없음','37.56816670062818','126.97873111050738','서울 중구 무교동 97-5','없음',null,'없음');
Insert into TEAM1.RIDING (RIDING_ID,LEADER_ID,STEP_ID,SPEED_ID,MOOD_P_ID,DINING_P_ID,EAT_P_ID,AGE_P_ID,SEX_P_ID,EV_GRADE_ID,RIDING_NAME,START_DATE,END_DATE,CREATED_DATE,MAXIMUM,MEET_LATI,MEET_LONGI,MEET_ADDRESS,MEET_DETAIL,START_LATI,START_LONGI,START_ADDRESS,START_DETAIL,END_LATI,END_LONGI,END_ADDRESS,END_DETAIL,CONFIRM_DATE,COMMENTS) values ('41','0',0,0,0,0,0,'0','0',0,'트랜재겻ㄴ 테스흐트',to_date('2022-06-02','YYYY-MM-DD'),to_date('2022-06-17','YYYY-MM-DD'),to_date('2022-06-19','YYYY-MM-DD'),2,'37.56659024983274','126.98041809291207','서울특별시 중구 남대문로9길 39','없음','37.568041134426906','126.98219483391689','서울 중구 다동 85-3','없음','37.56799566525653','126.97960274015469','서울 중구 무교동 11','없음',null,'없음');
Insert into TEAM1.RIDING (RIDING_ID,LEADER_ID,STEP_ID,SPEED_ID,MOOD_P_ID,DINING_P_ID,EAT_P_ID,AGE_P_ID,SEX_P_ID,EV_GRADE_ID,RIDING_NAME,START_DATE,END_DATE,CREATED_DATE,MAXIMUM,MEET_LATI,MEET_LONGI,MEET_ADDRESS,MEET_DETAIL,START_LATI,START_LONGI,START_ADDRESS,START_DETAIL,END_LATI,END_LONGI,END_ADDRESS,END_DETAIL,CONFIRM_DATE,COMMENTS) values ('42','0',3,2,2,2,1,'2','1',0,'트랜잭션테스트 13:00',to_date('2022-06-10','YYYY-MM-DD'),to_date('2022-06-24','YYYY-MM-DD'),to_date('2022-06-19','YYYY-MM-DD'),2,'37.56695041105352','126.97903707138254','서울 중구 태평로1가 33-4','없음','37.568166189149146','126.97605976535507','서울 중구 태평로1가 61-21','없음','37.56767937793691','126.97474689557886','서울특별시 중구 세종대로19길 24','없음',null,'없음');
Insert into TEAM1.RIDING (RIDING_ID,LEADER_ID,STEP_ID,SPEED_ID,MOOD_P_ID,DINING_P_ID,EAT_P_ID,AGE_P_ID,SEX_P_ID,EV_GRADE_ID,RIDING_NAME,START_DATE,END_DATE,CREATED_DATE,MAXIMUM,MEET_LATI,MEET_LONGI,MEET_ADDRESS,MEET_DETAIL,START_LATI,START_LONGI,START_ADDRESS,START_DETAIL,END_LATI,END_LONGI,END_ADDRESS,END_DETAIL,CONFIRM_DATE,COMMENTS) values ('3','2',2,2,2,2,2,'2','2',4,'즐겁게달려요',to_date('2022-07-10','YYYY-MM-DD'),to_date('2022-07-12','YYYY-MM-DD'),to_date('2022-06-15','YYYY-MM-DD'),4,'37.53411978708563','126.99505573295104','서울 용산구 보광로 126','메가커피','37.530587623471426','126.99100570495263','서울 용산구 녹사평대로 136','신호등 앞','37.57207855434141','126.8691991388729','서울 마포구 상암동 482-31','파리바게트',null,null);
Insert into TEAM1.RIDING (RIDING_ID,LEADER_ID,STEP_ID,SPEED_ID,MOOD_P_ID,DINING_P_ID,EAT_P_ID,AGE_P_ID,SEX_P_ID,EV_GRADE_ID,RIDING_NAME,START_DATE,END_DATE,CREATED_DATE,MAXIMUM,MEET_LATI,MEET_LONGI,MEET_ADDRESS,MEET_DETAIL,START_LATI,START_LONGI,START_ADDRESS,START_DETAIL,END_LATI,END_LONGI,END_ADDRESS,END_DETAIL,CONFIRM_DATE,COMMENTS) values ('4','4',4,2,2,0,0,'0','0',2,'달립시다',to_date('2022-07-24','YYYY-MM-DD'),to_date('2022-07-26','YYYY-MM-DD'),to_date('2022-06-15','YYYY-MM-DD'),3,'37.55105856383895','127.04643230493438','서울 성동구 성수동1가 671-6','스타벅스','37.54439452937347','127.03692301371028','서울 성동구 성수동1가 678-1','이마트편의점','37.55256548398258','127.11073584960145','서울 광진구 광장동 22-1','하하빌딩2층',null,null);
Insert into TEAM1.RIDING (RIDING_ID,LEADER_ID,STEP_ID,SPEED_ID,MOOD_P_ID,DINING_P_ID,EAT_P_ID,AGE_P_ID,SEX_P_ID,EV_GRADE_ID,RIDING_NAME,START_DATE,END_DATE,CREATED_DATE,MAXIMUM,MEET_LATI,MEET_LONGI,MEET_ADDRESS,MEET_DETAIL,START_LATI,START_LONGI,START_ADDRESS,START_DETAIL,END_LATI,END_LONGI,END_ADDRESS,END_DETAIL,CONFIRM_DATE,COMMENTS) values ('5','22',3,3,2,0,0,'4','1',3,'함께달려용',to_date('2022-07-24','YYYY-MM-DD'),to_date('2022-07-26','YYYY-MM-DD'),to_date('2022-06-15','YYYY-MM-DD'),3,'37.57044306002575','126.9883974053758','서울 종로구 종로2가 34-2','뚜레쥬르','37.56559245951082','126.88310155601138','서울 마포구 상암동 482-49','CU편의점','37.55202678558776','126.98945555423978','서울 중구 예장동 산 5-6','호호빌딩1층',null,null);
Insert into TEAM1.RIDING (RIDING_ID,LEADER_ID,STEP_ID,SPEED_ID,MOOD_P_ID,DINING_P_ID,EAT_P_ID,AGE_P_ID,SEX_P_ID,EV_GRADE_ID,RIDING_NAME,START_DATE,END_DATE,CREATED_DATE,MAXIMUM,MEET_LATI,MEET_LONGI,MEET_ADDRESS,MEET_DETAIL,START_LATI,START_LONGI,START_ADDRESS,START_DETAIL,END_LATI,END_LONGI,END_ADDRESS,END_DETAIL,CONFIRM_DATE,COMMENTS) values ('13','84',0,0,0,0,0,'0','0',0,'몽이콩이모임',to_date('2022-06-15','YYYY-MM-DD'),to_date('2022-06-19','YYYY-MM-DD'),to_date('2022-06-18','YYYY-MM-DD'),2,'15','15','왕십리',null,'30','30','몽이몽이','ㅁㄴㅇㄹ','45','45','콩이콩이',null,null,'몽이랑콩이는사랑중');
Insert into TEAM1.RIDING (RIDING_ID,LEADER_ID,STEP_ID,SPEED_ID,MOOD_P_ID,DINING_P_ID,EAT_P_ID,AGE_P_ID,SEX_P_ID,EV_GRADE_ID,RIDING_NAME,START_DATE,END_DATE,CREATED_DATE,MAXIMUM,MEET_LATI,MEET_LONGI,MEET_ADDRESS,MEET_DETAIL,START_LATI,START_LONGI,START_ADDRESS,START_DETAIL,END_LATI,END_LONGI,END_ADDRESS,END_DETAIL,CONFIRM_DATE,COMMENTS) values ('24','0',0,0,0,0,0,'0','0',0,'ㄹㄴㄷ',to_date('2022-06-03','YYYY-MM-DD'),to_date('2022-06-24','YYYY-MM-DD'),to_date('2022-06-19','YYYY-MM-DD'),2,'37.56697704168692','126.97689775783644','서울 중구 태평로1가 60-20','없음','37.565914362939','126.97959198874663','서울 중구 을지로1가 200','없음','37.56604064794278','126.98045219359479','서울 중구 을지로1가 50-1','없음',null,'없음');
Insert into TEAM1.RIDING (RIDING_ID,LEADER_ID,STEP_ID,SPEED_ID,MOOD_P_ID,DINING_P_ID,EAT_P_ID,AGE_P_ID,SEX_P_ID,EV_GRADE_ID,RIDING_NAME,START_DATE,END_DATE,CREATED_DATE,MAXIMUM,MEET_LATI,MEET_LONGI,MEET_ADDRESS,MEET_DETAIL,START_LATI,START_LONGI,START_ADDRESS,START_DETAIL,END_LATI,END_LONGI,END_ADDRESS,END_DETAIL,CONFIRM_DATE,COMMENTS) values ('44','0',3,2,2,1,2,'1','0',0,'모임생성',to_date('2022-06-01','YYYY-MM-DD'),to_date('2022-06-02','YYYY-MM-DD'),to_date('2022-06-19','YYYY-MM-DD'),2,'37.56676125381571','126.97933141961772','서울 중구 을지로1가 32','없음','37.56711327248988','126.98331564572305','서울 중구 삼각동 110-2','없음','37.567202977300205','126.9807235485941','서울 중구 다동 155','없음',null,'모임생성!!');
Insert into TEAM1.RIDING (RIDING_ID,LEADER_ID,STEP_ID,SPEED_ID,MOOD_P_ID,DINING_P_ID,EAT_P_ID,AGE_P_ID,SEX_P_ID,EV_GRADE_ID,RIDING_NAME,START_DATE,END_DATE,CREATED_DATE,MAXIMUM,MEET_LATI,MEET_LONGI,MEET_ADDRESS,MEET_DETAIL,START_LATI,START_LONGI,START_ADDRESS,START_DETAIL,END_LATI,END_LONGI,END_ADDRESS,END_DETAIL,CONFIRM_DATE,COMMENTS) values ('1','2',1,1,1,1,1,'0','0',1,'달려라',to_date('2022-07-07','YYYY-MM-DD'),to_date('2022-07-09','YYYY-MM-DD'),to_date('2022-06-15','YYYY-MM-DD'),4,'1234','1234','홍대입구역','탐앤탐스','5678','5678','한강','한강gs앞','1010','1010','풍성빌딩','풍성빌딩4층',null,null);
Insert into TEAM1.RIDING (RIDING_ID,LEADER_ID,STEP_ID,SPEED_ID,MOOD_P_ID,DINING_P_ID,EAT_P_ID,AGE_P_ID,SEX_P_ID,EV_GRADE_ID,RIDING_NAME,START_DATE,END_DATE,CREATED_DATE,MAXIMUM,MEET_LATI,MEET_LONGI,MEET_ADDRESS,MEET_DETAIL,START_LATI,START_LONGI,START_ADDRESS,START_DETAIL,END_LATI,END_LONGI,END_ADDRESS,END_DETAIL,CONFIRM_DATE,COMMENTS) values ('15','0',0,0,0,0,0,'0','0',0,'테스중임니다.',to_date('2022-06-02','YYYY-MM-DD'),to_date('2022-06-23','YYYY-MM-DD'),to_date('2022-06-18','YYYY-MM-DD'),2,'37.566851402601685','126.97961437123011','서울 중구 을지로1가 32',null,'37.56692393865919','126.98245543849102','서울 중구 다동 111',null,'37.5678517510099','126.98107427698513','서울 중구 다동 60-2',null,null,null);
Insert into TEAM1.RIDING (RIDING_ID,LEADER_ID,STEP_ID,SPEED_ID,MOOD_P_ID,DINING_P_ID,EAT_P_ID,AGE_P_ID,SEX_P_ID,EV_GRADE_ID,RIDING_NAME,START_DATE,END_DATE,CREATED_DATE,MAXIMUM,MEET_LATI,MEET_LONGI,MEET_ADDRESS,MEET_DETAIL,START_LATI,START_LONGI,START_ADDRESS,START_DETAIL,END_LATI,END_LONGI,END_ADDRESS,END_DETAIL,CONFIRM_DATE,COMMENTS) values ('45','0',2,1,1,0,2,'2','1',0,'fsse',to_date('2022-06-01','YYYY-MM-DD'),to_date('2022-06-02','YYYY-MM-DD'),to_date('2022-06-19','YYYY-MM-DD'),2,'37.567409348186516','126.97603736928875','서울 중구 정동 3-8','sfes','37.56692361454475','126.98039536750241','서울 중구 다동 172-3','ffff','37.56626566221718','126.97908253915986','서울 중구 을지로1가 8','ffess',null,'sssef');
Insert into TEAM1.RIDING (RIDING_ID,LEADER_ID,STEP_ID,SPEED_ID,MOOD_P_ID,DINING_P_ID,EAT_P_ID,AGE_P_ID,SEX_P_ID,EV_GRADE_ID,RIDING_NAME,START_DATE,END_DATE,CREATED_DATE,MAXIMUM,MEET_LATI,MEET_LONGI,MEET_ADDRESS,MEET_DETAIL,START_LATI,START_LONGI,START_ADDRESS,START_DETAIL,END_LATI,END_LONGI,END_ADDRESS,END_DETAIL,CONFIRM_DATE,COMMENTS) values ('46','0',2,2,2,1,2,'1','0',0,'마지막테스트다',to_date('2022-06-01','YYYY-MM-DD'),to_date('2022-06-17','YYYY-MM-DD'),to_date('2022-06-19','YYYY-MM-DD'),2,'37.56667974176503','126.97704499710504','서울 중구 정동 5-8','없음','37.566617498931954','126.98178768785954','서울 중구 을지로1가 101-1','없음','37.56814928614645','126.98240987406126','서울 중구 다동 85','없음',null,'테스토');
REM INSERTING into TEAM1.RIDING_POINT
SET DEFINE OFF;
Insert into TEAM1.RIDING_POINT (POINT_ID,RIDING_ID,LATITUDE,LONGITUDE,ADDRESS,DETAIL_ADDRESS) values ('15','48','37.565941400636184','126.97963725706305','서울 중구 을지로1가 50-1','없음');
Insert into TEAM1.RIDING_POINT (POINT_ID,RIDING_ID,LATITUDE,LONGITUDE,ADDRESS,DETAIL_ADDRESS) values ('2','35','37.56768041128685','126.98015746624654','서울 중구 다동 170-1','없음');
Insert into TEAM1.RIDING_POINT (POINT_ID,RIDING_ID,LATITUDE,LONGITUDE,ADDRESS,DETAIL_ADDRESS) values ('3','35','37.5673741628004','126.98070086620054','서울 중구 다동 134-4','없음');
Insert into TEAM1.RIDING_POINT (POINT_ID,RIDING_ID,LATITUDE,LONGITUDE,ADDRESS,DETAIL_ADDRESS) values ('4','35','37.56787009126986','126.9831909655527','서울 중구 남대문로1가 18','없음');
Insert into TEAM1.RIDING_POINT (POINT_ID,RIDING_ID,LATITUDE,LONGITUDE,ADDRESS,DETAIL_ADDRESS) values ('5','39','37.56823039926007','126.9825683247604','서울 중구 남대문로1가 110-1','없음');
Insert into TEAM1.RIDING_POINT (POINT_ID,RIDING_ID,LATITUDE,LONGITUDE,ADDRESS,DETAIL_ADDRESS) values ('6','40','NULL','126.98226278995287','서울 중구 다동 88','없음');
Insert into TEAM1.RIDING_POINT (POINT_ID,RIDING_ID,LATITUDE,LONGITUDE,ADDRESS,DETAIL_ADDRESS) values ('7','40','NULL','126.9803271947933','서울 중구 다동 193','없음');
Insert into TEAM1.RIDING_POINT (POINT_ID,RIDING_ID,LATITUDE,LONGITUDE,ADDRESS,DETAIL_ADDRESS) values ('8','41','37.568149307979354','126.98255702440068','서울 중구 남대문로1가 110-1','없음');
Insert into TEAM1.RIDING_POINT (POINT_ID,RIDING_ID,LATITUDE,LONGITUDE,ADDRESS,DETAIL_ADDRESS) values ('9','41','37.56771616385192','126.97851617396978','서울특별시 중구 무교로 21','없음');
Insert into TEAM1.RIDING_POINT (POINT_ID,RIDING_ID,LATITUDE,LONGITUDE,ADDRESS,DETAIL_ADDRESS) values ('10','41','37.56755451882438','126.9816855872192','서울 중구 다동 97','없음');
Insert into TEAM1.RIDING_POINT (POINT_ID,RIDING_ID,LATITUDE,LONGITUDE,ADDRESS,DETAIL_ADDRESS) values ('14','46','37.56743729478809','126.98108570099565','서울 중구 다동 137','없음');
REM INSERTING into TEAM1.RIDING_RECORD
SET DEFINE OFF;
REM INSERTING into TEAM1.SEX_PREFERENCE
SET DEFINE OFF;
Insert into TEAM1.SEX_PREFERENCE (SEX_P_ID,SP_CONTENT) values ('0','제한 없음');
Insert into TEAM1.SEX_PREFERENCE (SEX_P_ID,SP_CONTENT) values ('1','남성');
Insert into TEAM1.SEX_PREFERENCE (SEX_P_ID,SP_CONTENT) values ('2','여성');
REM INSERTING into TEAM1.SINGLE_RIDING
SET DEFINE OFF;
REM INSERTING into TEAM1.SINGLE_RIDING_POINT
SET DEFINE OFF;
REM INSERTING into TEAM1.SINGLE_RIDING_RECORD
SET DEFINE OFF;
REM INSERTING into TEAM1.SPEED
SET DEFINE OFF;
Insert into TEAM1.SPEED (SPEED_ID,SPEED_TYPE) values (0,'제한 없음');
Insert into TEAM1.SPEED (SPEED_ID,SPEED_TYPE) values (1,'20미만');
Insert into TEAM1.SPEED (SPEED_ID,SPEED_TYPE) values (2,'20이상 24미만');
Insert into TEAM1.SPEED (SPEED_ID,SPEED_TYPE) values (3,'24이상');
REM INSERTING into TEAM1.STEP
SET DEFINE OFF;
Insert into TEAM1.STEP (STEP_ID,STEP_TYPE) values (0,'제한 없음');
Insert into TEAM1.STEP (STEP_ID,STEP_TYPE) values (1,'1년 미만');
Insert into TEAM1.STEP (STEP_ID,STEP_TYPE) values (2,'1~3년');
Insert into TEAM1.STEP (STEP_ID,STEP_TYPE) values (3,'3~5년');
Insert into TEAM1.STEP (STEP_ID,STEP_TYPE) values (4,'6년이상');
REM INSERTING into TEAM1."USER"
SET DEFINE OFF;
REM INSERTING into TEAM1.WITHDRAW_USER
SET DEFINE OFF;
Insert into TEAM1.WITHDRAW_USER (WITHDRAW_ID,USER_ID,WITHDRAW_DATE) values ('1','3',to_date('2022-06-14','YYYY-MM-DD'));
Insert into TEAM1.WITHDRAW_USER (WITHDRAW_ID,USER_ID,WITHDRAW_DATE) values ('2','2',to_date('2022-06-14','YYYY-MM-DD'));
Insert into TEAM1.WITHDRAW_USER (WITHDRAW_ID,USER_ID,WITHDRAW_DATE) values ('4','113',to_date('2022-06-19','YYYY-MM-DD'));
Insert into TEAM1.WITHDRAW_USER (WITHDRAW_ID,USER_ID,WITHDRAW_DATE) values ('3','95',to_date('2022-06-19','YYYY-MM-DD'));
--------------------------------------------------------
--  DDL for Index PK_PROFILE_IMG
--------------------------------------------------------

  CREATE UNIQUE INDEX "TEAM1"."PK_PROFILE_IMG" ON "TEAM1"."PROFILE_IMG" ("PIMG_ID") 
  PCTFREE 10 INITRANS 2 MAXTRANS 255 COMPUTE STATISTICS 
  STORAGE(INITIAL 65536 NEXT 1048576 MINEXTENTS 1 MAXEXTENTS 2147483645
  PCTINCREASE 0 FREELISTS 1 FREELIST GROUPS 1 BUFFER_POOL DEFAULT FLASH_CACHE DEFAULT CELL_FLASH_CACHE DEFAULT)
  TABLESPACE "TBS_TEAM1" ;
--------------------------------------------------------
--  DDL for Index PK_EVALUATION_GRADE
--------------------------------------------------------

  CREATE UNIQUE INDEX "TEAM1"."PK_EVALUATION_GRADE" ON "TEAM1"."EVALUATION_GRADE" ("EV_GRADE_ID") 
  PCTFREE 10 INITRANS 2 MAXTRANS 255 COMPUTE STATISTICS 
  STORAGE(INITIAL 65536 NEXT 1048576 MINEXTENTS 1 MAXEXTENTS 2147483645
  PCTINCREASE 0 FREELISTS 1 FREELIST GROUPS 1 BUFFER_POOL DEFAULT FLASH_CACHE DEFAULT CELL_FLASH_CACHE DEFAULT)
  TABLESPACE "TBS_TEAM1" ;
--------------------------------------------------------
--  DDL for Index PK_NOTICE_CONTENT
--------------------------------------------------------

  CREATE UNIQUE INDEX "TEAM1"."PK_NOTICE_CONTENT" ON "TEAM1"."NOTICE_CONTENT" ("N_CONTENT_ID") 
  PCTFREE 10 INITRANS 2 MAXTRANS 255 COMPUTE STATISTICS 
  STORAGE(INITIAL 65536 NEXT 1048576 MINEXTENTS 1 MAXEXTENTS 2147483645
  PCTINCREASE 0 FREELISTS 1 FREELIST GROUPS 1 BUFFER_POOL DEFAULT FLASH_CACHE DEFAULT CELL_FLASH_CACHE DEFAULT)
  TABLESPACE "TBS_TEAM1" ;
--------------------------------------------------------
--  DDL for Index PK_FACILITY_UPDATE_REQ
--------------------------------------------------------

  CREATE UNIQUE INDEX "TEAM1"."PK_FACILITY_UPDATE_REQ" ON "TEAM1"."FACILITY_UPDATE_REQ" ("F_UPDATE_ID") 
  PCTFREE 10 INITRANS 2 MAXTRANS 255 COMPUTE STATISTICS 
  STORAGE(INITIAL 65536 NEXT 1048576 MINEXTENTS 1 MAXEXTENTS 2147483645
  PCTINCREASE 0 FREELISTS 1 FREELIST GROUPS 1 BUFFER_POOL DEFAULT FLASH_CACHE DEFAULT CELL_FLASH_CACHE DEFAULT)
  TABLESPACE "TBS_TEAM1" ;
--------------------------------------------------------
--  DDL for Index PK_MEMBER_ACCESS
--------------------------------------------------------

  CREATE UNIQUE INDEX "TEAM1"."PK_MEMBER_ACCESS" ON "TEAM1"."MEMBER_ACCESS" ("ACCESS_ID") 
  PCTFREE 10 INITRANS 2 MAXTRANS 255 COMPUTE STATISTICS 
  STORAGE(INITIAL 65536 NEXT 1048576 MINEXTENTS 1 MAXEXTENTS 2147483645
  PCTINCREASE 0 FREELISTS 1 FREELIST GROUPS 1 BUFFER_POOL DEFAULT FLASH_CACHE DEFAULT CELL_FLASH_CACHE DEFAULT)
  TABLESPACE "TBS_TEAM1" ;
--------------------------------------------------------
--  DDL for Index PK_QUESTION
--------------------------------------------------------

  CREATE UNIQUE INDEX "TEAM1"."PK_QUESTION" ON "TEAM1"."QUESTION" ("QUESTION_ID") 
  PCTFREE 10 INITRANS 2 MAXTRANS 255 COMPUTE STATISTICS 
  STORAGE(INITIAL 65536 NEXT 1048576 MINEXTENTS 1 MAXEXTENTS 2147483645
  PCTINCREASE 0 FREELISTS 1 FREELIST GROUPS 1 BUFFER_POOL DEFAULT FLASH_CACHE DEFAULT CELL_FLASH_CACHE DEFAULT)
  TABLESPACE "TBS_TEAM1" ;
--------------------------------------------------------
--  DDL for Index PK_ANSWER_ATTENDANCE
--------------------------------------------------------

  CREATE UNIQUE INDEX "TEAM1"."PK_ANSWER_ATTENDANCE" ON "TEAM1"."ANSWER_ATTENDANCE" ("ANS_ATTE_ID") 
  PCTFREE 10 INITRANS 2 MAXTRANS 255 COMPUTE STATISTICS 
  STORAGE(INITIAL 65536 NEXT 1048576 MINEXTENTS 1 MAXEXTENTS 2147483645
  PCTINCREASE 0 FREELISTS 1 FREELIST GROUPS 1 BUFFER_POOL DEFAULT FLASH_CACHE DEFAULT CELL_FLASH_CACHE DEFAULT)
  TABLESPACE "TBS_TEAM1" ;
--------------------------------------------------------
--  DDL for Index PK_ANSWER
--------------------------------------------------------

  CREATE UNIQUE INDEX "TEAM1"."PK_ANSWER" ON "TEAM1"."ANSWER" ("ANSWER_ID") 
  PCTFREE 10 INITRANS 2 MAXTRANS 255 COMPUTE STATISTICS 
  STORAGE(INITIAL 65536 NEXT 1048576 MINEXTENTS 1 MAXEXTENTS 2147483645
  PCTINCREASE 0 FREELISTS 1 FREELIST GROUPS 1 BUFFER_POOL DEFAULT FLASH_CACHE DEFAULT CELL_FLASH_CACHE DEFAULT)
  TABLESPACE "TBS_TEAM1" ;
--------------------------------------------------------
--  DDL for Index PK_SINGLE_RIDING_RECORD
--------------------------------------------------------

  CREATE UNIQUE INDEX "TEAM1"."PK_SINGLE_RIDING_RECORD" ON "TEAM1"."SINGLE_RIDING_RECORD" ("S_RECORD_ID") 
  PCTFREE 10 INITRANS 2 MAXTRANS 255 COMPUTE STATISTICS 
  STORAGE(INITIAL 65536 NEXT 1048576 MINEXTENTS 1 MAXEXTENTS 2147483645
  PCTINCREASE 0 FREELISTS 1 FREELIST GROUPS 1 BUFFER_POOL DEFAULT FLASH_CACHE DEFAULT CELL_FLASH_CACHE DEFAULT)
  TABLESPACE "TBS_TEAM1" ;
--------------------------------------------------------
--  DDL for Index PK_NICKNAME_CHANGE
--------------------------------------------------------

  CREATE UNIQUE INDEX "TEAM1"."PK_NICKNAME_CHANGE" ON "TEAM1"."NICKNAME_CHANGE" ("CHANGE_ID") 
  PCTFREE 10 INITRANS 2 MAXTRANS 255 COMPUTE STATISTICS 
  STORAGE(INITIAL 65536 NEXT 1048576 MINEXTENTS 1 MAXEXTENTS 2147483645
  PCTINCREASE 0 FREELISTS 1 FREELIST GROUPS 1 BUFFER_POOL DEFAULT FLASH_CACHE DEFAULT CELL_FLASH_CACHE DEFAULT)
  TABLESPACE "TBS_TEAM1" ;
--------------------------------------------------------
--  DDL for Index PK_CONTRIBUTION_GRADE
--------------------------------------------------------

  CREATE UNIQUE INDEX "TEAM1"."PK_CONTRIBUTION_GRADE" ON "TEAM1"."CONTRIBUTION_GRADE" ("C_GRADE_ID") 
  PCTFREE 10 INITRANS 2 MAXTRANS 255 COMPUTE STATISTICS 
  STORAGE(INITIAL 65536 NEXT 1048576 MINEXTENTS 1 MAXEXTENTS 2147483645
  PCTINCREASE 0 FREELISTS 1 FREELIST GROUPS 1 BUFFER_POOL DEFAULT FLASH_CACHE DEFAULT CELL_FLASH_CACHE DEFAULT)
  TABLESPACE "TBS_TEAM1" ;
--------------------------------------------------------
--  DDL for Index PK_EVALUATION_RECORD
--------------------------------------------------------

  CREATE UNIQUE INDEX "TEAM1"."PK_EVALUATION_RECORD" ON "TEAM1"."EVALUATION_RECORD" ("EVA_RECORD_ID") 
  PCTFREE 10 INITRANS 2 MAXTRANS 255 COMPUTE STATISTICS 
  STORAGE(INITIAL 65536 NEXT 1048576 MINEXTENTS 1 MAXEXTENTS 2147483645
  PCTINCREASE 0 FREELISTS 1 FREELIST GROUPS 1 BUFFER_POOL DEFAULT FLASH_CACHE DEFAULT CELL_FLASH_CACHE DEFAULT)
  TABLESPACE "TBS_TEAM1" ;
--------------------------------------------------------
--  DDL for Index PK_RESTAURANT
--------------------------------------------------------

  CREATE UNIQUE INDEX "TEAM1"."PK_RESTAURANT" ON "TEAM1"."RESTAURANT" ("RESTAURANT_ID") 
  PCTFREE 10 INITRANS 2 MAXTRANS 255 COMPUTE STATISTICS 
  STORAGE(INITIAL 65536 NEXT 1048576 MINEXTENTS 1 MAXEXTENTS 2147483645
  PCTINCREASE 0 FREELISTS 1 FREELIST GROUPS 1 BUFFER_POOL DEFAULT FLASH_CACHE DEFAULT CELL_FLASH_CACHE DEFAULT)
  TABLESPACE "TBS_TEAM1" ;
--------------------------------------------------------
--  DDL for Index PK_SEX_PREFERENCE
--------------------------------------------------------

  CREATE UNIQUE INDEX "TEAM1"."PK_SEX_PREFERENCE" ON "TEAM1"."SEX_PREFERENCE" ("SEX_P_ID") 
  PCTFREE 10 INITRANS 2 MAXTRANS 255 COMPUTE STATISTICS 
  STORAGE(INITIAL 65536 NEXT 1048576 MINEXTENTS 1 MAXEXTENTS 2147483645
  PCTINCREASE 0 FREELISTS 1 FREELIST GROUPS 1 BUFFER_POOL DEFAULT FLASH_CACHE DEFAULT CELL_FLASH_CACHE DEFAULT)
  TABLESPACE "TBS_TEAM1" ;
--------------------------------------------------------
--  DDL for Index PK_FACILITY_DELETE_REQ
--------------------------------------------------------

  CREATE UNIQUE INDEX "TEAM1"."PK_FACILITY_DELETE_REQ" ON "TEAM1"."FACILITY_DELETE_REQ" ("F_DELETE_ID") 
  PCTFREE 10 INITRANS 2 MAXTRANS 255 COMPUTE STATISTICS 
  STORAGE(INITIAL 65536 NEXT 1048576 MINEXTENTS 1 MAXEXTENTS 2147483645
  PCTINCREASE 0 FREELISTS 1 FREELIST GROUPS 1 BUFFER_POOL DEFAULT FLASH_CACHE DEFAULT CELL_FLASH_CACHE DEFAULT)
  TABLESPACE "TBS_TEAM1" ;
--------------------------------------------------------
--  DDL for Index PK_MESSAGE
--------------------------------------------------------

  CREATE UNIQUE INDEX "TEAM1"."PK_MESSAGE" ON "TEAM1"."MESSAGE" ("MESSAGE_ID") 
  PCTFREE 10 INITRANS 2 MAXTRANS 255 COMPUTE STATISTICS 
  STORAGE(INITIAL 65536 NEXT 1048576 MINEXTENTS 1 MAXEXTENTS 2147483645
  PCTINCREASE 0 FREELISTS 1 FREELIST GROUPS 1 BUFFER_POOL DEFAULT FLASH_CACHE DEFAULT CELL_FLASH_CACHE DEFAULT)
  TABLESPACE "TBS_TEAM1" ;
--------------------------------------------------------
--  DDL for Index PK_SINGLE_RIDING
--------------------------------------------------------

  CREATE UNIQUE INDEX "TEAM1"."PK_SINGLE_RIDING" ON "TEAM1"."SINGLE_RIDING" ("S_RIDING_ID") 
  PCTFREE 10 INITRANS 2 MAXTRANS 255 COMPUTE STATISTICS 
  STORAGE(INITIAL 65536 NEXT 1048576 MINEXTENTS 1 MAXEXTENTS 2147483645
  PCTINCREASE 0 FREELISTS 1 FREELIST GROUPS 1 BUFFER_POOL DEFAULT FLASH_CACHE DEFAULT CELL_FLASH_CACHE DEFAULT)
  TABLESPACE "TBS_TEAM1" ;
--------------------------------------------------------
--  DDL for Index PK_INQUIRY
--------------------------------------------------------

  CREATE UNIQUE INDEX "TEAM1"."PK_INQUIRY" ON "TEAM1"."INQUIRY" ("INQUIRY_ID") 
  PCTFREE 10 INITRANS 2 MAXTRANS 255 COMPUTE STATISTICS 
  STORAGE(INITIAL 65536 NEXT 1048576 MINEXTENTS 1 MAXEXTENTS 2147483645
  PCTINCREASE 0 FREELISTS 1 FREELIST GROUPS 1 BUFFER_POOL DEFAULT FLASH_CACHE DEFAULT CELL_FLASH_CACHE DEFAULT)
  TABLESPACE "TBS_TEAM1" ;
--------------------------------------------------------
--  DDL for Index PK_EAT_PREFERENCE
--------------------------------------------------------

  CREATE UNIQUE INDEX "TEAM1"."PK_EAT_PREFERENCE" ON "TEAM1"."EAT_PREFERENCE" ("EAT_P_ID") 
  PCTFREE 10 INITRANS 2 MAXTRANS 255 COMPUTE STATISTICS 
  STORAGE(INITIAL 65536 NEXT 1048576 MINEXTENTS 1 MAXEXTENTS 2147483645
  PCTINCREASE 0 FREELISTS 1 FREELIST GROUPS 1 BUFFER_POOL DEFAULT FLASH_CACHE DEFAULT CELL_FLASH_CACHE DEFAULT)
  TABLESPACE "TBS_TEAM1" ;
--------------------------------------------------------
--  DDL for Index PK_USER
--------------------------------------------------------

  CREATE UNIQUE INDEX "TEAM1"."PK_USER" ON "TEAM1"."USER" ("USER_ID") 
  PCTFREE 10 INITRANS 2 MAXTRANS 255 COMPUTE STATISTICS 
  STORAGE(INITIAL 65536 NEXT 1048576 MINEXTENTS 1 MAXEXTENTS 2147483645
  PCTINCREASE 0 FREELISTS 1 FREELIST GROUPS 1 BUFFER_POOL DEFAULT FLASH_CACHE DEFAULT CELL_FLASH_CACHE DEFAULT)
  TABLESPACE "TBS_TEAM1" ;
--------------------------------------------------------
--  DDL for Index PK_ACCESS
--------------------------------------------------------

  CREATE UNIQUE INDEX "TEAM1"."PK_ACCESS" ON "TEAM1"."ACCESS" ("ACCESS_ID") 
  PCTFREE 10 INITRANS 2 MAXTRANS 255 COMPUTE STATISTICS 
  STORAGE(INITIAL 65536 NEXT 1048576 MINEXTENTS 1 MAXEXTENTS 2147483645
  PCTINCREASE 0 FREELISTS 1 FREELIST GROUPS 1 BUFFER_POOL DEFAULT FLASH_CACHE DEFAULT CELL_FLASH_CACHE DEFAULT)
  TABLESPACE "TBS_TEAM1" ;
--------------------------------------------------------
--  DDL for Index PK_REPORT_PROCESS_STATUS
--------------------------------------------------------

  CREATE UNIQUE INDEX "TEAM1"."PK_REPORT_PROCESS_STATUS" ON "TEAM1"."REPORT_PROCESS_STATUS" ("REPORT_STATUS_ID") 
  PCTFREE 10 INITRANS 2 MAXTRANS 255 COMPUTE STATISTICS 
  STORAGE(INITIAL 65536 NEXT 1048576 MINEXTENTS 1 MAXEXTENTS 2147483645
  PCTINCREASE 0 FREELISTS 1 FREELIST GROUPS 1 BUFFER_POOL DEFAULT FLASH_CACHE DEFAULT CELL_FLASH_CACHE DEFAULT)
  TABLESPACE "TBS_TEAM1" ;
--------------------------------------------------------
--  DDL for Index PK_PARTICIPANT_PENALTY
--------------------------------------------------------

  CREATE UNIQUE INDEX "TEAM1"."PK_PARTICIPANT_PENALTY" ON "TEAM1"."PARTICIPANT_PENALTY" ("P_PENALTY_ID") 
  PCTFREE 10 INITRANS 2 MAXTRANS 255 COMPUTE STATISTICS 
  STORAGE(INITIAL 65536 NEXT 1048576 MINEXTENTS 1 MAXEXTENTS 2147483645
  PCTINCREASE 0 FREELISTS 1 FREELIST GROUPS 1 BUFFER_POOL DEFAULT FLASH_CACHE DEFAULT CELL_FLASH_CACHE DEFAULT)
  TABLESPACE "TBS_TEAM1" ;
--------------------------------------------------------
--  DDL for Index PK_WITHDRAW_USER
--------------------------------------------------------

  CREATE UNIQUE INDEX "TEAM1"."PK_WITHDRAW_USER" ON "TEAM1"."WITHDRAW_USER" ("WITHDRAW_ID") 
  PCTFREE 10 INITRANS 2 MAXTRANS 255 COMPUTE STATISTICS 
  STORAGE(INITIAL 65536 NEXT 1048576 MINEXTENTS 1 MAXEXTENTS 2147483645
  PCTINCREASE 0 FREELISTS 1 FREELIST GROUPS 1 BUFFER_POOL DEFAULT FLASH_CACHE DEFAULT CELL_FLASH_CACHE DEFAULT)
  TABLESPACE "TBS_TEAM1" ;
--------------------------------------------------------
--  DDL for Index PK_RIDING_RECORD
--------------------------------------------------------

  CREATE UNIQUE INDEX "TEAM1"."PK_RIDING_RECORD" ON "TEAM1"."RIDING_RECORD" ("RECORD_ID") 
  PCTFREE 10 INITRANS 2 MAXTRANS 255 COMPUTE STATISTICS 
  STORAGE(INITIAL 65536 NEXT 1048576 MINEXTENTS 1 MAXEXTENTS 2147483645
  PCTINCREASE 0 FREELISTS 1 FREELIST GROUPS 1 BUFFER_POOL DEFAULT FLASH_CACHE DEFAULT CELL_FLASH_CACHE DEFAULT)
  TABLESPACE "TBS_TEAM1" ;
--------------------------------------------------------
--  DDL for Index PK_FACILITY_TYPE
--------------------------------------------------------

  CREATE UNIQUE INDEX "TEAM1"."PK_FACILITY_TYPE" ON "TEAM1"."FACILITY_TYPE" ("F_TYPE_ID") 
  PCTFREE 10 INITRANS 2 MAXTRANS 255 COMPUTE STATISTICS 
  STORAGE(INITIAL 65536 NEXT 1048576 MINEXTENTS 1 MAXEXTENTS 2147483645
  PCTINCREASE 0 FREELISTS 1 FREELIST GROUPS 1 BUFFER_POOL DEFAULT FLASH_CACHE DEFAULT CELL_FLASH_CACHE DEFAULT)
  TABLESPACE "TBS_TEAM1" ;
--------------------------------------------------------
--  DDL for Index PK_DINING_PREFERENCE
--------------------------------------------------------

  CREATE UNIQUE INDEX "TEAM1"."PK_DINING_PREFERENCE" ON "TEAM1"."DINING_PREFERENCE" ("DINING_P_ID") 
  PCTFREE 10 INITRANS 2 MAXTRANS 255 COMPUTE STATISTICS 
  STORAGE(INITIAL 65536 NEXT 1048576 MINEXTENTS 1 MAXEXTENTS 2147483645
  PCTINCREASE 0 FREELISTS 1 FREELIST GROUPS 1 BUFFER_POOL DEFAULT FLASH_CACHE DEFAULT CELL_FLASH_CACHE DEFAULT)
  TABLESPACE "TBS_TEAM1" ;
--------------------------------------------------------
--  DDL for Index PK_DELETED_RIDING
--------------------------------------------------------

  CREATE UNIQUE INDEX "TEAM1"."PK_DELETED_RIDING" ON "TEAM1"."DELETED_RIDING" ("DEL_RIDING_ID") 
  PCTFREE 10 INITRANS 2 MAXTRANS 255 COMPUTE STATISTICS 
  STORAGE(INITIAL 65536 NEXT 1048576 MINEXTENTS 1 MAXEXTENTS 2147483645
  PCTINCREASE 0 FREELISTS 1 FREELIST GROUPS 1 BUFFER_POOL DEFAULT FLASH_CACHE DEFAULT CELL_FLASH_CACHE DEFAULT)
  TABLESPACE "TBS_TEAM1" ;
--------------------------------------------------------
--  DDL for Index PK_SPEED
--------------------------------------------------------

  CREATE UNIQUE INDEX "TEAM1"."PK_SPEED" ON "TEAM1"."SPEED" ("SPEED_ID") 
  PCTFREE 10 INITRANS 2 MAXTRANS 255 COMPUTE STATISTICS 
  STORAGE(INITIAL 65536 NEXT 1048576 MINEXTENTS 1 MAXEXTENTS 2147483645
  PCTINCREASE 0 FREELISTS 1 FREELIST GROUPS 1 BUFFER_POOL DEFAULT FLASH_CACHE DEFAULT CELL_FLASH_CACHE DEFAULT)
  TABLESPACE "TBS_TEAM1" ;
--------------------------------------------------------
--  DDL for Index PK_REVIEW_PENALTY
--------------------------------------------------------

  CREATE UNIQUE INDEX "TEAM1"."PK_REVIEW_PENALTY" ON "TEAM1"."REVIEW_PENALTY" ("R_PENALTY_ID") 
  PCTFREE 10 INITRANS 2 MAXTRANS 255 COMPUTE STATISTICS 
  STORAGE(INITIAL 65536 NEXT 1048576 MINEXTENTS 1 MAXEXTENTS 2147483645
  PCTINCREASE 0 FREELISTS 1 FREELIST GROUPS 1 BUFFER_POOL DEFAULT FLASH_CACHE DEFAULT CELL_FLASH_CACHE DEFAULT)
  TABLESPACE "TBS_TEAM1" ;
--------------------------------------------------------
--  DDL for Index PK_ABSCOND
--------------------------------------------------------

  CREATE UNIQUE INDEX "TEAM1"."PK_ABSCOND" ON "TEAM1"."ABSCOND" ("ABSCOND_ID") 
  PCTFREE 10 INITRANS 2 MAXTRANS 255 COMPUTE STATISTICS 
  STORAGE(INITIAL 65536 NEXT 1048576 MINEXTENTS 1 MAXEXTENTS 2147483645
  PCTINCREASE 0 FREELISTS 1 FREELIST GROUPS 1 BUFFER_POOL DEFAULT FLASH_CACHE DEFAULT CELL_FLASH_CACHE DEFAULT)
  TABLESPACE "TBS_TEAM1" ;
--------------------------------------------------------
--  DDL for Index PK_CHECK_ATTENDANCE
--------------------------------------------------------

  CREATE UNIQUE INDEX "TEAM1"."PK_CHECK_ATTENDANCE" ON "TEAM1"."CHECK_ATTENDANCE" ("CHECK_ATTE_ID") 
  PCTFREE 10 INITRANS 2 MAXTRANS 255 COMPUTE STATISTICS 
  STORAGE(INITIAL 65536 NEXT 1048576 MINEXTENTS 1 MAXEXTENTS 2147483645
  PCTINCREASE 0 FREELISTS 1 FREELIST GROUPS 1 BUFFER_POOL DEFAULT FLASH_CACHE DEFAULT CELL_FLASH_CACHE DEFAULT)
  TABLESPACE "TBS_TEAM1" ;
--------------------------------------------------------
--  DDL for Index PK_PROFILE
--------------------------------------------------------

  CREATE UNIQUE INDEX "TEAM1"."PK_PROFILE" ON "TEAM1"."PROFILE" ("PROFILE_ID") 
  PCTFREE 10 INITRANS 2 MAXTRANS 255 COMPUTE STATISTICS 
  STORAGE(INITIAL 65536 NEXT 1048576 MINEXTENTS 1 MAXEXTENTS 2147483645
  PCTINCREASE 0 FREELISTS 1 FREELIST GROUPS 1 BUFFER_POOL DEFAULT FLASH_CACHE DEFAULT CELL_FLASH_CACHE DEFAULT)
  TABLESPACE "TBS_TEAM1" ;
--------------------------------------------------------
--  DDL for Index PK_INVITE
--------------------------------------------------------

  CREATE UNIQUE INDEX "TEAM1"."PK_INVITE" ON "TEAM1"."INVITE" ("INVITE_ID") 
  PCTFREE 10 INITRANS 2 MAXTRANS 255 COMPUTE STATISTICS 
  STORAGE(INITIAL 65536 NEXT 1048576 MINEXTENTS 1 MAXEXTENTS 2147483645
  PCTINCREASE 0 FREELISTS 1 FREELIST GROUPS 1 BUFFER_POOL DEFAULT FLASH_CACHE DEFAULT CELL_FLASH_CACHE DEFAULT)
  TABLESPACE "TBS_TEAM1" ;
--------------------------------------------------------
--  DDL for Index PK_FACILITY
--------------------------------------------------------

  CREATE UNIQUE INDEX "TEAM1"."PK_FACILITY" ON "TEAM1"."FACILITY" ("FACILITY_ID") 
  PCTFREE 10 INITRANS 2 MAXTRANS 255 COMPUTE STATISTICS 
  STORAGE(INITIAL 65536 NEXT 1048576 MINEXTENTS 1 MAXEXTENTS 2147483645
  PCTINCREASE 0 FREELISTS 1 FREELIST GROUPS 1 BUFFER_POOL DEFAULT FLASH_CACHE DEFAULT CELL_FLASH_CACHE DEFAULT)
  TABLESPACE "TBS_TEAM1" ;
--------------------------------------------------------
--  DDL for Index PK_ANSWER_DETAIL_LEADERSHIP
--------------------------------------------------------

  CREATE UNIQUE INDEX "TEAM1"."PK_ANSWER_DETAIL_LEADERSHIP" ON "TEAM1"."ANSWER_DETAIL_LEADERSHIP" ("ANS_L_ID") 
  PCTFREE 10 INITRANS 2 MAXTRANS 255 COMPUTE STATISTICS 
  STORAGE(INITIAL 65536 NEXT 1048576 MINEXTENTS 1 MAXEXTENTS 2147483645
  PCTINCREASE 0 FREELISTS 1 FREELIST GROUPS 1 BUFFER_POOL DEFAULT FLASH_CACHE DEFAULT CELL_FLASH_CACHE DEFAULT)
  TABLESPACE "TBS_TEAM1" ;
--------------------------------------------------------
--  DDL for Index PK_ADD_FRIEND
--------------------------------------------------------

  CREATE UNIQUE INDEX "TEAM1"."PK_ADD_FRIEND" ON "TEAM1"."ADD_FRIEND" ("ADD_FRIEND_ID") 
  PCTFREE 10 INITRANS 2 MAXTRANS 255 COMPUTE STATISTICS 
  STORAGE(INITIAL 65536 NEXT 1048576 MINEXTENTS 1 MAXEXTENTS 2147483645
  PCTINCREASE 0 FREELISTS 1 FREELIST GROUPS 1 BUFFER_POOL DEFAULT FLASH_CACHE DEFAULT CELL_FLASH_CACHE DEFAULT)
  TABLESPACE "TBS_TEAM1" ;
--------------------------------------------------------
--  DDL for Index PK_PARTICIPANT_REPORT
--------------------------------------------------------

  CREATE UNIQUE INDEX "TEAM1"."PK_PARTICIPANT_REPORT" ON "TEAM1"."PARTICIPANT_REPORT" ("PARTICI_R_ID") 
  PCTFREE 10 INITRANS 2 MAXTRANS 255 COMPUTE STATISTICS 
  STORAGE(INITIAL 65536 NEXT 1048576 MINEXTENTS 1 MAXEXTENTS 2147483645
  PCTINCREASE 0 FREELISTS 1 FREELIST GROUPS 1 BUFFER_POOL DEFAULT FLASH_CACHE DEFAULT CELL_FLASH_CACHE DEFAULT)
  TABLESPACE "TBS_TEAM1" ;
--------------------------------------------------------
--  DDL for Index PK_INQUIRY_PROCESS_STATUS
--------------------------------------------------------

  CREATE UNIQUE INDEX "TEAM1"."PK_INQUIRY_PROCESS_STATUS" ON "TEAM1"."INQUIRY_PROCESS_STATUS" ("INQUIRY_STATUS_ID") 
  PCTFREE 10 INITRANS 2 MAXTRANS 255 COMPUTE STATISTICS 
  STORAGE(INITIAL 65536 NEXT 1048576 MINEXTENTS 1 MAXEXTENTS 2147483645
  PCTINCREASE 0 FREELISTS 1 FREELIST GROUPS 1 BUFFER_POOL DEFAULT FLASH_CACHE DEFAULT CELL_FLASH_CACHE DEFAULT)
  TABLESPACE "TBS_TEAM1" ;
--------------------------------------------------------
--  DDL for Index PK_RIDING_POINT
--------------------------------------------------------

  CREATE UNIQUE INDEX "TEAM1"."PK_RIDING_POINT" ON "TEAM1"."RIDING_POINT" ("POINT_ID") 
  PCTFREE 10 INITRANS 2 MAXTRANS 255 COMPUTE STATISTICS 
  STORAGE(INITIAL 65536 NEXT 1048576 MINEXTENTS 1 MAXEXTENTS 2147483645
  PCTINCREASE 0 FREELISTS 1 FREELIST GROUPS 1 BUFFER_POOL DEFAULT FLASH_CACHE DEFAULT CELL_FLASH_CACHE DEFAULT)
  TABLESPACE "TBS_TEAM1" ;
--------------------------------------------------------
--  DDL for Index PK_STEP
--------------------------------------------------------

  CREATE UNIQUE INDEX "TEAM1"."PK_STEP" ON "TEAM1"."STEP" ("STEP_ID") 
  PCTFREE 10 INITRANS 2 MAXTRANS 255 COMPUTE STATISTICS 
  STORAGE(INITIAL 65536 NEXT 1048576 MINEXTENTS 1 MAXEXTENTS 2147483645
  PCTINCREASE 0 FREELISTS 1 FREELIST GROUPS 1 BUFFER_POOL DEFAULT FLASH_CACHE DEFAULT CELL_FLASH_CACHE DEFAULT)
  TABLESPACE "TBS_TEAM1" ;
--------------------------------------------------------
--  DDL for Index PK_PENALTY_TYPE
--------------------------------------------------------

  CREATE UNIQUE INDEX "TEAM1"."PK_PENALTY_TYPE" ON "TEAM1"."PENALTY_TYPE" ("PENALTY_TYPE_ID") 
  PCTFREE 10 INITRANS 2 MAXTRANS 255 COMPUTE STATISTICS 
  STORAGE(INITIAL 65536 NEXT 1048576 MINEXTENTS 1 MAXEXTENTS 2147483645
  PCTINCREASE 0 FREELISTS 1 FREELIST GROUPS 1 BUFFER_POOL DEFAULT FLASH_CACHE DEFAULT CELL_FLASH_CACHE DEFAULT)
  TABLESPACE "TBS_TEAM1" ;
--------------------------------------------------------
--  DDL for Index PK_SINGLE_RIDING_POINT
--------------------------------------------------------

  CREATE UNIQUE INDEX "TEAM1"."PK_SINGLE_RIDING_POINT" ON "TEAM1"."SINGLE_RIDING_POINT" ("S_POINT_ID") 
  PCTFREE 10 INITRANS 2 MAXTRANS 255 COMPUTE STATISTICS 
  STORAGE(INITIAL 65536 NEXT 1048576 MINEXTENTS 1 MAXEXTENTS 2147483645
  PCTINCREASE 0 FREELISTS 1 FREELIST GROUPS 1 BUFFER_POOL DEFAULT FLASH_CACHE DEFAULT CELL_FLASH_CACHE DEFAULT)
  TABLESPACE "TBS_TEAM1" ;
--------------------------------------------------------
--  DDL for Index PK_MOOD_PREFERENCE
--------------------------------------------------------

  CREATE UNIQUE INDEX "TEAM1"."PK_MOOD_PREFERENCE" ON "TEAM1"."MOOD_PREFERENCE" ("MOOD_P_ID") 
  PCTFREE 10 INITRANS 2 MAXTRANS 255 COMPUTE STATISTICS 
  STORAGE(INITIAL 65536 NEXT 1048576 MINEXTENTS 1 MAXEXTENTS 2147483645
  PCTINCREASE 0 FREELISTS 1 FREELIST GROUPS 1 BUFFER_POOL DEFAULT FLASH_CACHE DEFAULT CELL_FLASH_CACHE DEFAULT)
  TABLESPACE "TBS_TEAM1" ;
--------------------------------------------------------
--  DDL for Index PK_PARTICIPANT_REPORT_PROCESS
--------------------------------------------------------

  CREATE UNIQUE INDEX "TEAM1"."PK_PARTICIPANT_REPORT_PROCESS" ON "TEAM1"."PARTICIPANT_REPORT_PROCESS" ("PR_PROC_ID") 
  PCTFREE 10 INITRANS 2 MAXTRANS 255 COMPUTE STATISTICS 
  STORAGE(INITIAL 65536 NEXT 1048576 MINEXTENTS 1 MAXEXTENTS 2147483645
  PCTINCREASE 0 FREELISTS 1 FREELIST GROUPS 1 BUFFER_POOL DEFAULT FLASH_CACHE DEFAULT CELL_FLASH_CACHE DEFAULT)
  TABLESPACE "TBS_TEAM1" ;
--------------------------------------------------------
--  DDL for Index PK_REVIEW_REPORT_PROCESS
--------------------------------------------------------

  CREATE UNIQUE INDEX "TEAM1"."PK_REVIEW_REPORT_PROCESS" ON "TEAM1"."REVIEW_REPORT_PROCESS" ("RR_PROC_ID") 
  PCTFREE 10 INITRANS 2 MAXTRANS 255 COMPUTE STATISTICS 
  STORAGE(INITIAL 65536 NEXT 1048576 MINEXTENTS 1 MAXEXTENTS 2147483645
  PCTINCREASE 0 FREELISTS 1 FREELIST GROUPS 1 BUFFER_POOL DEFAULT FLASH_CACHE DEFAULT CELL_FLASH_CACHE DEFAULT)
  TABLESPACE "TBS_TEAM1" ;
--------------------------------------------------------
--  DDL for Index PK_RESTAURANT_UPDATE_REQ
--------------------------------------------------------

  CREATE UNIQUE INDEX "TEAM1"."PK_RESTAURANT_UPDATE_REQ" ON "TEAM1"."RESTAURANT_UPDATE_REQ" ("R_UPDATE_ID") 
  PCTFREE 10 INITRANS 2 MAXTRANS 255 COMPUTE STATISTICS 
  STORAGE(INITIAL 65536 NEXT 1048576 MINEXTENTS 1 MAXEXTENTS 2147483645
  PCTINCREASE 0 FREELISTS 1 FREELIST GROUPS 1 BUFFER_POOL DEFAULT FLASH_CACHE DEFAULT CELL_FLASH_CACHE DEFAULT)
  TABLESPACE "TBS_TEAM1" ;
--------------------------------------------------------
--  DDL for Index PK_ANSWER_DETAIL
--------------------------------------------------------

  CREATE UNIQUE INDEX "TEAM1"."PK_ANSWER_DETAIL" ON "TEAM1"."ANSWER_DETAIL" ("ANS_DETAIL_ID") 
  PCTFREE 10 INITRANS 2 MAXTRANS 255 COMPUTE STATISTICS 
  STORAGE(INITIAL 65536 NEXT 1048576 MINEXTENTS 1 MAXEXTENTS 2147483645
  PCTINCREASE 0 FREELISTS 1 FREELIST GROUPS 1 BUFFER_POOL DEFAULT FLASH_CACHE DEFAULT CELL_FLASH_CACHE DEFAULT)
  TABLESPACE "TBS_TEAM1" ;
--------------------------------------------------------
--  DDL for Index PK_RESTAURANT_REVIEW
--------------------------------------------------------

  CREATE UNIQUE INDEX "TEAM1"."PK_RESTAURANT_REVIEW" ON "TEAM1"."RESTAURANT_REVIEW" ("R_REVIEW_ID") 
  PCTFREE 10 INITRANS 2 MAXTRANS 255 COMPUTE STATISTICS 
  STORAGE(INITIAL 65536 NEXT 1048576 MINEXTENTS 1 MAXEXTENTS 2147483645
  PCTINCREASE 0 FREELISTS 1 FREELIST GROUPS 1 BUFFER_POOL DEFAULT FLASH_CACHE DEFAULT CELL_FLASH_CACHE DEFAULT)
  TABLESPACE "TBS_TEAM1" ;
--------------------------------------------------------
--  DDL for Index PK_MEMBER
--------------------------------------------------------

  CREATE UNIQUE INDEX "TEAM1"."PK_MEMBER" ON "TEAM1"."MEMBER" ("USER_ID") 
  PCTFREE 10 INITRANS 2 MAXTRANS 255 COMPUTE STATISTICS 
  STORAGE(INITIAL 65536 NEXT 1048576 MINEXTENTS 1 MAXEXTENTS 2147483645
  PCTINCREASE 0 FREELISTS 1 FREELIST GROUPS 1 BUFFER_POOL DEFAULT FLASH_CACHE DEFAULT CELL_FLASH_CACHE DEFAULT)
  TABLESPACE "TBS_TEAM1" ;
--------------------------------------------------------
--  DDL for Index PK_AGE_PREFERENCE
--------------------------------------------------------

  CREATE UNIQUE INDEX "TEAM1"."PK_AGE_PREFERENCE" ON "TEAM1"."AGE_PREFERENCE" ("AGE_P_ID") 
  PCTFREE 10 INITRANS 2 MAXTRANS 255 COMPUTE STATISTICS 
  STORAGE(INITIAL 65536 NEXT 1048576 MINEXTENTS 1 MAXEXTENTS 2147483645
  PCTINCREASE 0 FREELISTS 1 FREELIST GROUPS 1 BUFFER_POOL DEFAULT FLASH_CACHE DEFAULT CELL_FLASH_CACHE DEFAULT)
  TABLESPACE "TBS_TEAM1" ;
--------------------------------------------------------
--  DDL for Index PK_PARTICIPATED_MEMBER
--------------------------------------------------------

  CREATE UNIQUE INDEX "TEAM1"."PK_PARTICIPATED_MEMBER" ON "TEAM1"."PARTICIPATED_MEMBER" ("P_MEMBER_ID") 
  PCTFREE 10 INITRANS 2 MAXTRANS 255 COMPUTE STATISTICS 
  STORAGE(INITIAL 65536 NEXT 1048576 MINEXTENTS 1 MAXEXTENTS 2147483645
  PCTINCREASE 0 FREELISTS 1 FREELIST GROUPS 1 BUFFER_POOL DEFAULT FLASH_CACHE DEFAULT CELL_FLASH_CACHE DEFAULT)
  TABLESPACE "TBS_TEAM1" ;
--------------------------------------------------------
--  DDL for Index PK_EVALUATE_TYPE
--------------------------------------------------------

  CREATE UNIQUE INDEX "TEAM1"."PK_EVALUATE_TYPE" ON "TEAM1"."EVALUATE_TYPE" ("EV_TYPE_ID") 
  PCTFREE 10 INITRANS 2 MAXTRANS 255 COMPUTE STATISTICS 
  STORAGE(INITIAL 65536 NEXT 1048576 MINEXTENTS 1 MAXEXTENTS 2147483645
  PCTINCREASE 0 FREELISTS 1 FREELIST GROUPS 1 BUFFER_POOL DEFAULT FLASH_CACHE DEFAULT CELL_FLASH_CACHE DEFAULT)
  TABLESPACE "TBS_TEAM1" ;
--------------------------------------------------------
--  DDL for Index PK_INQUIRY_PROCESS
--------------------------------------------------------

  CREATE UNIQUE INDEX "TEAM1"."PK_INQUIRY_PROCESS" ON "TEAM1"."INQUIRY_PROCESS" ("INQ_PROC_ID") 
  PCTFREE 10 INITRANS 2 MAXTRANS 255 COMPUTE STATISTICS 
  STORAGE(INITIAL 65536 NEXT 1048576 MINEXTENTS 1 MAXEXTENTS 2147483645
  PCTINCREASE 0 FREELISTS 1 FREELIST GROUPS 1 BUFFER_POOL DEFAULT FLASH_CACHE DEFAULT CELL_FLASH_CACHE DEFAULT)
  TABLESPACE "TBS_TEAM1" ;
--------------------------------------------------------
--  DDL for Index PK_REVIEW_REPORT
--------------------------------------------------------

  CREATE UNIQUE INDEX "TEAM1"."PK_REVIEW_REPORT" ON "TEAM1"."REVIEW_REPORT" ("REVIEW_R_ID") 
  PCTFREE 10 INITRANS 2 MAXTRANS 255 COMPUTE STATISTICS 
  STORAGE(INITIAL 65536 NEXT 1048576 MINEXTENTS 1 MAXEXTENTS 2147483645
  PCTINCREASE 0 FREELISTS 1 FREELIST GROUPS 1 BUFFER_POOL DEFAULT FLASH_CACHE DEFAULT CELL_FLASH_CACHE DEFAULT)
  TABLESPACE "TBS_TEAM1" ;
--------------------------------------------------------
--  DDL for Index PK_RIDING
--------------------------------------------------------

  CREATE UNIQUE INDEX "TEAM1"."PK_RIDING" ON "TEAM1"."RIDING" ("RIDING_ID") 
  PCTFREE 10 INITRANS 2 MAXTRANS 255 COMPUTE STATISTICS 
  STORAGE(INITIAL 65536 NEXT 1048576 MINEXTENTS 1 MAXEXTENTS 2147483645
  PCTINCREASE 0 FREELISTS 1 FREELIST GROUPS 1 BUFFER_POOL DEFAULT FLASH_CACHE DEFAULT CELL_FLASH_CACHE DEFAULT)
  TABLESPACE "TBS_TEAM1" ;
--------------------------------------------------------
--  DDL for Index PK_RESTAURANT_DELETE_REQ
--------------------------------------------------------

  CREATE UNIQUE INDEX "TEAM1"."PK_RESTAURANT_DELETE_REQ" ON "TEAM1"."RESTAURANT_DELETE_REQ" ("R_DELETE_ID") 
  PCTFREE 10 INITRANS 2 MAXTRANS 255 COMPUTE STATISTICS 
  STORAGE(INITIAL 65536 NEXT 1048576 MINEXTENTS 1 MAXEXTENTS 2147483645
  PCTINCREASE 0 FREELISTS 1 FREELIST GROUPS 1 BUFFER_POOL DEFAULT FLASH_CACHE DEFAULT CELL_FLASH_CACHE DEFAULT)
  TABLESPACE "TBS_TEAM1" ;
--------------------------------------------------------
--  DDL for Trigger TRG_PARTICI_PROCESS_PENALTY
--------------------------------------------------------

  CREATE OR REPLACE TRIGGER "TEAM1"."TRG_PARTICI_PROCESS_PENALTY" 
    AFTER
    INSERT ON PARTICIPANT_REPORT_PROCESS
    FOR EACH ROW
BEGIN
    IF(:NEW.PROC_STATUS_ID != 3)
        THEN INSERT INTO PARTICIPANT_PENALTY
             VALUES (SEQ_PENALTY.NEXTVAL, 2, :NEW.PR_PROC_ID);
    END IF;
END;
/
ALTER TRIGGER "TEAM1"."TRG_PARTICI_PROCESS_PENALTY" ENABLE;
--------------------------------------------------------
--  DDL for Trigger TRG_REVIEW_PROCESS_PENALTY
--------------------------------------------------------

  CREATE OR REPLACE TRIGGER "TEAM1"."TRG_REVIEW_PROCESS_PENALTY" 
    AFTER
    INSERT ON REVIEW_REPORT_PROCESS
    FOR EACH ROW
BEGIN
    IF(:NEW.PROC_STATUS_ID != 3)
        THEN INSERT INTO REVIEW_PENALTY
             VALUES (SEQ_PENALTY.NEXTVAL, 2, :NEW.RR_PROC_ID);
    END IF;
END;
/
ALTER TRIGGER "TEAM1"."TRG_REVIEW_PROCESS_PENALTY" ENABLE;
--------------------------------------------------------
--  DDL for Procedure PRC_MYPAGE_S
--------------------------------------------------------
set define off;

  CREATE OR REPLACE PROCEDURE "TEAM1"."PRC_MYPAGE_S" 
(V_USER_ID  IN MEMBER.USER_ID%TYPE)
IS
BEGIN
    SELECT P.USER_ID AS USER_ID
    ,P.EMAIL AS EMAIL
    ,P.NICKNAME AS NICKNAME
    ,P.ONEWORD AS ONEWORD
    ,PI.PI_ADDRESS
    FROM
    (
        SELECT USER_ID ,EMAIL, NICKNAME
        , NVL(INTRODUCE,' ') AS ONEWORD
        , PIMG_ID
        FROM PROFILE
        WHERE USER_ID = V_USER_ID
    )P JOIN PROFILE_IMG PI
    ON P.PIMG_ID = PI.PIMG_ID
END;

/
--------------------------------------------------------
--  DDL for Procedure PRC_QUESTION_I
--------------------------------------------------------
set define off;

  CREATE OR REPLACE PROCEDURE "TEAM1"."PRC_QUESTION_I" 
( V_NICKNAME         IN PROFILE.NICKNAME%TYPE  
, V_RIDING_ID        IN RIDING.RIDING_ID%TYPE
, V_ATTENDANCE       IN PROFILE.NICKNAME%TYPE  
, V_KINDNESS        IN PROFILE.NICKNAME%TYPE  
, V_NOTKINDENESS    IN PROFILE.NICKNAME%TYPE  
, V_DANGERRIDING    IN PROFILE.NICKNAME%TYPE  
, V_NOTCOMPLETION   IN PROFILE.NICKNAME%TYPE  
, V_DIFFERENT       IN PROFILE.NICKNAME%TYPE  
)
IS
USER_ID             MEMBER.USER_ID%TYPE;
ATTENDANCE_ID       MEMBER.USER_ID%TYPE;
KINDNESS_ID         MEMBER.USER_ID%TYPE;
NOTKINDENESS_ID      MEMBER.USER_ID%TYPE;
DANGERRIDING_ID      MEMBER.USER_ID%TYPE;
NOTCOMPLETION_ID     MEMBER.USER_ID%TYPE;
DIFFERENT_ID         MEMBER.USER_ID%TYPE;

S_CHECK_ID          CHECK_ATTENDANCE.CHECK_ATTE_ID%TYPE;  
BEGIN
    -- 평가지 제출자 이름으로 USER_ID 찾기
    SELECT USER_ID  INTO USER_ID
    FROM PROFILE
    WHERE NICKNAME = V_NICKNAME;

    -- 결석자 닉네임으로 USER_ID 찾기

    SELECT USER_ID INTO ATTENDANCE_ID
    FROM PROFILE
    WHERE NICKNAME = V_ATTENDANCE;

    -- 친절한 사람 닉네임으로 USER_ID 찾기
    SELECT USER_ID INTO KINDNESS_ID
    FROM PROFILE
    WHERE NICKNAME = V_KINDNESS;

     -- 불친절한 사람 닉네임으로 USER_ID 찾기
    SELECT USER_ID INTO NOTKINDENESS_ID
    FROM PROFILE
    WHERE NICKNAME = V_NOTKINDENESS;

     -- 위험한 라이딩 한 사람 닉네임으로 USER_ID 찾기
    SELECT USER_ID INTO DANGERRIDING_ID
    FROM PROFILE
    WHERE NICKNAME = V_DANGERRIDING;

     -- 완주 못한 사람 닉네임으로 USER_ID 찾기
    SELECT USER_ID INTO NOTCOMPLETION_ID
    FROM PROFILE
    WHERE NICKNAME = V_NOTCOMPLETION;

     -- 실제 숙련도랑 다른 사람 닉네임으로 USER_ID 찾기
    SELECT USER_ID INTO DIFFERENT_ID
    FROM PROFILE
    WHERE NICKNAME = V_DIFFERENT;


    -- ANSWER (응답) ANSWER_ID / P_MEMBER_ID / SUBMIT_DATE
    INSERT INTO ANSWER(ANSWER_ID,P_MEMBER_ID,SUBMIT_DATE)
    VALUES(SEQ_ANSWER.NEXTVAL,USER_ID,SYSDATE);

    -- CHECK_ATTENDANCE(출석체크) / CHECK_ATTE_ID / P_MEMBER_ID / SUBMIT_DATE
    INSERT INTO CHECK_ATTENDANCE(CHECK_ATTE_ID ,P_MEMBER_ID ,SUBMIT_DATE)
    VALUES(SEQ_CHECK_ATTENDANCE.NEXTVAL, USER_ID,SYSDATE);

    -- 출석체크 아이디 찾기
    SELECT CHECK_ATTE_ID INTO S_CHECK_ID
    FROM CHECK_ATTENDANCE
    WHERE P_MEMBER_ID = USER_ID;


    -- ANSWER_ATTENDANCE(출석체크응답내용) / ANSWER_ATTENDANCE / CHECK_ATTE_ID / P_MEMBER_ID(결석지목받은 사람)
    INSERT INTO ANSWER_ATTENDANCE(ANS_ATTE_ID ,CHECK_ATTE_ID ,P_MEMBER_ID)
    VALUES(SEQ_ANSWER_ATTENDANCE.NEXTVAL, S_CHECK_ID, USER_ID);

    COMMIT;

END;





--------------------------------------------------------------------------------
SELECT *
FROM USER_SEQUENCES;

CREATE SEQUENCE SEQ_ANSWER
NOCACHE;

CREATE SEQUENCE SEQ_CHECK_ATTENDANCE
NOCACHE;

DESC ANSWER;

DESC CHECK_ATTENDANCE;

DESC ANSWER_ATTENDANCE;

CREATE SEQUENCE SEQ_ANSWER_ATTENDANCE
NOCACHE;


-- 프로시저 확인
EXEC PRC_QUESTION_I('체리','2','온풀','없음','없음','사과','참외','수박');

COMMIT;
------------------------------------------------------------------

-- 평가 제출하면 따로따로 해야함. 작성자 --> 응답 / 출석체크
-- 참여한 회원 USER_ID
CREATE OR REPLACE PROCEDURE PRC_QUESTION_I
( V_USER_ID         IN MEMBER.USER_ID%TYPE )
IS  
BEGIN
    -- ANSWER (응답) ANSWER_ID / P_MEMBER_ID / SUBMIT_DATE
    INSERT INTO ANSWER(ANSWER_ID,P_MEMBER_ID,SUBMIT_DATE)
    VALUES(SEQ_ANSWER.NEXTVAL,V_USER_ID,SYSDATE);

    -- CHECK_ATTENDANCE(출석체크) / CHECK_ATTE_ID / P_MEMBER_ID / SUBMIT_DATE
    INSERT INTO CHECK_ATTENDANCE(CHECK_ATTE_ID ,P_MEMBER_ID ,SUBMIT_DATE)
    VALUES(SEQ_CHECK_ATTENDANCE.NEXTVAL, V_USER_ID,SYSDATE);

    COMMIT;
END;


EXEC PRC_QUESTION_I('2');



















/
--------------------------------------------------------
--  Constraints for Table SPEED
--------------------------------------------------------

  ALTER TABLE "TEAM1"."SPEED" ADD CONSTRAINT "PK_SPEED" PRIMARY KEY ("SPEED_ID")
  USING INDEX PCTFREE 10 INITRANS 2 MAXTRANS 255 COMPUTE STATISTICS 
  STORAGE(INITIAL 65536 NEXT 1048576 MINEXTENTS 1 MAXEXTENTS 2147483645
  PCTINCREASE 0 FREELISTS 1 FREELIST GROUPS 1 BUFFER_POOL DEFAULT FLASH_CACHE DEFAULT CELL_FLASH_CACHE DEFAULT)
  TABLESPACE "TBS_TEAM1"  ENABLE;
  ALTER TABLE "TEAM1"."SPEED" MODIFY ("SPEED_TYPE" NOT NULL ENABLE);
  ALTER TABLE "TEAM1"."SPEED" MODIFY ("SPEED_ID" NOT NULL ENABLE);
--------------------------------------------------------
--  Constraints for Table EVALUATION_GRADE
--------------------------------------------------------

  ALTER TABLE "TEAM1"."EVALUATION_GRADE" ADD CONSTRAINT "PK_EVALUATION_GRADE" PRIMARY KEY ("EV_GRADE_ID")
  USING INDEX PCTFREE 10 INITRANS 2 MAXTRANS 255 COMPUTE STATISTICS 
  STORAGE(INITIAL 65536 NEXT 1048576 MINEXTENTS 1 MAXEXTENTS 2147483645
  PCTINCREASE 0 FREELISTS 1 FREELIST GROUPS 1 BUFFER_POOL DEFAULT FLASH_CACHE DEFAULT CELL_FLASH_CACHE DEFAULT)
  TABLESPACE "TBS_TEAM1"  ENABLE;
  ALTER TABLE "TEAM1"."EVALUATION_GRADE" MODIFY ("GRADE_NAME" NOT NULL ENABLE);
  ALTER TABLE "TEAM1"."EVALUATION_GRADE" MODIFY ("EV_GRADE_ID" NOT NULL ENABLE);
--------------------------------------------------------
--  Constraints for Table EAT_PREFERENCE
--------------------------------------------------------

  ALTER TABLE "TEAM1"."EAT_PREFERENCE" ADD CONSTRAINT "PK_EAT_PREFERENCE" PRIMARY KEY ("EAT_P_ID")
  USING INDEX PCTFREE 10 INITRANS 2 MAXTRANS 255 COMPUTE STATISTICS 
  STORAGE(INITIAL 65536 NEXT 1048576 MINEXTENTS 1 MAXEXTENTS 2147483645
  PCTINCREASE 0 FREELISTS 1 FREELIST GROUPS 1 BUFFER_POOL DEFAULT FLASH_CACHE DEFAULT CELL_FLASH_CACHE DEFAULT)
  TABLESPACE "TBS_TEAM1"  ENABLE;
  ALTER TABLE "TEAM1"."EAT_PREFERENCE" MODIFY ("EP_CONTENT" NOT NULL ENABLE);
  ALTER TABLE "TEAM1"."EAT_PREFERENCE" MODIFY ("EAT_P_ID" NOT NULL ENABLE);
--------------------------------------------------------
--  Constraints for Table FACILITY
--------------------------------------------------------

  ALTER TABLE "TEAM1"."FACILITY" ADD CONSTRAINT "PK_FACILITY" PRIMARY KEY ("FACILITY_ID")
  USING INDEX PCTFREE 10 INITRANS 2 MAXTRANS 255 COMPUTE STATISTICS 
  STORAGE(INITIAL 65536 NEXT 1048576 MINEXTENTS 1 MAXEXTENTS 2147483645
  PCTINCREASE 0 FREELISTS 1 FREELIST GROUPS 1 BUFFER_POOL DEFAULT FLASH_CACHE DEFAULT CELL_FLASH_CACHE DEFAULT)
  TABLESPACE "TBS_TEAM1"  ENABLE;
  ALTER TABLE "TEAM1"."FACILITY" MODIFY ("REQUEST_DATE" NOT NULL ENABLE);
  ALTER TABLE "TEAM1"."FACILITY" MODIFY ("DETAIL_ADDRESS" NOT NULL ENABLE);
  ALTER TABLE "TEAM1"."FACILITY" MODIFY ("ADDRESS" NOT NULL ENABLE);
  ALTER TABLE "TEAM1"."FACILITY" MODIFY ("LONGITUDE" NOT NULL ENABLE);
  ALTER TABLE "TEAM1"."FACILITY" MODIFY ("LATITUDE" NOT NULL ENABLE);
  ALTER TABLE "TEAM1"."FACILITY" MODIFY ("REQ_USER_ID" NOT NULL ENABLE);
  ALTER TABLE "TEAM1"."FACILITY" MODIFY ("F_TYPE_ID" NOT NULL ENABLE);
  ALTER TABLE "TEAM1"."FACILITY" MODIFY ("FACILITY_ID" NOT NULL ENABLE);
--------------------------------------------------------
--  Constraints for Table PROFILE_IMG
--------------------------------------------------------

  ALTER TABLE "TEAM1"."PROFILE_IMG" ADD CONSTRAINT "PK_PROFILE_IMG" PRIMARY KEY ("PIMG_ID")
  USING INDEX PCTFREE 10 INITRANS 2 MAXTRANS 255 COMPUTE STATISTICS 
  STORAGE(INITIAL 65536 NEXT 1048576 MINEXTENTS 1 MAXEXTENTS 2147483645
  PCTINCREASE 0 FREELISTS 1 FREELIST GROUPS 1 BUFFER_POOL DEFAULT FLASH_CACHE DEFAULT CELL_FLASH_CACHE DEFAULT)
  TABLESPACE "TBS_TEAM1"  ENABLE;
  ALTER TABLE "TEAM1"."PROFILE_IMG" MODIFY ("PI_ADDRESS" NOT NULL ENABLE);
  ALTER TABLE "TEAM1"."PROFILE_IMG" MODIFY ("PIMG_ID" NOT NULL ENABLE);
--------------------------------------------------------
--  Constraints for Table WITHDRAW_USER
--------------------------------------------------------

  ALTER TABLE "TEAM1"."WITHDRAW_USER" ADD CONSTRAINT "PK_WITHDRAW_USER" PRIMARY KEY ("WITHDRAW_ID")
  USING INDEX PCTFREE 10 INITRANS 2 MAXTRANS 255 COMPUTE STATISTICS 
  STORAGE(INITIAL 65536 NEXT 1048576 MINEXTENTS 1 MAXEXTENTS 2147483645
  PCTINCREASE 0 FREELISTS 1 FREELIST GROUPS 1 BUFFER_POOL DEFAULT FLASH_CACHE DEFAULT CELL_FLASH_CACHE DEFAULT)
  TABLESPACE "TBS_TEAM1"  ENABLE;
  ALTER TABLE "TEAM1"."WITHDRAW_USER" MODIFY ("WITHDRAW_DATE" NOT NULL ENABLE);
  ALTER TABLE "TEAM1"."WITHDRAW_USER" MODIFY ("USER_ID" NOT NULL ENABLE);
  ALTER TABLE "TEAM1"."WITHDRAW_USER" MODIFY ("WITHDRAW_ID" NOT NULL ENABLE);
--------------------------------------------------------
--  Constraints for Table ADD_FRIEND
--------------------------------------------------------

  ALTER TABLE "TEAM1"."ADD_FRIEND" ADD CONSTRAINT "PK_ADD_FRIEND" PRIMARY KEY ("ADD_FRIEND_ID")
  USING INDEX PCTFREE 10 INITRANS 2 MAXTRANS 255 COMPUTE STATISTICS 
  STORAGE(INITIAL 65536 NEXT 1048576 MINEXTENTS 1 MAXEXTENTS 2147483645
  PCTINCREASE 0 FREELISTS 1 FREELIST GROUPS 1 BUFFER_POOL DEFAULT FLASH_CACHE DEFAULT CELL_FLASH_CACHE DEFAULT)
  TABLESPACE "TBS_TEAM1"  ENABLE;
  ALTER TABLE "TEAM1"."ADD_FRIEND" MODIFY ("ADD_DATE" NOT NULL ENABLE);
  ALTER TABLE "TEAM1"."ADD_FRIEND" MODIFY ("RECEIVER_ID" NOT NULL ENABLE);
  ALTER TABLE "TEAM1"."ADD_FRIEND" MODIFY ("SENDER_ID" NOT NULL ENABLE);
  ALTER TABLE "TEAM1"."ADD_FRIEND" MODIFY ("ADD_FRIEND_ID" NOT NULL ENABLE);
--------------------------------------------------------
--  Constraints for Table CHECK_ATTENDANCE
--------------------------------------------------------

  ALTER TABLE "TEAM1"."CHECK_ATTENDANCE" ADD CONSTRAINT "PK_CHECK_ATTENDANCE" PRIMARY KEY ("CHECK_ATTE_ID")
  USING INDEX PCTFREE 10 INITRANS 2 MAXTRANS 255 COMPUTE STATISTICS 
  STORAGE(INITIAL 65536 NEXT 1048576 MINEXTENTS 1 MAXEXTENTS 2147483645
  PCTINCREASE 0 FREELISTS 1 FREELIST GROUPS 1 BUFFER_POOL DEFAULT FLASH_CACHE DEFAULT CELL_FLASH_CACHE DEFAULT)
  TABLESPACE "TBS_TEAM1"  ENABLE;
  ALTER TABLE "TEAM1"."CHECK_ATTENDANCE" MODIFY ("SUBMIT_DATE" NOT NULL ENABLE);
  ALTER TABLE "TEAM1"."CHECK_ATTENDANCE" MODIFY ("P_MEMBER_ID" NOT NULL ENABLE);
  ALTER TABLE "TEAM1"."CHECK_ATTENDANCE" MODIFY ("CHECK_ATTE_ID" NOT NULL ENABLE);
--------------------------------------------------------
--  Constraints for Table MESSAGE
--------------------------------------------------------

  ALTER TABLE "TEAM1"."MESSAGE" ADD CONSTRAINT "PK_MESSAGE" PRIMARY KEY ("MESSAGE_ID")
  USING INDEX PCTFREE 10 INITRANS 2 MAXTRANS 255 COMPUTE STATISTICS 
  STORAGE(INITIAL 65536 NEXT 1048576 MINEXTENTS 1 MAXEXTENTS 2147483645
  PCTINCREASE 0 FREELISTS 1 FREELIST GROUPS 1 BUFFER_POOL DEFAULT FLASH_CACHE DEFAULT CELL_FLASH_CACHE DEFAULT)
  TABLESPACE "TBS_TEAM1"  ENABLE;
  ALTER TABLE "TEAM1"."MESSAGE" MODIFY ("SEND_DATE" NOT NULL ENABLE);
  ALTER TABLE "TEAM1"."MESSAGE" MODIFY ("CONTENT" NOT NULL ENABLE);
  ALTER TABLE "TEAM1"."MESSAGE" MODIFY ("RECEIVER_ID" NOT NULL ENABLE);
  ALTER TABLE "TEAM1"."MESSAGE" MODIFY ("SENDER_ID" NOT NULL ENABLE);
  ALTER TABLE "TEAM1"."MESSAGE" MODIFY ("MESSAGE_ID" NOT NULL ENABLE);
--------------------------------------------------------
--  Constraints for Table INVITE
--------------------------------------------------------

  ALTER TABLE "TEAM1"."INVITE" ADD CONSTRAINT "PK_INVITE" PRIMARY KEY ("INVITE_ID")
  USING INDEX PCTFREE 10 INITRANS 2 MAXTRANS 255 COMPUTE STATISTICS 
  STORAGE(INITIAL 65536 NEXT 1048576 MINEXTENTS 1 MAXEXTENTS 2147483645
  PCTINCREASE 0 FREELISTS 1 FREELIST GROUPS 1 BUFFER_POOL DEFAULT FLASH_CACHE DEFAULT CELL_FLASH_CACHE DEFAULT)
  TABLESPACE "TBS_TEAM1"  ENABLE;
  ALTER TABLE "TEAM1"."INVITE" MODIFY ("SEND_DATE" NOT NULL ENABLE);
  ALTER TABLE "TEAM1"."INVITE" MODIFY ("RIDING_ID" NOT NULL ENABLE);
  ALTER TABLE "TEAM1"."INVITE" MODIFY ("RECEIVER_ID" NOT NULL ENABLE);
  ALTER TABLE "TEAM1"."INVITE" MODIFY ("SENDER_ID" NOT NULL ENABLE);
  ALTER TABLE "TEAM1"."INVITE" MODIFY ("INVITE_ID" NOT NULL ENABLE);
--------------------------------------------------------
--  Constraints for Table SEX_PREFERENCE
--------------------------------------------------------

  ALTER TABLE "TEAM1"."SEX_PREFERENCE" ADD CONSTRAINT "PK_SEX_PREFERENCE" PRIMARY KEY ("SEX_P_ID")
  USING INDEX PCTFREE 10 INITRANS 2 MAXTRANS 255 COMPUTE STATISTICS 
  STORAGE(INITIAL 65536 NEXT 1048576 MINEXTENTS 1 MAXEXTENTS 2147483645
  PCTINCREASE 0 FREELISTS 1 FREELIST GROUPS 1 BUFFER_POOL DEFAULT FLASH_CACHE DEFAULT CELL_FLASH_CACHE DEFAULT)
  TABLESPACE "TBS_TEAM1"  ENABLE;
  ALTER TABLE "TEAM1"."SEX_PREFERENCE" MODIFY ("SP_CONTENT" NOT NULL ENABLE);
  ALTER TABLE "TEAM1"."SEX_PREFERENCE" MODIFY ("SEX_P_ID" NOT NULL ENABLE);
--------------------------------------------------------
--  Constraints for Table ANSWER
--------------------------------------------------------

  ALTER TABLE "TEAM1"."ANSWER" ADD CONSTRAINT "PK_ANSWER" PRIMARY KEY ("ANSWER_ID")
  USING INDEX PCTFREE 10 INITRANS 2 MAXTRANS 255 COMPUTE STATISTICS 
  STORAGE(INITIAL 65536 NEXT 1048576 MINEXTENTS 1 MAXEXTENTS 2147483645
  PCTINCREASE 0 FREELISTS 1 FREELIST GROUPS 1 BUFFER_POOL DEFAULT FLASH_CACHE DEFAULT CELL_FLASH_CACHE DEFAULT)
  TABLESPACE "TBS_TEAM1"  ENABLE;
  ALTER TABLE "TEAM1"."ANSWER" MODIFY ("SUBMIT_DATE" NOT NULL ENABLE);
  ALTER TABLE "TEAM1"."ANSWER" MODIFY ("P_MEMBER_ID" NOT NULL ENABLE);
  ALTER TABLE "TEAM1"."ANSWER" MODIFY ("ANSWER_ID" NOT NULL ENABLE);
--------------------------------------------------------
--  Constraints for Table REVIEW_REPORT
--------------------------------------------------------

  ALTER TABLE "TEAM1"."REVIEW_REPORT" ADD CONSTRAINT "PK_REVIEW_REPORT" PRIMARY KEY ("REVIEW_R_ID")
  USING INDEX PCTFREE 10 INITRANS 2 MAXTRANS 255 COMPUTE STATISTICS 
  STORAGE(INITIAL 65536 NEXT 1048576 MINEXTENTS 1 MAXEXTENTS 2147483645
  PCTINCREASE 0 FREELISTS 1 FREELIST GROUPS 1 BUFFER_POOL DEFAULT FLASH_CACHE DEFAULT CELL_FLASH_CACHE DEFAULT)
  TABLESPACE "TBS_TEAM1"  ENABLE;
  ALTER TABLE "TEAM1"."REVIEW_REPORT" MODIFY ("REPORT_DATE" NOT NULL ENABLE);
  ALTER TABLE "TEAM1"."REVIEW_REPORT" MODIFY ("CONTENT" NOT NULL ENABLE);
  ALTER TABLE "TEAM1"."REVIEW_REPORT" MODIFY ("R_REVIEW_ID" NOT NULL ENABLE);
  ALTER TABLE "TEAM1"."REVIEW_REPORT" MODIFY ("USER_ID" NOT NULL ENABLE);
  ALTER TABLE "TEAM1"."REVIEW_REPORT" MODIFY ("REVIEW_R_ID" NOT NULL ENABLE);
--------------------------------------------------------
--  Constraints for Table INQUIRY_PROCESS_STATUS
--------------------------------------------------------

  ALTER TABLE "TEAM1"."INQUIRY_PROCESS_STATUS" ADD CONSTRAINT "PK_INQUIRY_PROCESS_STATUS" PRIMARY KEY ("INQUIRY_STATUS_ID")
  USING INDEX PCTFREE 10 INITRANS 2 MAXTRANS 255 COMPUTE STATISTICS 
  STORAGE(INITIAL 65536 NEXT 1048576 MINEXTENTS 1 MAXEXTENTS 2147483645
  PCTINCREASE 0 FREELISTS 1 FREELIST GROUPS 1 BUFFER_POOL DEFAULT FLASH_CACHE DEFAULT CELL_FLASH_CACHE DEFAULT)
  TABLESPACE "TBS_TEAM1"  ENABLE;
  ALTER TABLE "TEAM1"."INQUIRY_PROCESS_STATUS" MODIFY ("CONTENT" NOT NULL ENABLE);
  ALTER TABLE "TEAM1"."INQUIRY_PROCESS_STATUS" MODIFY ("INQUIRY_STATUS_ID" NOT NULL ENABLE);
--------------------------------------------------------
--  Constraints for Table SINGLE_RIDING_RECORD
--------------------------------------------------------

  ALTER TABLE "TEAM1"."SINGLE_RIDING_RECORD" ADD CONSTRAINT "PK_SINGLE_RIDING_RECORD" PRIMARY KEY ("S_RECORD_ID")
  USING INDEX PCTFREE 10 INITRANS 2 MAXTRANS 255 COMPUTE STATISTICS 
  STORAGE(INITIAL 65536 NEXT 1048576 MINEXTENTS 1 MAXEXTENTS 2147483645
  PCTINCREASE 0 FREELISTS 1 FREELIST GROUPS 1 BUFFER_POOL DEFAULT FLASH_CACHE DEFAULT CELL_FLASH_CACHE DEFAULT)
  TABLESPACE "TBS_TEAM1"  ENABLE;
  ALTER TABLE "TEAM1"."SINGLE_RIDING_RECORD" MODIFY ("S_RIDING_ID" NOT NULL ENABLE);
  ALTER TABLE "TEAM1"."SINGLE_RIDING_RECORD" MODIFY ("S_RECORD_ID" NOT NULL ENABLE);
--------------------------------------------------------
--  Constraints for Table CONTRIBUTION_GRADE
--------------------------------------------------------

  ALTER TABLE "TEAM1"."CONTRIBUTION_GRADE" ADD CONSTRAINT "PK_CONTRIBUTION_GRADE" PRIMARY KEY ("C_GRADE_ID")
  USING INDEX PCTFREE 10 INITRANS 2 MAXTRANS 255 COMPUTE STATISTICS 
  STORAGE(INITIAL 65536 NEXT 1048576 MINEXTENTS 1 MAXEXTENTS 2147483645
  PCTINCREASE 0 FREELISTS 1 FREELIST GROUPS 1 BUFFER_POOL DEFAULT FLASH_CACHE DEFAULT CELL_FLASH_CACHE DEFAULT)
  TABLESPACE "TBS_TEAM1"  ENABLE;
  ALTER TABLE "TEAM1"."CONTRIBUTION_GRADE" MODIFY ("GRADE_NAME" NOT NULL ENABLE);
  ALTER TABLE "TEAM1"."CONTRIBUTION_GRADE" MODIFY ("C_GRADE_ID" NOT NULL ENABLE);
--------------------------------------------------------
--  Constraints for Table PENALTY_TYPE
--------------------------------------------------------

  ALTER TABLE "TEAM1"."PENALTY_TYPE" ADD CONSTRAINT "PK_PENALTY_TYPE" PRIMARY KEY ("PENALTY_TYPE_ID")
  USING INDEX PCTFREE 10 INITRANS 2 MAXTRANS 255 COMPUTE STATISTICS 
  STORAGE(INITIAL 65536 NEXT 1048576 MINEXTENTS 1 MAXEXTENTS 2147483645
  PCTINCREASE 0 FREELISTS 1 FREELIST GROUPS 1 BUFFER_POOL DEFAULT FLASH_CACHE DEFAULT CELL_FLASH_CACHE DEFAULT)
  TABLESPACE "TBS_TEAM1"  ENABLE;
  ALTER TABLE "TEAM1"."PENALTY_TYPE" MODIFY ("CONTENT" NOT NULL ENABLE);
  ALTER TABLE "TEAM1"."PENALTY_TYPE" MODIFY ("PENALTY_TYPE_ID" NOT NULL ENABLE);
--------------------------------------------------------
--  Constraints for Table SINGLE_RIDING_POINT
--------------------------------------------------------

  ALTER TABLE "TEAM1"."SINGLE_RIDING_POINT" ADD CONSTRAINT "PK_SINGLE_RIDING_POINT" PRIMARY KEY ("S_POINT_ID")
  USING INDEX PCTFREE 10 INITRANS 2 MAXTRANS 255 COMPUTE STATISTICS 
  STORAGE(INITIAL 65536 NEXT 1048576 MINEXTENTS 1 MAXEXTENTS 2147483645
  PCTINCREASE 0 FREELISTS 1 FREELIST GROUPS 1 BUFFER_POOL DEFAULT FLASH_CACHE DEFAULT CELL_FLASH_CACHE DEFAULT)
  TABLESPACE "TBS_TEAM1"  ENABLE;
  ALTER TABLE "TEAM1"."SINGLE_RIDING_POINT" MODIFY ("DETAIL_ADDRESS" NOT NULL ENABLE);
  ALTER TABLE "TEAM1"."SINGLE_RIDING_POINT" MODIFY ("ADDRESS" NOT NULL ENABLE);
  ALTER TABLE "TEAM1"."SINGLE_RIDING_POINT" MODIFY ("LONGITUDE" NOT NULL ENABLE);
  ALTER TABLE "TEAM1"."SINGLE_RIDING_POINT" MODIFY ("LATITUDE" NOT NULL ENABLE);
  ALTER TABLE "TEAM1"."SINGLE_RIDING_POINT" MODIFY ("S_RIDING_ID" NOT NULL ENABLE);
  ALTER TABLE "TEAM1"."SINGLE_RIDING_POINT" MODIFY ("S_POINT_ID" NOT NULL ENABLE);
--------------------------------------------------------
--  Constraints for Table EVALUATE_TYPE
--------------------------------------------------------

  ALTER TABLE "TEAM1"."EVALUATE_TYPE" ADD CONSTRAINT "PK_EVALUATE_TYPE" PRIMARY KEY ("EV_TYPE_ID")
  USING INDEX PCTFREE 10 INITRANS 2 MAXTRANS 255 COMPUTE STATISTICS 
  STORAGE(INITIAL 65536 NEXT 1048576 MINEXTENTS 1 MAXEXTENTS 2147483645
  PCTINCREASE 0 FREELISTS 1 FREELIST GROUPS 1 BUFFER_POOL DEFAULT FLASH_CACHE DEFAULT CELL_FLASH_CACHE DEFAULT)
  TABLESPACE "TBS_TEAM1"  ENABLE;
  ALTER TABLE "TEAM1"."EVALUATE_TYPE" MODIFY ("EV_TYPE_NAME" NOT NULL ENABLE);
  ALTER TABLE "TEAM1"."EVALUATE_TYPE" MODIFY ("EV_TYPE_ID" NOT NULL ENABLE);
--------------------------------------------------------
--  Constraints for Table NOTICE
--------------------------------------------------------

  ALTER TABLE "TEAM1"."NOTICE" MODIFY ("SEND_DATE" NOT NULL ENABLE);
  ALTER TABLE "TEAM1"."NOTICE" MODIFY ("N_CONTENT_ID" NOT NULL ENABLE);
  ALTER TABLE "TEAM1"."NOTICE" MODIFY ("USER_ID" NOT NULL ENABLE);
  ALTER TABLE "TEAM1"."NOTICE" MODIFY ("NOTICE_ID" NOT NULL ENABLE);
--------------------------------------------------------
--  Constraints for Table INQUIRY_PROCESS
--------------------------------------------------------

  ALTER TABLE "TEAM1"."INQUIRY_PROCESS" ADD CONSTRAINT "PK_INQUIRY_PROCESS" PRIMARY KEY ("INQ_PROC_ID")
  USING INDEX PCTFREE 10 INITRANS 2 MAXTRANS 255 COMPUTE STATISTICS 
  STORAGE(INITIAL 65536 NEXT 1048576 MINEXTENTS 1 MAXEXTENTS 2147483645
  PCTINCREASE 0 FREELISTS 1 FREELIST GROUPS 1 BUFFER_POOL DEFAULT FLASH_CACHE DEFAULT CELL_FLASH_CACHE DEFAULT)
  TABLESPACE "TBS_TEAM1"  ENABLE;
  ALTER TABLE "TEAM1"."INQUIRY_PROCESS" MODIFY ("PROCESS_DATE" NOT NULL ENABLE);
  ALTER TABLE "TEAM1"."INQUIRY_PROCESS" MODIFY ("INQUIRY_STATUS_ID" NOT NULL ENABLE);
  ALTER TABLE "TEAM1"."INQUIRY_PROCESS" MODIFY ("ADMIN_ID" NOT NULL ENABLE);
  ALTER TABLE "TEAM1"."INQUIRY_PROCESS" MODIFY ("INQUIRY_ID" NOT NULL ENABLE);
  ALTER TABLE "TEAM1"."INQUIRY_PROCESS" MODIFY ("INQ_PROC_ID" NOT NULL ENABLE);
--------------------------------------------------------
--  Constraints for Table MOOD_PREFERENCE
--------------------------------------------------------

  ALTER TABLE "TEAM1"."MOOD_PREFERENCE" ADD CONSTRAINT "PK_MOOD_PREFERENCE" PRIMARY KEY ("MOOD_P_ID")
  USING INDEX PCTFREE 10 INITRANS 2 MAXTRANS 255 COMPUTE STATISTICS 
  STORAGE(INITIAL 65536 NEXT 1048576 MINEXTENTS 1 MAXEXTENTS 2147483645
  PCTINCREASE 0 FREELISTS 1 FREELIST GROUPS 1 BUFFER_POOL DEFAULT FLASH_CACHE DEFAULT CELL_FLASH_CACHE DEFAULT)
  TABLESPACE "TBS_TEAM1"  ENABLE;
  ALTER TABLE "TEAM1"."MOOD_PREFERENCE" MODIFY ("MP_CONTENT" NOT NULL ENABLE);
  ALTER TABLE "TEAM1"."MOOD_PREFERENCE" MODIFY ("MOOD_P_ID" NOT NULL ENABLE);
--------------------------------------------------------
--  Constraints for Table MEMBER_ACCESS
--------------------------------------------------------

  ALTER TABLE "TEAM1"."MEMBER_ACCESS" ADD CONSTRAINT "PK_MEMBER_ACCESS" PRIMARY KEY ("ACCESS_ID")
  USING INDEX PCTFREE 10 INITRANS 2 MAXTRANS 255 COMPUTE STATISTICS 
  STORAGE(INITIAL 65536 NEXT 1048576 MINEXTENTS 1 MAXEXTENTS 2147483645
  PCTINCREASE 0 FREELISTS 1 FREELIST GROUPS 1 BUFFER_POOL DEFAULT FLASH_CACHE DEFAULT CELL_FLASH_CACHE DEFAULT)
  TABLESPACE "TBS_TEAM1"  ENABLE;
  ALTER TABLE "TEAM1"."MEMBER_ACCESS" MODIFY ("ACCESS_TYPE" NOT NULL ENABLE);
  ALTER TABLE "TEAM1"."MEMBER_ACCESS" MODIFY ("ACCESS_ID" NOT NULL ENABLE);
--------------------------------------------------------
--  Constraints for Table SINGLE_RIDING
--------------------------------------------------------

  ALTER TABLE "TEAM1"."SINGLE_RIDING" ADD CONSTRAINT "PK_SINGLE_RIDING" PRIMARY KEY ("S_RIDING_ID")
  USING INDEX PCTFREE 10 INITRANS 2 MAXTRANS 255 COMPUTE STATISTICS 
  STORAGE(INITIAL 65536 NEXT 1048576 MINEXTENTS 1 MAXEXTENTS 2147483645
  PCTINCREASE 0 FREELISTS 1 FREELIST GROUPS 1 BUFFER_POOL DEFAULT FLASH_CACHE DEFAULT CELL_FLASH_CACHE DEFAULT)
  TABLESPACE "TBS_TEAM1"  ENABLE;
  ALTER TABLE "TEAM1"."SINGLE_RIDING" MODIFY ("END_DETAIL" NOT NULL ENABLE);
  ALTER TABLE "TEAM1"."SINGLE_RIDING" MODIFY ("END_ADDRESS" NOT NULL ENABLE);
  ALTER TABLE "TEAM1"."SINGLE_RIDING" MODIFY ("END_LONGI" NOT NULL ENABLE);
  ALTER TABLE "TEAM1"."SINGLE_RIDING" MODIFY ("END_LATI" NOT NULL ENABLE);
  ALTER TABLE "TEAM1"."SINGLE_RIDING" MODIFY ("START_DETAIL" NOT NULL ENABLE);
  ALTER TABLE "TEAM1"."SINGLE_RIDING" MODIFY ("START_ADDRESS" NOT NULL ENABLE);
  ALTER TABLE "TEAM1"."SINGLE_RIDING" MODIFY ("START_LONGI" NOT NULL ENABLE);
  ALTER TABLE "TEAM1"."SINGLE_RIDING" MODIFY ("START_LATI" NOT NULL ENABLE);
  ALTER TABLE "TEAM1"."SINGLE_RIDING" MODIFY ("CREATED_DATE" NOT NULL ENABLE);
  ALTER TABLE "TEAM1"."SINGLE_RIDING" MODIFY ("END_DATE" NOT NULL ENABLE);
  ALTER TABLE "TEAM1"."SINGLE_RIDING" MODIFY ("START_DATE" NOT NULL ENABLE);
  ALTER TABLE "TEAM1"."SINGLE_RIDING" MODIFY ("RIDING_NAME" NOT NULL ENABLE);
  ALTER TABLE "TEAM1"."SINGLE_RIDING" MODIFY ("LEADER_ID" NOT NULL ENABLE);
  ALTER TABLE "TEAM1"."SINGLE_RIDING" MODIFY ("S_RIDING_ID" NOT NULL ENABLE);
--------------------------------------------------------
--  Constraints for Table RIDING
--------------------------------------------------------

  ALTER TABLE "TEAM1"."RIDING" MODIFY ("START_LONGI" NOT NULL ENABLE);
  ALTER TABLE "TEAM1"."RIDING" ADD CONSTRAINT "PK_RIDING" PRIMARY KEY ("RIDING_ID")
  USING INDEX PCTFREE 10 INITRANS 2 MAXTRANS 255 COMPUTE STATISTICS 
  STORAGE(INITIAL 65536 NEXT 1048576 MINEXTENTS 1 MAXEXTENTS 2147483645
  PCTINCREASE 0 FREELISTS 1 FREELIST GROUPS 1 BUFFER_POOL DEFAULT FLASH_CACHE DEFAULT CELL_FLASH_CACHE DEFAULT)
  TABLESPACE "TBS_TEAM1"  ENABLE;
  ALTER TABLE "TEAM1"."RIDING" MODIFY ("END_ADDRESS" NOT NULL ENABLE);
  ALTER TABLE "TEAM1"."RIDING" MODIFY ("END_LONGI" NOT NULL ENABLE);
  ALTER TABLE "TEAM1"."RIDING" MODIFY ("END_LATI" NOT NULL ENABLE);
  ALTER TABLE "TEAM1"."RIDING" MODIFY ("START_ADDRESS" NOT NULL ENABLE);
  ALTER TABLE "TEAM1"."RIDING" MODIFY ("START_LATI" NOT NULL ENABLE);
  ALTER TABLE "TEAM1"."RIDING" MODIFY ("MEET_ADDRESS" NOT NULL ENABLE);
  ALTER TABLE "TEAM1"."RIDING" MODIFY ("MEET_LONGI" NOT NULL ENABLE);
  ALTER TABLE "TEAM1"."RIDING" MODIFY ("MEET_LATI" NOT NULL ENABLE);
  ALTER TABLE "TEAM1"."RIDING" MODIFY ("MAXIMUM" NOT NULL ENABLE);
  ALTER TABLE "TEAM1"."RIDING" MODIFY ("CREATED_DATE" NOT NULL ENABLE);
  ALTER TABLE "TEAM1"."RIDING" MODIFY ("END_DATE" NOT NULL ENABLE);
  ALTER TABLE "TEAM1"."RIDING" MODIFY ("START_DATE" NOT NULL ENABLE);
  ALTER TABLE "TEAM1"."RIDING" MODIFY ("RIDING_NAME" NOT NULL ENABLE);
  ALTER TABLE "TEAM1"."RIDING" MODIFY ("EV_GRADE_ID" NOT NULL ENABLE);
  ALTER TABLE "TEAM1"."RIDING" MODIFY ("SEX_P_ID" NOT NULL ENABLE);
  ALTER TABLE "TEAM1"."RIDING" MODIFY ("AGE_P_ID" NOT NULL ENABLE);
  ALTER TABLE "TEAM1"."RIDING" MODIFY ("EAT_P_ID" NOT NULL ENABLE);
  ALTER TABLE "TEAM1"."RIDING" MODIFY ("DINING_P_ID" NOT NULL ENABLE);
  ALTER TABLE "TEAM1"."RIDING" MODIFY ("MOOD_P_ID" NOT NULL ENABLE);
  ALTER TABLE "TEAM1"."RIDING" MODIFY ("SPEED_ID" NOT NULL ENABLE);
  ALTER TABLE "TEAM1"."RIDING" MODIFY ("STEP_ID" NOT NULL ENABLE);
  ALTER TABLE "TEAM1"."RIDING" MODIFY ("LEADER_ID" NOT NULL ENABLE);
  ALTER TABLE "TEAM1"."RIDING" MODIFY ("RIDING_ID" NOT NULL ENABLE);
--------------------------------------------------------
--  Constraints for Table RESTAURANT_DELETE_REQ
--------------------------------------------------------

  ALTER TABLE "TEAM1"."RESTAURANT_DELETE_REQ" ADD CONSTRAINT "PK_RESTAURANT_DELETE_REQ" PRIMARY KEY ("R_DELETE_ID")
  USING INDEX PCTFREE 10 INITRANS 2 MAXTRANS 255 COMPUTE STATISTICS 
  STORAGE(INITIAL 65536 NEXT 1048576 MINEXTENTS 1 MAXEXTENTS 2147483645
  PCTINCREASE 0 FREELISTS 1 FREELIST GROUPS 1 BUFFER_POOL DEFAULT FLASH_CACHE DEFAULT CELL_FLASH_CACHE DEFAULT)
  TABLESPACE "TBS_TEAM1"  ENABLE;
  ALTER TABLE "TEAM1"."RESTAURANT_DELETE_REQ" MODIFY ("OPEN_DATE" NOT NULL ENABLE);
  ALTER TABLE "TEAM1"."RESTAURANT_DELETE_REQ" MODIFY ("REQUEST_DATE" NOT NULL ENABLE);
  ALTER TABLE "TEAM1"."RESTAURANT_DELETE_REQ" MODIFY ("CONTENT" NOT NULL ENABLE);
  ALTER TABLE "TEAM1"."RESTAURANT_DELETE_REQ" MODIFY ("ADMIN_ID" NOT NULL ENABLE);
  ALTER TABLE "TEAM1"."RESTAURANT_DELETE_REQ" MODIFY ("REQ_USER_ID" NOT NULL ENABLE);
  ALTER TABLE "TEAM1"."RESTAURANT_DELETE_REQ" MODIFY ("RESTAURANT_ID" NOT NULL ENABLE);
  ALTER TABLE "TEAM1"."RESTAURANT_DELETE_REQ" MODIFY ("R_DELETE_ID" NOT NULL ENABLE);
--------------------------------------------------------
--  Constraints for Table PARTICIPANT_PENALTY
--------------------------------------------------------

  ALTER TABLE "TEAM1"."PARTICIPANT_PENALTY" ADD CONSTRAINT "PK_PARTICIPANT_PENALTY" PRIMARY KEY ("P_PENALTY_ID")
  USING INDEX PCTFREE 10 INITRANS 2 MAXTRANS 255 COMPUTE STATISTICS 
  STORAGE(INITIAL 65536 NEXT 1048576 MINEXTENTS 1 MAXEXTENTS 2147483645
  PCTINCREASE 0 FREELISTS 1 FREELIST GROUPS 1 BUFFER_POOL DEFAULT FLASH_CACHE DEFAULT CELL_FLASH_CACHE DEFAULT)
  TABLESPACE "TBS_TEAM1"  ENABLE;
  ALTER TABLE "TEAM1"."PARTICIPANT_PENALTY" MODIFY ("PR_PROC_ID" NOT NULL ENABLE);
  ALTER TABLE "TEAM1"."PARTICIPANT_PENALTY" MODIFY ("PENALTY_TYPE_ID" NOT NULL ENABLE);
  ALTER TABLE "TEAM1"."PARTICIPANT_PENALTY" MODIFY ("P_PENALTY_ID" NOT NULL ENABLE);
--------------------------------------------------------
--  Constraints for Table FACILITY_DELETE_REQ
--------------------------------------------------------

  ALTER TABLE "TEAM1"."FACILITY_DELETE_REQ" ADD CONSTRAINT "PK_FACILITY_DELETE_REQ" PRIMARY KEY ("F_DELETE_ID")
  USING INDEX PCTFREE 10 INITRANS 2 MAXTRANS 255 COMPUTE STATISTICS 
  STORAGE(INITIAL 65536 NEXT 1048576 MINEXTENTS 1 MAXEXTENTS 2147483645
  PCTINCREASE 0 FREELISTS 1 FREELIST GROUPS 1 BUFFER_POOL DEFAULT FLASH_CACHE DEFAULT CELL_FLASH_CACHE DEFAULT)
  TABLESPACE "TBS_TEAM1"  ENABLE;
  ALTER TABLE "TEAM1"."FACILITY_DELETE_REQ" MODIFY ("REQUEST_DATE" NOT NULL ENABLE);
  ALTER TABLE "TEAM1"."FACILITY_DELETE_REQ" MODIFY ("CONTENT" NOT NULL ENABLE);
  ALTER TABLE "TEAM1"."FACILITY_DELETE_REQ" MODIFY ("ADMIN_ID" NOT NULL ENABLE);
  ALTER TABLE "TEAM1"."FACILITY_DELETE_REQ" MODIFY ("REQ_USER_ID" NOT NULL ENABLE);
  ALTER TABLE "TEAM1"."FACILITY_DELETE_REQ" MODIFY ("FACILITY_ID" NOT NULL ENABLE);
  ALTER TABLE "TEAM1"."FACILITY_DELETE_REQ" MODIFY ("F_DELETE_ID" NOT NULL ENABLE);
--------------------------------------------------------
--  Constraints for Table PARTICIPANT_REPORT_PROCESS
--------------------------------------------------------

  ALTER TABLE "TEAM1"."PARTICIPANT_REPORT_PROCESS" ADD CONSTRAINT "PK_PARTICIPANT_REPORT_PROCESS" PRIMARY KEY ("PR_PROC_ID")
  USING INDEX PCTFREE 10 INITRANS 2 MAXTRANS 255 COMPUTE STATISTICS 
  STORAGE(INITIAL 65536 NEXT 1048576 MINEXTENTS 1 MAXEXTENTS 2147483645
  PCTINCREASE 0 FREELISTS 1 FREELIST GROUPS 1 BUFFER_POOL DEFAULT FLASH_CACHE DEFAULT CELL_FLASH_CACHE DEFAULT)
  TABLESPACE "TBS_TEAM1"  ENABLE;
  ALTER TABLE "TEAM1"."PARTICIPANT_REPORT_PROCESS" MODIFY ("PROCESS_DATE" NOT NULL ENABLE);
  ALTER TABLE "TEAM1"."PARTICIPANT_REPORT_PROCESS" MODIFY ("PROC_STATUS_ID" NOT NULL ENABLE);
  ALTER TABLE "TEAM1"."PARTICIPANT_REPORT_PROCESS" MODIFY ("ADMIN_ID" NOT NULL ENABLE);
  ALTER TABLE "TEAM1"."PARTICIPANT_REPORT_PROCESS" MODIFY ("PARTICI_R_ID" NOT NULL ENABLE);
  ALTER TABLE "TEAM1"."PARTICIPANT_REPORT_PROCESS" MODIFY ("PR_PROC_ID" NOT NULL ENABLE);
--------------------------------------------------------
--  Constraints for Table FACILITY_TYPE
--------------------------------------------------------

  ALTER TABLE "TEAM1"."FACILITY_TYPE" ADD CONSTRAINT "PK_FACILITY_TYPE" PRIMARY KEY ("F_TYPE_ID")
  USING INDEX PCTFREE 10 INITRANS 2 MAXTRANS 255 COMPUTE STATISTICS 
  STORAGE(INITIAL 65536 NEXT 1048576 MINEXTENTS 1 MAXEXTENTS 2147483645
  PCTINCREASE 0 FREELISTS 1 FREELIST GROUPS 1 BUFFER_POOL DEFAULT FLASH_CACHE DEFAULT CELL_FLASH_CACHE DEFAULT)
  TABLESPACE "TBS_TEAM1"  ENABLE;
  ALTER TABLE "TEAM1"."FACILITY_TYPE" MODIFY ("F_TYPE_NAME" NOT NULL ENABLE);
  ALTER TABLE "TEAM1"."FACILITY_TYPE" MODIFY ("F_TYPE_ID" NOT NULL ENABLE);
--------------------------------------------------------
--  Constraints for Table PARTICIPANT_REPORT
--------------------------------------------------------

  ALTER TABLE "TEAM1"."PARTICIPANT_REPORT" ADD CONSTRAINT "PK_PARTICIPANT_REPORT" PRIMARY KEY ("PARTICI_R_ID")
  USING INDEX PCTFREE 10 INITRANS 2 MAXTRANS 255 COMPUTE STATISTICS 
  STORAGE(INITIAL 65536 NEXT 1048576 MINEXTENTS 1 MAXEXTENTS 2147483645
  PCTINCREASE 0 FREELISTS 1 FREELIST GROUPS 1 BUFFER_POOL DEFAULT FLASH_CACHE DEFAULT CELL_FLASH_CACHE DEFAULT)
  TABLESPACE "TBS_TEAM1"  ENABLE;
  ALTER TABLE "TEAM1"."PARTICIPANT_REPORT" MODIFY ("REPORT_DATE" NOT NULL ENABLE);
  ALTER TABLE "TEAM1"."PARTICIPANT_REPORT" MODIFY ("CONTENT" NOT NULL ENABLE);
  ALTER TABLE "TEAM1"."PARTICIPANT_REPORT" MODIFY ("REPORTED_ID" NOT NULL ENABLE);
  ALTER TABLE "TEAM1"."PARTICIPANT_REPORT" MODIFY ("USER_ID" NOT NULL ENABLE);
  ALTER TABLE "TEAM1"."PARTICIPANT_REPORT" MODIFY ("PARTICI_R_ID" NOT NULL ENABLE);
--------------------------------------------------------
--  Constraints for Table RESTAURANT_UPDATE_REQ
--------------------------------------------------------

  ALTER TABLE "TEAM1"."RESTAURANT_UPDATE_REQ" MODIFY ("LATITUDE" NOT NULL ENABLE);
  ALTER TABLE "TEAM1"."RESTAURANT_UPDATE_REQ" ADD CONSTRAINT "PK_RESTAURANT_UPDATE_REQ" PRIMARY KEY ("R_UPDATE_ID")
  USING INDEX PCTFREE 10 INITRANS 2 MAXTRANS 255 COMPUTE STATISTICS 
  STORAGE(INITIAL 65536 NEXT 1048576 MINEXTENTS 1 MAXEXTENTS 2147483645
  PCTINCREASE 0 FREELISTS 1 FREELIST GROUPS 1 BUFFER_POOL DEFAULT FLASH_CACHE DEFAULT CELL_FLASH_CACHE DEFAULT)
  TABLESPACE "TBS_TEAM1"  ENABLE;
  ALTER TABLE "TEAM1"."RESTAURANT_UPDATE_REQ" MODIFY ("REQUEST_DATE" NOT NULL ENABLE);
  ALTER TABLE "TEAM1"."RESTAURANT_UPDATE_REQ" MODIFY ("CONTENT" NOT NULL ENABLE);
  ALTER TABLE "TEAM1"."RESTAURANT_UPDATE_REQ" MODIFY ("DETAIL_ADDRESS" NOT NULL ENABLE);
  ALTER TABLE "TEAM1"."RESTAURANT_UPDATE_REQ" MODIFY ("ADDRESS" NOT NULL ENABLE);
  ALTER TABLE "TEAM1"."RESTAURANT_UPDATE_REQ" MODIFY ("LONGITUDE" NOT NULL ENABLE);
  ALTER TABLE "TEAM1"."RESTAURANT_UPDATE_REQ" MODIFY ("RESTA_NAME" NOT NULL ENABLE);
  ALTER TABLE "TEAM1"."RESTAURANT_UPDATE_REQ" MODIFY ("ADMIN_ID" NOT NULL ENABLE);
  ALTER TABLE "TEAM1"."RESTAURANT_UPDATE_REQ" MODIFY ("REQ_USER_ID" NOT NULL ENABLE);
  ALTER TABLE "TEAM1"."RESTAURANT_UPDATE_REQ" MODIFY ("RESTAURANT_ID" NOT NULL ENABLE);
  ALTER TABLE "TEAM1"."RESTAURANT_UPDATE_REQ" MODIFY ("R_UPDATE_ID" NOT NULL ENABLE);
--------------------------------------------------------
--  Constraints for Table DINING_PREFERENCE
--------------------------------------------------------

  ALTER TABLE "TEAM1"."DINING_PREFERENCE" ADD CONSTRAINT "PK_DINING_PREFERENCE" PRIMARY KEY ("DINING_P_ID")
  USING INDEX PCTFREE 10 INITRANS 2 MAXTRANS 255 COMPUTE STATISTICS 
  STORAGE(INITIAL 65536 NEXT 1048576 MINEXTENTS 1 MAXEXTENTS 2147483645
  PCTINCREASE 0 FREELISTS 1 FREELIST GROUPS 1 BUFFER_POOL DEFAULT FLASH_CACHE DEFAULT CELL_FLASH_CACHE DEFAULT)
  TABLESPACE "TBS_TEAM1"  ENABLE;
  ALTER TABLE "TEAM1"."DINING_PREFERENCE" MODIFY ("DP_CONTENT" NOT NULL ENABLE);
  ALTER TABLE "TEAM1"."DINING_PREFERENCE" MODIFY ("DINING_P_ID" NOT NULL ENABLE);
--------------------------------------------------------
--  Constraints for Table DELETED_RIDING
--------------------------------------------------------

  ALTER TABLE "TEAM1"."DELETED_RIDING" ADD CONSTRAINT "PK_DELETED_RIDING" PRIMARY KEY ("DEL_RIDING_ID")
  USING INDEX PCTFREE 10 INITRANS 2 MAXTRANS 255 COMPUTE STATISTICS 
  STORAGE(INITIAL 65536 NEXT 1048576 MINEXTENTS 1 MAXEXTENTS 2147483645
  PCTINCREASE 0 FREELISTS 1 FREELIST GROUPS 1 BUFFER_POOL DEFAULT FLASH_CACHE DEFAULT CELL_FLASH_CACHE DEFAULT)
  TABLESPACE "TBS_TEAM1"  ENABLE;
  ALTER TABLE "TEAM1"."DELETED_RIDING" MODIFY ("DELETE_DATE" NOT NULL ENABLE);
  ALTER TABLE "TEAM1"."DELETED_RIDING" MODIFY ("RIDING_ID" NOT NULL ENABLE);
  ALTER TABLE "TEAM1"."DELETED_RIDING" MODIFY ("DEL_RIDING_ID" NOT NULL ENABLE);
--------------------------------------------------------
--  Constraints for Table MEMBER
--------------------------------------------------------

  ALTER TABLE "TEAM1"."MEMBER" ADD CONSTRAINT "PK_MEMBER" PRIMARY KEY ("USER_ID")
  USING INDEX PCTFREE 10 INITRANS 2 MAXTRANS 255 COMPUTE STATISTICS 
  STORAGE(INITIAL 65536 NEXT 1048576 MINEXTENTS 1 MAXEXTENTS 2147483645
  PCTINCREASE 0 FREELISTS 1 FREELIST GROUPS 1 BUFFER_POOL DEFAULT FLASH_CACHE DEFAULT CELL_FLASH_CACHE DEFAULT)
  TABLESPACE "TBS_TEAM1"  ENABLE;
  ALTER TABLE "TEAM1"."MEMBER" MODIFY ("JOIN_DATE" NOT NULL ENABLE);
  ALTER TABLE "TEAM1"."MEMBER" MODIFY ("ACCESS_ID" NOT NULL ENABLE);
  ALTER TABLE "TEAM1"."MEMBER" MODIFY ("USER_ID" NOT NULL ENABLE);
--------------------------------------------------------
--  Constraints for Table AGE_PREFERENCE
--------------------------------------------------------

  ALTER TABLE "TEAM1"."AGE_PREFERENCE" ADD CONSTRAINT "PK_AGE_PREFERENCE" PRIMARY KEY ("AGE_P_ID")
  USING INDEX PCTFREE 10 INITRANS 2 MAXTRANS 255 COMPUTE STATISTICS 
  STORAGE(INITIAL 65536 NEXT 1048576 MINEXTENTS 1 MAXEXTENTS 2147483645
  PCTINCREASE 0 FREELISTS 1 FREELIST GROUPS 1 BUFFER_POOL DEFAULT FLASH_CACHE DEFAULT CELL_FLASH_CACHE DEFAULT)
  TABLESPACE "TBS_TEAM1"  ENABLE;
  ALTER TABLE "TEAM1"."AGE_PREFERENCE" MODIFY ("AP_CONTENT" NOT NULL ENABLE);
  ALTER TABLE "TEAM1"."AGE_PREFERENCE" MODIFY ("AGE_P_ID" NOT NULL ENABLE);
--------------------------------------------------------
--  Constraints for Table QUESTION
--------------------------------------------------------

  ALTER TABLE "TEAM1"."QUESTION" ADD CONSTRAINT "PK_QUESTION" PRIMARY KEY ("QUESTION_ID")
  USING INDEX PCTFREE 10 INITRANS 2 MAXTRANS 255 COMPUTE STATISTICS 
  STORAGE(INITIAL 65536 NEXT 1048576 MINEXTENTS 1 MAXEXTENTS 2147483645
  PCTINCREASE 0 FREELISTS 1 FREELIST GROUPS 1 BUFFER_POOL DEFAULT FLASH_CACHE DEFAULT CELL_FLASH_CACHE DEFAULT)
  TABLESPACE "TBS_TEAM1"  ENABLE;
  ALTER TABLE "TEAM1"."QUESTION" MODIFY ("POINT" NOT NULL ENABLE);
  ALTER TABLE "TEAM1"."QUESTION" MODIFY ("QU_CONTENT" NOT NULL ENABLE);
  ALTER TABLE "TEAM1"."QUESTION" MODIFY ("EV_TYPE_ID" NOT NULL ENABLE);
  ALTER TABLE "TEAM1"."QUESTION" MODIFY ("QUESTION_ID" NOT NULL ENABLE);
--------------------------------------------------------
--  Constraints for Table FACILITY_UPDATE_REQ
--------------------------------------------------------

  ALTER TABLE "TEAM1"."FACILITY_UPDATE_REQ" ADD CONSTRAINT "PK_FACILITY_UPDATE_REQ" PRIMARY KEY ("F_UPDATE_ID")
  USING INDEX PCTFREE 10 INITRANS 2 MAXTRANS 255 COMPUTE STATISTICS 
  STORAGE(INITIAL 65536 NEXT 1048576 MINEXTENTS 1 MAXEXTENTS 2147483645
  PCTINCREASE 0 FREELISTS 1 FREELIST GROUPS 1 BUFFER_POOL DEFAULT FLASH_CACHE DEFAULT CELL_FLASH_CACHE DEFAULT)
  TABLESPACE "TBS_TEAM1"  ENABLE;
  ALTER TABLE "TEAM1"."FACILITY_UPDATE_REQ" MODIFY ("REQUEST_DATE" NOT NULL ENABLE);
  ALTER TABLE "TEAM1"."FACILITY_UPDATE_REQ" MODIFY ("CONTENT" NOT NULL ENABLE);
  ALTER TABLE "TEAM1"."FACILITY_UPDATE_REQ" MODIFY ("DETAIL_ADDRESS" NOT NULL ENABLE);
  ALTER TABLE "TEAM1"."FACILITY_UPDATE_REQ" MODIFY ("ADDRESS" NOT NULL ENABLE);
  ALTER TABLE "TEAM1"."FACILITY_UPDATE_REQ" MODIFY ("LONGITUDE" NOT NULL ENABLE);
  ALTER TABLE "TEAM1"."FACILITY_UPDATE_REQ" MODIFY ("LATITUDE" NOT NULL ENABLE);
  ALTER TABLE "TEAM1"."FACILITY_UPDATE_REQ" MODIFY ("ADMIN_ID" NOT NULL ENABLE);
  ALTER TABLE "TEAM1"."FACILITY_UPDATE_REQ" MODIFY ("REQ_USER_ID" NOT NULL ENABLE);
  ALTER TABLE "TEAM1"."FACILITY_UPDATE_REQ" MODIFY ("FACILITY_ID" NOT NULL ENABLE);
  ALTER TABLE "TEAM1"."FACILITY_UPDATE_REQ" MODIFY ("F_UPDATE_ID" NOT NULL ENABLE);
--------------------------------------------------------
--  Constraints for Table EVALUATION_RECORD
--------------------------------------------------------

  ALTER TABLE "TEAM1"."EVALUATION_RECORD" ADD CONSTRAINT "PK_EVALUATION_RECORD" PRIMARY KEY ("EVA_RECORD_ID")
  USING INDEX PCTFREE 10 INITRANS 2 MAXTRANS 255 COMPUTE STATISTICS 
  STORAGE(INITIAL 65536 NEXT 1048576 MINEXTENTS 1 MAXEXTENTS 2147483645
  PCTINCREASE 0 FREELISTS 1 FREELIST GROUPS 1 BUFFER_POOL DEFAULT FLASH_CACHE DEFAULT CELL_FLASH_CACHE DEFAULT)
  TABLESPACE "TBS_TEAM1"  ENABLE;
  ALTER TABLE "TEAM1"."EVALUATION_RECORD" MODIFY ("INSERT_DATE" NOT NULL ENABLE);
  ALTER TABLE "TEAM1"."EVALUATION_RECORD" MODIFY ("DIFFICULTY_SCORE" NOT NULL ENABLE);
  ALTER TABLE "TEAM1"."EVALUATION_RECORD" MODIFY ("STAMINA_SCORE" NOT NULL ENABLE);
  ALTER TABLE "TEAM1"."EVALUATION_RECORD" MODIFY ("LEADER_SCORE" NOT NULL ENABLE);
  ALTER TABLE "TEAM1"."EVALUATION_RECORD" MODIFY ("MANNER_SCORE" NOT NULL ENABLE);
  ALTER TABLE "TEAM1"."EVALUATION_RECORD" MODIFY ("ATTENDANCE" NOT NULL ENABLE);
  ALTER TABLE "TEAM1"."EVALUATION_RECORD" MODIFY ("P_MEMBER_ID" NOT NULL ENABLE);
  ALTER TABLE "TEAM1"."EVALUATION_RECORD" MODIFY ("EVA_RECORD_ID" NOT NULL ENABLE);
--------------------------------------------------------
--  Constraints for Table ABSCOND
--------------------------------------------------------

  ALTER TABLE "TEAM1"."ABSCOND" ADD CONSTRAINT "PK_ABSCOND" PRIMARY KEY ("ABSCOND_ID")
  USING INDEX PCTFREE 10 INITRANS 2 MAXTRANS 255 COMPUTE STATISTICS 
  STORAGE(INITIAL 65536 NEXT 1048576 MINEXTENTS 1 MAXEXTENTS 2147483645
  PCTINCREASE 0 FREELISTS 1 FREELIST GROUPS 1 BUFFER_POOL DEFAULT FLASH_CACHE DEFAULT CELL_FLASH_CACHE DEFAULT)
  TABLESPACE "TBS_TEAM1"  ENABLE;
  ALTER TABLE "TEAM1"."ABSCOND" MODIFY ("ABSCOND_DATE" NOT NULL ENABLE);
  ALTER TABLE "TEAM1"."ABSCOND" MODIFY ("P_MEMBER_ID" NOT NULL ENABLE);
  ALTER TABLE "TEAM1"."ABSCOND" MODIFY ("ABSCOND_ID" NOT NULL ENABLE);
--------------------------------------------------------
--  Constraints for Table RESTAURANT
--------------------------------------------------------

  ALTER TABLE "TEAM1"."RESTAURANT" ADD CONSTRAINT "PK_RESTAURANT" PRIMARY KEY ("RESTAURANT_ID")
  USING INDEX PCTFREE 10 INITRANS 2 MAXTRANS 255 COMPUTE STATISTICS 
  STORAGE(INITIAL 65536 NEXT 1048576 MINEXTENTS 1 MAXEXTENTS 2147483645
  PCTINCREASE 0 FREELISTS 1 FREELIST GROUPS 1 BUFFER_POOL DEFAULT FLASH_CACHE DEFAULT CELL_FLASH_CACHE DEFAULT)
  TABLESPACE "TBS_TEAM1"  ENABLE;
  ALTER TABLE "TEAM1"."RESTAURANT" MODIFY ("ADDRESS" NOT NULL ENABLE);
  ALTER TABLE "TEAM1"."RESTAURANT" MODIFY ("REGISTER_DATE" NOT NULL ENABLE);
  ALTER TABLE "TEAM1"."RESTAURANT" MODIFY ("RESTA_NAME" NOT NULL ENABLE);
  ALTER TABLE "TEAM1"."RESTAURANT" MODIFY ("LONGITUDE" NOT NULL ENABLE);
  ALTER TABLE "TEAM1"."RESTAURANT" MODIFY ("LATITUDE" NOT NULL ENABLE);
  ALTER TABLE "TEAM1"."RESTAURANT" MODIFY ("USER_ID" NOT NULL ENABLE);
  ALTER TABLE "TEAM1"."RESTAURANT" MODIFY ("RESTAURANT_ID" NOT NULL ENABLE);
--------------------------------------------------------
--  Constraints for Table RESTAURANT_REVIEW
--------------------------------------------------------

  ALTER TABLE "TEAM1"."RESTAURANT_REVIEW" ADD CONSTRAINT "PK_RESTAURANT_REVIEW" PRIMARY KEY ("R_REVIEW_ID")
  USING INDEX PCTFREE 10 INITRANS 2 MAXTRANS 255 COMPUTE STATISTICS 
  STORAGE(INITIAL 65536 NEXT 1048576 MINEXTENTS 1 MAXEXTENTS 2147483645
  PCTINCREASE 0 FREELISTS 1 FREELIST GROUPS 1 BUFFER_POOL DEFAULT FLASH_CACHE DEFAULT CELL_FLASH_CACHE DEFAULT)
  TABLESPACE "TBS_TEAM1"  ENABLE;
  ALTER TABLE "TEAM1"."RESTAURANT_REVIEW" MODIFY ("VIEWS" NOT NULL ENABLE);
  ALTER TABLE "TEAM1"."RESTAURANT_REVIEW" MODIFY ("CREATED_DATE" NOT NULL ENABLE);
  ALTER TABLE "TEAM1"."RESTAURANT_REVIEW" MODIFY ("CONTENT" NOT NULL ENABLE);
  ALTER TABLE "TEAM1"."RESTAURANT_REVIEW" MODIFY ("USER_ID" NOT NULL ENABLE);
  ALTER TABLE "TEAM1"."RESTAURANT_REVIEW" MODIFY ("RESTAURANT_ID" NOT NULL ENABLE);
  ALTER TABLE "TEAM1"."RESTAURANT_REVIEW" MODIFY ("R_REVIEW_ID" NOT NULL ENABLE);
--------------------------------------------------------
--  Constraints for Table INQUIRY
--------------------------------------------------------

  ALTER TABLE "TEAM1"."INQUIRY" ADD CONSTRAINT "PK_INQUIRY" PRIMARY KEY ("INQUIRY_ID")
  USING INDEX PCTFREE 10 INITRANS 2 MAXTRANS 255 COMPUTE STATISTICS 
  STORAGE(INITIAL 65536 NEXT 1048576 MINEXTENTS 1 MAXEXTENTS 2147483645
  PCTINCREASE 0 FREELISTS 1 FREELIST GROUPS 1 BUFFER_POOL DEFAULT FLASH_CACHE DEFAULT CELL_FLASH_CACHE DEFAULT)
  TABLESPACE "TBS_TEAM1"  ENABLE;
  ALTER TABLE "TEAM1"."INQUIRY" MODIFY ("INQUIRY_DATE" NOT NULL ENABLE);
  ALTER TABLE "TEAM1"."INQUIRY" MODIFY ("CONTENT" NOT NULL ENABLE);
  ALTER TABLE "TEAM1"."INQUIRY" MODIFY ("TITLE" NOT NULL ENABLE);
  ALTER TABLE "TEAM1"."INQUIRY" MODIFY ("USER_ID" NOT NULL ENABLE);
  ALTER TABLE "TEAM1"."INQUIRY" MODIFY ("INQUIRY_ID" NOT NULL ENABLE);
--------------------------------------------------------
--  Constraints for Table ANSWER_ATTENDANCE
--------------------------------------------------------

  ALTER TABLE "TEAM1"."ANSWER_ATTENDANCE" ADD CONSTRAINT "PK_ANSWER_ATTENDANCE" PRIMARY KEY ("ANS_ATTE_ID")
  USING INDEX PCTFREE 10 INITRANS 2 MAXTRANS 255 COMPUTE STATISTICS 
  STORAGE(INITIAL 65536 NEXT 1048576 MINEXTENTS 1 MAXEXTENTS 2147483645
  PCTINCREASE 0 FREELISTS 1 FREELIST GROUPS 1 BUFFER_POOL DEFAULT FLASH_CACHE DEFAULT CELL_FLASH_CACHE DEFAULT)
  TABLESPACE "TBS_TEAM1"  ENABLE;
  ALTER TABLE "TEAM1"."ANSWER_ATTENDANCE" MODIFY ("P_MEMBER_ID" NOT NULL ENABLE);
  ALTER TABLE "TEAM1"."ANSWER_ATTENDANCE" MODIFY ("CHECK_ATTE_ID" NOT NULL ENABLE);
  ALTER TABLE "TEAM1"."ANSWER_ATTENDANCE" MODIFY ("ANS_ATTE_ID" NOT NULL ENABLE);
--------------------------------------------------------
--  Constraints for Table NOTICE_CONTENT
--------------------------------------------------------

  ALTER TABLE "TEAM1"."NOTICE_CONTENT" ADD CONSTRAINT "PK_NOTICE_CONTENT" PRIMARY KEY ("N_CONTENT_ID")
  USING INDEX PCTFREE 10 INITRANS 2 MAXTRANS 255 COMPUTE STATISTICS 
  STORAGE(INITIAL 65536 NEXT 1048576 MINEXTENTS 1 MAXEXTENTS 2147483645
  PCTINCREASE 0 FREELISTS 1 FREELIST GROUPS 1 BUFFER_POOL DEFAULT FLASH_CACHE DEFAULT CELL_FLASH_CACHE DEFAULT)
  TABLESPACE "TBS_TEAM1"  ENABLE;
  ALTER TABLE "TEAM1"."NOTICE_CONTENT" MODIFY ("CONTENT" NOT NULL ENABLE);
  ALTER TABLE "TEAM1"."NOTICE_CONTENT" MODIFY ("N_CONTENT_ID" NOT NULL ENABLE);
--------------------------------------------------------
--  Constraints for Table PROFILE
--------------------------------------------------------

  ALTER TABLE "TEAM1"."PROFILE" ADD CONSTRAINT "PK_PROFILE" PRIMARY KEY ("PROFILE_ID")
  USING INDEX PCTFREE 10 INITRANS 2 MAXTRANS 255 COMPUTE STATISTICS 
  STORAGE(INITIAL 65536 NEXT 1048576 MINEXTENTS 1 MAXEXTENTS 2147483645
  PCTINCREASE 0 FREELISTS 1 FREELIST GROUPS 1 BUFFER_POOL DEFAULT FLASH_CACHE DEFAULT CELL_FLASH_CACHE DEFAULT)
  TABLESPACE "TBS_TEAM1"  ENABLE;
  ALTER TABLE "TEAM1"."PROFILE" MODIFY ("NICKNAME" NOT NULL ENABLE);
  ALTER TABLE "TEAM1"."PROFILE" MODIFY ("PASSWORD" NOT NULL ENABLE);
  ALTER TABLE "TEAM1"."PROFILE" MODIFY ("SEX" NOT NULL ENABLE);
  ALTER TABLE "TEAM1"."PROFILE" MODIFY ("BIRTHDAY" NOT NULL ENABLE);
  ALTER TABLE "TEAM1"."PROFILE" MODIFY ("EMAIL" NOT NULL ENABLE);
  ALTER TABLE "TEAM1"."PROFILE" MODIFY ("AGE_P_ID" NOT NULL ENABLE);
  ALTER TABLE "TEAM1"."PROFILE" MODIFY ("SEX_P_ID" NOT NULL ENABLE);
  ALTER TABLE "TEAM1"."PROFILE" MODIFY ("DINING_P_ID" NOT NULL ENABLE);
  ALTER TABLE "TEAM1"."PROFILE" MODIFY ("PIMG_ID" NOT NULL ENABLE);
  ALTER TABLE "TEAM1"."PROFILE" MODIFY ("EAT_P_ID" NOT NULL ENABLE);
  ALTER TABLE "TEAM1"."PROFILE" MODIFY ("MOOD_P_ID" NOT NULL ENABLE);
  ALTER TABLE "TEAM1"."PROFILE" MODIFY ("USER_ID" NOT NULL ENABLE);
  ALTER TABLE "TEAM1"."PROFILE" MODIFY ("PROFILE_ID" NOT NULL ENABLE);
--------------------------------------------------------
--  Constraints for Table ACCESS
--------------------------------------------------------

  ALTER TABLE "TEAM1"."ACCESS" MODIFY ("ACCESS_TYPE" NOT NULL ENABLE);
  ALTER TABLE "TEAM1"."ACCESS" MODIFY ("ACCESS_ID" NOT NULL ENABLE);
  ALTER TABLE "TEAM1"."ACCESS" ADD CONSTRAINT "PK_ACCESS" PRIMARY KEY ("ACCESS_ID")
  USING INDEX PCTFREE 10 INITRANS 2 MAXTRANS 255 COMPUTE STATISTICS 
  STORAGE(INITIAL 65536 NEXT 1048576 MINEXTENTS 1 MAXEXTENTS 2147483645
  PCTINCREASE 0 FREELISTS 1 FREELIST GROUPS 1 BUFFER_POOL DEFAULT FLASH_CACHE DEFAULT CELL_FLASH_CACHE DEFAULT)
  TABLESPACE "TBS_TEAM1"  ENABLE;
--------------------------------------------------------
--  Constraints for Table RIDING_POINT
--------------------------------------------------------

  ALTER TABLE "TEAM1"."RIDING_POINT" ADD CONSTRAINT "PK_RIDING_POINT" PRIMARY KEY ("POINT_ID")
  USING INDEX PCTFREE 10 INITRANS 2 MAXTRANS 255 COMPUTE STATISTICS 
  STORAGE(INITIAL 65536 NEXT 1048576 MINEXTENTS 1 MAXEXTENTS 2147483645
  PCTINCREASE 0 FREELISTS 1 FREELIST GROUPS 1 BUFFER_POOL DEFAULT FLASH_CACHE DEFAULT CELL_FLASH_CACHE DEFAULT)
  TABLESPACE "TBS_TEAM1"  ENABLE;
  ALTER TABLE "TEAM1"."RIDING_POINT" MODIFY ("ADDRESS" NOT NULL ENABLE);
  ALTER TABLE "TEAM1"."RIDING_POINT" MODIFY ("LONGITUDE" NOT NULL ENABLE);
  ALTER TABLE "TEAM1"."RIDING_POINT" MODIFY ("LATITUDE" NOT NULL ENABLE);
  ALTER TABLE "TEAM1"."RIDING_POINT" MODIFY ("RIDING_ID" NOT NULL ENABLE);
  ALTER TABLE "TEAM1"."RIDING_POINT" MODIFY ("POINT_ID" NOT NULL ENABLE);
--------------------------------------------------------
--  Constraints for Table NICKNAME_CHANGE
--------------------------------------------------------

  ALTER TABLE "TEAM1"."NICKNAME_CHANGE" ADD CONSTRAINT "PK_NICKNAME_CHANGE" PRIMARY KEY ("CHANGE_ID")
  USING INDEX PCTFREE 10 INITRANS 2 MAXTRANS 255 COMPUTE STATISTICS 
  STORAGE(INITIAL 65536 NEXT 1048576 MINEXTENTS 1 MAXEXTENTS 2147483645
  PCTINCREASE 0 FREELISTS 1 FREELIST GROUPS 1 BUFFER_POOL DEFAULT FLASH_CACHE DEFAULT CELL_FLASH_CACHE DEFAULT)
  TABLESPACE "TBS_TEAM1"  ENABLE;
  ALTER TABLE "TEAM1"."NICKNAME_CHANGE" MODIFY ("CHANGE_DATE" NOT NULL ENABLE);
  ALTER TABLE "TEAM1"."NICKNAME_CHANGE" MODIFY ("USER_ID" NOT NULL ENABLE);
  ALTER TABLE "TEAM1"."NICKNAME_CHANGE" MODIFY ("CHANGE_ID" NOT NULL ENABLE);
--------------------------------------------------------
--  Constraints for Table RIDING_RECORD
--------------------------------------------------------

  ALTER TABLE "TEAM1"."RIDING_RECORD" ADD CONSTRAINT "PK_RIDING_RECORD" PRIMARY KEY ("RECORD_ID")
  USING INDEX PCTFREE 10 INITRANS 2 MAXTRANS 255 COMPUTE STATISTICS 
  STORAGE(INITIAL 65536 NEXT 1048576 MINEXTENTS 1 MAXEXTENTS 2147483645
  PCTINCREASE 0 FREELISTS 1 FREELIST GROUPS 1 BUFFER_POOL DEFAULT FLASH_CACHE DEFAULT CELL_FLASH_CACHE DEFAULT)
  TABLESPACE "TBS_TEAM1"  ENABLE;
  ALTER TABLE "TEAM1"."RIDING_RECORD" MODIFY ("P_MEMBER_ID" NOT NULL ENABLE);
  ALTER TABLE "TEAM1"."RIDING_RECORD" MODIFY ("RECORD_ID" NOT NULL ENABLE);
--------------------------------------------------------
--  Constraints for Table STEP
--------------------------------------------------------

  ALTER TABLE "TEAM1"."STEP" ADD CONSTRAINT "PK_STEP" PRIMARY KEY ("STEP_ID")
  USING INDEX PCTFREE 10 INITRANS 2 MAXTRANS 255 COMPUTE STATISTICS 
  STORAGE(INITIAL 65536 NEXT 1048576 MINEXTENTS 1 MAXEXTENTS 2147483645
  PCTINCREASE 0 FREELISTS 1 FREELIST GROUPS 1 BUFFER_POOL DEFAULT FLASH_CACHE DEFAULT CELL_FLASH_CACHE DEFAULT)
  TABLESPACE "TBS_TEAM1"  ENABLE;
  ALTER TABLE "TEAM1"."STEP" MODIFY ("STEP_TYPE" NOT NULL ENABLE);
  ALTER TABLE "TEAM1"."STEP" MODIFY ("STEP_ID" NOT NULL ENABLE);
--------------------------------------------------------
--  Constraints for Table REVIEW_PENALTY
--------------------------------------------------------

  ALTER TABLE "TEAM1"."REVIEW_PENALTY" ADD CONSTRAINT "PK_REVIEW_PENALTY" PRIMARY KEY ("R_PENALTY_ID")
  USING INDEX PCTFREE 10 INITRANS 2 MAXTRANS 255 COMPUTE STATISTICS 
  STORAGE(INITIAL 65536 NEXT 1048576 MINEXTENTS 1 MAXEXTENTS 2147483645
  PCTINCREASE 0 FREELISTS 1 FREELIST GROUPS 1 BUFFER_POOL DEFAULT FLASH_CACHE DEFAULT CELL_FLASH_CACHE DEFAULT)
  TABLESPACE "TBS_TEAM1"  ENABLE;
  ALTER TABLE "TEAM1"."REVIEW_PENALTY" MODIFY ("RR_PROC_ID" NOT NULL ENABLE);
  ALTER TABLE "TEAM1"."REVIEW_PENALTY" MODIFY ("PENALTY_TYPE_ID" NOT NULL ENABLE);
  ALTER TABLE "TEAM1"."REVIEW_PENALTY" MODIFY ("R_PENALTY_ID" NOT NULL ENABLE);
--------------------------------------------------------
--  Constraints for Table REVIEW_REPORT_PROCESS
--------------------------------------------------------

  ALTER TABLE "TEAM1"."REVIEW_REPORT_PROCESS" ADD CONSTRAINT "PK_REVIEW_REPORT_PROCESS" PRIMARY KEY ("RR_PROC_ID")
  USING INDEX PCTFREE 10 INITRANS 2 MAXTRANS 255 COMPUTE STATISTICS 
  STORAGE(INITIAL 65536 NEXT 1048576 MINEXTENTS 1 MAXEXTENTS 2147483645
  PCTINCREASE 0 FREELISTS 1 FREELIST GROUPS 1 BUFFER_POOL DEFAULT FLASH_CACHE DEFAULT CELL_FLASH_CACHE DEFAULT)
  TABLESPACE "TBS_TEAM1"  ENABLE;
  ALTER TABLE "TEAM1"."REVIEW_REPORT_PROCESS" MODIFY ("PROCESS_DATE" NOT NULL ENABLE);
  ALTER TABLE "TEAM1"."REVIEW_REPORT_PROCESS" MODIFY ("PROC_STATUS_ID" NOT NULL ENABLE);
  ALTER TABLE "TEAM1"."REVIEW_REPORT_PROCESS" MODIFY ("ADMIN_ID" NOT NULL ENABLE);
  ALTER TABLE "TEAM1"."REVIEW_REPORT_PROCESS" MODIFY ("REVIEW_R_ID" NOT NULL ENABLE);
  ALTER TABLE "TEAM1"."REVIEW_REPORT_PROCESS" MODIFY ("RR_PROC_ID" NOT NULL ENABLE);
--------------------------------------------------------
--  Constraints for Table ANSWER_DETAIL_LEADERSHIP
--------------------------------------------------------

  ALTER TABLE "TEAM1"."ANSWER_DETAIL_LEADERSHIP" ADD CONSTRAINT "PK_ANSWER_DETAIL_LEADERSHIP" PRIMARY KEY ("ANS_L_ID")
  USING INDEX PCTFREE 10 INITRANS 2 MAXTRANS 255 COMPUTE STATISTICS 
  STORAGE(INITIAL 65536 NEXT 1048576 MINEXTENTS 1 MAXEXTENTS 2147483645
  PCTINCREASE 0 FREELISTS 1 FREELIST GROUPS 1 BUFFER_POOL DEFAULT FLASH_CACHE DEFAULT CELL_FLASH_CACHE DEFAULT)
  TABLESPACE "TBS_TEAM1"  ENABLE;
  ALTER TABLE "TEAM1"."ANSWER_DETAIL_LEADERSHIP" MODIFY ("ANS_CONTENT" NOT NULL ENABLE);
  ALTER TABLE "TEAM1"."ANSWER_DETAIL_LEADERSHIP" MODIFY ("QUESTION_ID" NOT NULL ENABLE);
  ALTER TABLE "TEAM1"."ANSWER_DETAIL_LEADERSHIP" MODIFY ("ANSWER_ID" NOT NULL ENABLE);
  ALTER TABLE "TEAM1"."ANSWER_DETAIL_LEADERSHIP" MODIFY ("ANS_L_ID" NOT NULL ENABLE);
--------------------------------------------------------
--  Constraints for Table REPORT_PROCESS_STATUS
--------------------------------------------------------

  ALTER TABLE "TEAM1"."REPORT_PROCESS_STATUS" ADD CONSTRAINT "PK_REPORT_PROCESS_STATUS" PRIMARY KEY ("REPORT_STATUS_ID")
  USING INDEX PCTFREE 10 INITRANS 2 MAXTRANS 255 COMPUTE STATISTICS 
  STORAGE(INITIAL 65536 NEXT 1048576 MINEXTENTS 1 MAXEXTENTS 2147483645
  PCTINCREASE 0 FREELISTS 1 FREELIST GROUPS 1 BUFFER_POOL DEFAULT FLASH_CACHE DEFAULT CELL_FLASH_CACHE DEFAULT)
  TABLESPACE "TBS_TEAM1"  ENABLE;
  ALTER TABLE "TEAM1"."REPORT_PROCESS_STATUS" MODIFY ("CONTENT" NOT NULL ENABLE);
  ALTER TABLE "TEAM1"."REPORT_PROCESS_STATUS" MODIFY ("REPORT_STATUS_ID" NOT NULL ENABLE);
--------------------------------------------------------
--  Constraints for Table ANSWER_DETAIL
--------------------------------------------------------

  ALTER TABLE "TEAM1"."ANSWER_DETAIL" ADD CONSTRAINT "PK_ANSWER_DETAIL" PRIMARY KEY ("ANS_DETAIL_ID")
  USING INDEX PCTFREE 10 INITRANS 2 MAXTRANS 255 COMPUTE STATISTICS 
  STORAGE(INITIAL 65536 NEXT 1048576 MINEXTENTS 1 MAXEXTENTS 2147483645
  PCTINCREASE 0 FREELISTS 1 FREELIST GROUPS 1 BUFFER_POOL DEFAULT FLASH_CACHE DEFAULT CELL_FLASH_CACHE DEFAULT)
  TABLESPACE "TBS_TEAM1"  ENABLE;
  ALTER TABLE "TEAM1"."ANSWER_DETAIL" MODIFY ("P_MEMBER_ID" NOT NULL ENABLE);
  ALTER TABLE "TEAM1"."ANSWER_DETAIL" MODIFY ("QUESTION_ID" NOT NULL ENABLE);
  ALTER TABLE "TEAM1"."ANSWER_DETAIL" MODIFY ("ANSWER_ID" NOT NULL ENABLE);
  ALTER TABLE "TEAM1"."ANSWER_DETAIL" MODIFY ("ANS_DETAIL_ID" NOT NULL ENABLE);
--------------------------------------------------------
--  Constraints for Table USER
--------------------------------------------------------

  ALTER TABLE "TEAM1"."USER" MODIFY ("JOIN_DATE" NOT NULL ENABLE);
  ALTER TABLE "TEAM1"."USER" MODIFY ("ACCESS_ID" NOT NULL ENABLE);
  ALTER TABLE "TEAM1"."USER" MODIFY ("USER_ID" NOT NULL ENABLE);
  ALTER TABLE "TEAM1"."USER" ADD CONSTRAINT "PK_USER" PRIMARY KEY ("USER_ID")
  USING INDEX PCTFREE 10 INITRANS 2 MAXTRANS 255 COMPUTE STATISTICS 
  STORAGE(INITIAL 65536 NEXT 1048576 MINEXTENTS 1 MAXEXTENTS 2147483645
  PCTINCREASE 0 FREELISTS 1 FREELIST GROUPS 1 BUFFER_POOL DEFAULT FLASH_CACHE DEFAULT CELL_FLASH_CACHE DEFAULT)
  TABLESPACE "TBS_TEAM1"  ENABLE;
--------------------------------------------------------
--  Constraints for Table PARTICIPATED_MEMBER
--------------------------------------------------------

  ALTER TABLE "TEAM1"."PARTICIPATED_MEMBER" ADD CONSTRAINT "PK_PARTICIPATED_MEMBER" PRIMARY KEY ("P_MEMBER_ID")
  USING INDEX PCTFREE 10 INITRANS 2 MAXTRANS 255 COMPUTE STATISTICS 
  STORAGE(INITIAL 65536 NEXT 1048576 MINEXTENTS 1 MAXEXTENTS 2147483645
  PCTINCREASE 0 FREELISTS 1 FREELIST GROUPS 1 BUFFER_POOL DEFAULT FLASH_CACHE DEFAULT CELL_FLASH_CACHE DEFAULT)
  TABLESPACE "TBS_TEAM1"  ENABLE;
  ALTER TABLE "TEAM1"."PARTICIPATED_MEMBER" MODIFY ("RIDING_ID" NOT NULL ENABLE);
  ALTER TABLE "TEAM1"."PARTICIPATED_MEMBER" MODIFY ("USER_ID" NOT NULL ENABLE);
  ALTER TABLE "TEAM1"."PARTICIPATED_MEMBER" MODIFY ("P_MEMBER_ID" NOT NULL ENABLE);
--------------------------------------------------------
--  Ref Constraints for Table ABSCOND
--------------------------------------------------------

  ALTER TABLE "TEAM1"."ABSCOND" ADD CONSTRAINT "FK_PARTICIPATED_MEMBER_ABSCOND" FOREIGN KEY ("P_MEMBER_ID")
	  REFERENCES "TEAM1"."PARTICIPATED_MEMBER" ("P_MEMBER_ID") ENABLE;
--------------------------------------------------------
--  Ref Constraints for Table ADD_FRIEND
--------------------------------------------------------

  ALTER TABLE "TEAM1"."ADD_FRIEND" ADD CONSTRAINT "FK_MEMBER_TO_ADD_FRIEND_1" FOREIGN KEY ("SENDER_ID")
	  REFERENCES "TEAM1"."MEMBER" ("USER_ID") ENABLE;
  ALTER TABLE "TEAM1"."ADD_FRIEND" ADD CONSTRAINT "FK_MEMBER_TO_ADD_FRIEND_2" FOREIGN KEY ("RECEIVER_ID")
	  REFERENCES "TEAM1"."MEMBER" ("USER_ID") ENABLE;
--------------------------------------------------------
--  Ref Constraints for Table ANSWER
--------------------------------------------------------

  ALTER TABLE "TEAM1"."ANSWER" ADD CONSTRAINT "FK_P_MEMBER_TO_ANSWER_1" FOREIGN KEY ("P_MEMBER_ID")
	  REFERENCES "TEAM1"."PARTICIPATED_MEMBER" ("P_MEMBER_ID") ENABLE;
--------------------------------------------------------
--  Ref Constraints for Table ANSWER_ATTENDANCE
--------------------------------------------------------

  ALTER TABLE "TEAM1"."ANSWER_ATTENDANCE" ADD CONSTRAINT "FK_CHECK_ATTE_TO_ANS_ATTE_1" FOREIGN KEY ("CHECK_ATTE_ID")
	  REFERENCES "TEAM1"."CHECK_ATTENDANCE" ("CHECK_ATTE_ID") ENABLE;
  ALTER TABLE "TEAM1"."ANSWER_ATTENDANCE" ADD CONSTRAINT "FK_P_MEMBER_TO_ANS_ATTE_1" FOREIGN KEY ("P_MEMBER_ID")
	  REFERENCES "TEAM1"."PARTICIPATED_MEMBER" ("P_MEMBER_ID") ENABLE;
--------------------------------------------------------
--  Ref Constraints for Table ANSWER_DETAIL
--------------------------------------------------------

  ALTER TABLE "TEAM1"."ANSWER_DETAIL" ADD CONSTRAINT "FK_ANSWER_TO_ANSWER_DETAIL_1" FOREIGN KEY ("ANSWER_ID")
	  REFERENCES "TEAM1"."ANSWER" ("ANSWER_ID") ENABLE;
  ALTER TABLE "TEAM1"."ANSWER_DETAIL" ADD CONSTRAINT "FK_P_MEMBER_TO_ANS_DETAIL_1" FOREIGN KEY ("P_MEMBER_ID")
	  REFERENCES "TEAM1"."PARTICIPATED_MEMBER" ("P_MEMBER_ID") ENABLE;
  ALTER TABLE "TEAM1"."ANSWER_DETAIL" ADD CONSTRAINT "FK_QUESTION_TO_ANSWER_DETAIL_1" FOREIGN KEY ("QUESTION_ID")
	  REFERENCES "TEAM1"."QUESTION" ("QUESTION_ID") ENABLE;
--------------------------------------------------------
--  Ref Constraints for Table ANSWER_DETAIL_LEADERSHIP
--------------------------------------------------------

  ALTER TABLE "TEAM1"."ANSWER_DETAIL_LEADERSHIP" ADD CONSTRAINT "FK_ANSWER_DETAIL_LEADERSHIP" FOREIGN KEY ("ANSWER_ID")
	  REFERENCES "TEAM1"."ANSWER" ("ANSWER_ID") ENABLE;
  ALTER TABLE "TEAM1"."ANSWER_DETAIL_LEADERSHIP" ADD CONSTRAINT "FK_QUE_ANS_DET_LEADERSHIP" FOREIGN KEY ("QUESTION_ID")
	  REFERENCES "TEAM1"."QUESTION" ("QUESTION_ID") ENABLE;
--------------------------------------------------------
--  Ref Constraints for Table CHECK_ATTENDANCE
--------------------------------------------------------

  ALTER TABLE "TEAM1"."CHECK_ATTENDANCE" ADD CONSTRAINT "FK_P_MEMBER_TO_CK_ATTE" FOREIGN KEY ("P_MEMBER_ID")
	  REFERENCES "TEAM1"."PARTICIPATED_MEMBER" ("P_MEMBER_ID") ENABLE;
--------------------------------------------------------
--  Ref Constraints for Table DELETED_RIDING
--------------------------------------------------------

  ALTER TABLE "TEAM1"."DELETED_RIDING" ADD CONSTRAINT "FK_RIDING_TO_DELETED_RIDING_1" FOREIGN KEY ("RIDING_ID")
	  REFERENCES "TEAM1"."RIDING" ("RIDING_ID") ENABLE;
--------------------------------------------------------
--  Ref Constraints for Table EVALUATION_RECORD
--------------------------------------------------------

  ALTER TABLE "TEAM1"."EVALUATION_RECORD" ADD CONSTRAINT "FK_PART_MEM_EVALUATION_RECORD" FOREIGN KEY ("P_MEMBER_ID")
	  REFERENCES "TEAM1"."PARTICIPATED_MEMBER" ("P_MEMBER_ID") ENABLE;
--------------------------------------------------------
--  Ref Constraints for Table FACILITY
--------------------------------------------------------

  ALTER TABLE "TEAM1"."FACILITY" ADD CONSTRAINT "FK_FACILITY_TYPE_TO_FACILITY_1" FOREIGN KEY ("F_TYPE_ID")
	  REFERENCES "TEAM1"."FACILITY_TYPE" ("F_TYPE_ID") ENABLE;
  ALTER TABLE "TEAM1"."FACILITY" ADD CONSTRAINT "FK_MEMBER_TO_FACILITY_1" FOREIGN KEY ("REQ_USER_ID")
	  REFERENCES "TEAM1"."MEMBER" ("USER_ID") ENABLE;
  ALTER TABLE "TEAM1"."FACILITY" ADD CONSTRAINT "FK_MEMBER_TO_FACILITY_2" FOREIGN KEY ("ADMIN_ID")
	  REFERENCES "TEAM1"."MEMBER" ("USER_ID") ENABLE;
--------------------------------------------------------
--  Ref Constraints for Table FACILITY_DELETE_REQ
--------------------------------------------------------

  ALTER TABLE "TEAM1"."FACILITY_DELETE_REQ" ADD CONSTRAINT "FK_FACILITY_DELETE_REQ" FOREIGN KEY ("FACILITY_ID")
	  REFERENCES "TEAM1"."FACILITY" ("FACILITY_ID") ENABLE;
  ALTER TABLE "TEAM1"."FACILITY_DELETE_REQ" ADD CONSTRAINT "FK_MEMBER_FACILITY_DELETE_REQ" FOREIGN KEY ("REQ_USER_ID")
	  REFERENCES "TEAM1"."MEMBER" ("USER_ID") ENABLE;
--------------------------------------------------------
--  Ref Constraints for Table FACILITY_UPDATE_REQ
--------------------------------------------------------

  ALTER TABLE "TEAM1"."FACILITY_UPDATE_REQ" ADD CONSTRAINT "FK_FACIL_TO_F_UPDATE_REQ_1" FOREIGN KEY ("FACILITY_ID")
	  REFERENCES "TEAM1"."FACILITY" ("FACILITY_ID") ENABLE;
  ALTER TABLE "TEAM1"."FACILITY_UPDATE_REQ" ADD CONSTRAINT "FK_MEMBER_TO_F_UPDATE_REQ_1" FOREIGN KEY ("REQ_USER_ID")
	  REFERENCES "TEAM1"."MEMBER" ("USER_ID") ENABLE;
  ALTER TABLE "TEAM1"."FACILITY_UPDATE_REQ" ADD CONSTRAINT "FK_MEMBER_TO_F_UPDATE_REQ_2" FOREIGN KEY ("ADMIN_ID")
	  REFERENCES "TEAM1"."MEMBER" ("USER_ID") ENABLE;
--------------------------------------------------------
--  Ref Constraints for Table INQUIRY
--------------------------------------------------------

  ALTER TABLE "TEAM1"."INQUIRY" ADD CONSTRAINT "FK_MEMBER_TO_INQUIRY_1" FOREIGN KEY ("USER_ID")
	  REFERENCES "TEAM1"."MEMBER" ("USER_ID") ENABLE;
--------------------------------------------------------
--  Ref Constraints for Table INQUIRY_PROCESS
--------------------------------------------------------

  ALTER TABLE "TEAM1"."INQUIRY_PROCESS" ADD CONSTRAINT "FK_INQUIRY_TO_INQ_PROCESS_1" FOREIGN KEY ("INQUIRY_ID")
	  REFERENCES "TEAM1"."INQUIRY" ("INQUIRY_ID") ENABLE;
  ALTER TABLE "TEAM1"."INQUIRY_PROCESS" ADD CONSTRAINT "FK_I_PROC_STATUS_TO_INQ_PROC_1" FOREIGN KEY ("INQUIRY_STATUS_ID")
	  REFERENCES "TEAM1"."INQUIRY_PROCESS_STATUS" ("INQUIRY_STATUS_ID") ENABLE;
  ALTER TABLE "TEAM1"."INQUIRY_PROCESS" ADD CONSTRAINT "FK_MEMBER_TO_INQUIRY_PROCESS_1" FOREIGN KEY ("ADMIN_ID")
	  REFERENCES "TEAM1"."MEMBER" ("USER_ID") ENABLE;
--------------------------------------------------------
--  Ref Constraints for Table INVITE
--------------------------------------------------------

  ALTER TABLE "TEAM1"."INVITE" ADD CONSTRAINT "FK_MEMBER_TO_INVITE_1" FOREIGN KEY ("SENDER_ID")
	  REFERENCES "TEAM1"."MEMBER" ("USER_ID") ENABLE;
  ALTER TABLE "TEAM1"."INVITE" ADD CONSTRAINT "FK_MEMBER_TO_INVITE_2" FOREIGN KEY ("RECEIVER_ID")
	  REFERENCES "TEAM1"."MEMBER" ("USER_ID") ENABLE;
  ALTER TABLE "TEAM1"."INVITE" ADD CONSTRAINT "FK_RIDING_TO_INVITE_1" FOREIGN KEY ("RIDING_ID")
	  REFERENCES "TEAM1"."RIDING" ("RIDING_ID") ENABLE;
--------------------------------------------------------
--  Ref Constraints for Table MEMBER
--------------------------------------------------------

  ALTER TABLE "TEAM1"."MEMBER" ADD CONSTRAINT "FK_MEMBER_ACCESS_TO_MEMBER_1" FOREIGN KEY ("ACCESS_ID")
	  REFERENCES "TEAM1"."MEMBER_ACCESS" ("ACCESS_ID") ENABLE;
--------------------------------------------------------
--  Ref Constraints for Table MESSAGE
--------------------------------------------------------

  ALTER TABLE "TEAM1"."MESSAGE" ADD CONSTRAINT "FK_MEMBER_TO_MESSAGE_1" FOREIGN KEY ("SENDER_ID")
	  REFERENCES "TEAM1"."MEMBER" ("USER_ID") ENABLE;
  ALTER TABLE "TEAM1"."MESSAGE" ADD CONSTRAINT "FK_MEMBER_TO_MESSAGE_2" FOREIGN KEY ("RECEIVER_ID")
	  REFERENCES "TEAM1"."MEMBER" ("USER_ID") ENABLE;
--------------------------------------------------------
--  Ref Constraints for Table NICKNAME_CHANGE
--------------------------------------------------------

  ALTER TABLE "TEAM1"."NICKNAME_CHANGE" ADD CONSTRAINT "FK_MEMBER_TO_NICKNAME_CHANGE_1" FOREIGN KEY ("USER_ID")
	  REFERENCES "TEAM1"."MEMBER" ("USER_ID") ENABLE;
--------------------------------------------------------
--  Ref Constraints for Table PARTICIPANT_PENALTY
--------------------------------------------------------

  ALTER TABLE "TEAM1"."PARTICIPANT_PENALTY" ADD CONSTRAINT "FK_PARTT_REP_PROC_PART_PENAL" FOREIGN KEY ("PR_PROC_ID")
	  REFERENCES "TEAM1"."PARTICIPANT_REPORT_PROCESS" ("PR_PROC_ID") ENABLE;
  ALTER TABLE "TEAM1"."PARTICIPANT_PENALTY" ADD CONSTRAINT "FK_PENAL_TYPE_PART_PENAL" FOREIGN KEY ("PENALTY_TYPE_ID")
	  REFERENCES "TEAM1"."PENALTY_TYPE" ("PENALTY_TYPE_ID") ENABLE;
--------------------------------------------------------
--  Ref Constraints for Table PARTICIPANT_REPORT
--------------------------------------------------------

  ALTER TABLE "TEAM1"."PARTICIPANT_REPORT" ADD CONSTRAINT "FK_MEMBER_PARTICIPANT_REPORT" FOREIGN KEY ("USER_ID")
	  REFERENCES "TEAM1"."MEMBER" ("USER_ID") ENABLE;
  ALTER TABLE "TEAM1"."PARTICIPANT_REPORT" ADD CONSTRAINT "FK_MEMBER_PARTICIPANT_REPORT2" FOREIGN KEY ("REPORTED_ID")
	  REFERENCES "TEAM1"."MEMBER" ("USER_ID") ENABLE;
--------------------------------------------------------
--  Ref Constraints for Table PARTICIPANT_REPORT_PROCESS
--------------------------------------------------------

  ALTER TABLE "TEAM1"."PARTICIPANT_REPORT_PROCESS" ADD CONSTRAINT "FK_MEMBER_PART_REPORT_PROCESS" FOREIGN KEY ("ADMIN_ID")
	  REFERENCES "TEAM1"."MEMBER" ("USER_ID") ENABLE;
  ALTER TABLE "TEAM1"."PARTICIPANT_REPORT_PROCESS" ADD CONSTRAINT "FK_PART_REP_PART_REPORT_PROC" FOREIGN KEY ("PARTICI_R_ID")
	  REFERENCES "TEAM1"."PARTICIPANT_REPORT" ("PARTICI_R_ID") ENABLE;
  ALTER TABLE "TEAM1"."PARTICIPANT_REPORT_PROCESS" ADD CONSTRAINT "FK_REP_PROC_STA_PART_REP_PROC" FOREIGN KEY ("PROC_STATUS_ID")
	  REFERENCES "TEAM1"."REPORT_PROCESS_STATUS" ("REPORT_STATUS_ID") ENABLE;
--------------------------------------------------------
--  Ref Constraints for Table PARTICIPATED_MEMBER
--------------------------------------------------------

  ALTER TABLE "TEAM1"."PARTICIPATED_MEMBER" ADD CONSTRAINT "FK_MEMBER_PARTICIPATED_MEMBER" FOREIGN KEY ("USER_ID")
	  REFERENCES "TEAM1"."MEMBER" ("USER_ID") ENABLE;
  ALTER TABLE "TEAM1"."PARTICIPATED_MEMBER" ADD CONSTRAINT "FK_RIDING_PARTICIPATED_MEMBER" FOREIGN KEY ("RIDING_ID")
	  REFERENCES "TEAM1"."RIDING" ("RIDING_ID") ENABLE;
--------------------------------------------------------
--  Ref Constraints for Table PROFILE
--------------------------------------------------------

  ALTER TABLE "TEAM1"."PROFILE" ADD CONSTRAINT "FK_AGE_PREFERENCE_TO_PROFILE_1" FOREIGN KEY ("AGE_P_ID")
	  REFERENCES "TEAM1"."AGE_PREFERENCE" ("AGE_P_ID") ENABLE;
  ALTER TABLE "TEAM1"."PROFILE" ADD CONSTRAINT "FK_DINING_PREFERENCE_PROFILE" FOREIGN KEY ("DINING_P_ID")
	  REFERENCES "TEAM1"."DINING_PREFERENCE" ("DINING_P_ID") ENABLE;
  ALTER TABLE "TEAM1"."PROFILE" ADD CONSTRAINT "FK_EAT_PREFERENCE_TO_PROFILE_1" FOREIGN KEY ("EAT_P_ID")
	  REFERENCES "TEAM1"."EAT_PREFERENCE" ("EAT_P_ID") ENABLE;
  ALTER TABLE "TEAM1"."PROFILE" ADD CONSTRAINT "FK_MEMBER_TO_PROFILE_1" FOREIGN KEY ("USER_ID")
	  REFERENCES "TEAM1"."MEMBER" ("USER_ID") ENABLE;
  ALTER TABLE "TEAM1"."PROFILE" ADD CONSTRAINT "FK_MOOD_PREFERENCE_PROFILE" FOREIGN KEY ("MOOD_P_ID")
	  REFERENCES "TEAM1"."MOOD_PREFERENCE" ("MOOD_P_ID") ENABLE;
  ALTER TABLE "TEAM1"."PROFILE" ADD CONSTRAINT "FK_PROFILE_IMG_TO_PROFILE_1" FOREIGN KEY ("PIMG_ID")
	  REFERENCES "TEAM1"."PROFILE_IMG" ("PIMG_ID") ENABLE;
  ALTER TABLE "TEAM1"."PROFILE" ADD CONSTRAINT "FK_SEX_PREFERENCE_TO_PROFILE_1" FOREIGN KEY ("SEX_P_ID")
	  REFERENCES "TEAM1"."SEX_PREFERENCE" ("SEX_P_ID") ENABLE;
--------------------------------------------------------
--  Ref Constraints for Table QUESTION
--------------------------------------------------------

  ALTER TABLE "TEAM1"."QUESTION" ADD CONSTRAINT "FK_EVALUATE_TYPE_TO_QUESTION_1" FOREIGN KEY ("EV_TYPE_ID")
	  REFERENCES "TEAM1"."EVALUATE_TYPE" ("EV_TYPE_ID") ENABLE;
--------------------------------------------------------
--  Ref Constraints for Table RESTAURANT
--------------------------------------------------------

  ALTER TABLE "TEAM1"."RESTAURANT" ADD CONSTRAINT "FK_MEMBER_TO_RESTAURANT_1" FOREIGN KEY ("USER_ID")
	  REFERENCES "TEAM1"."MEMBER" ("USER_ID") ENABLE;
--------------------------------------------------------
--  Ref Constraints for Table RESTAURANT_DELETE_REQ
--------------------------------------------------------

  ALTER TABLE "TEAM1"."RESTAURANT_DELETE_REQ" ADD CONSTRAINT "FK_MEMBER_RESTAURANT_DEL_REQ" FOREIGN KEY ("REQ_USER_ID")
	  REFERENCES "TEAM1"."MEMBER" ("USER_ID") ENABLE;
  ALTER TABLE "TEAM1"."RESTAURANT_DELETE_REQ" ADD CONSTRAINT "FK_MEMBER_RESTAURANT_DEL_REQ_2" FOREIGN KEY ("ADMIN_ID")
	  REFERENCES "TEAM1"."MEMBER" ("USER_ID") ENABLE;
  ALTER TABLE "TEAM1"."RESTAURANT_DELETE_REQ" ADD CONSTRAINT "FK_RESTAURANT_DEL_REQ" FOREIGN KEY ("RESTAURANT_ID")
	  REFERENCES "TEAM1"."RESTAURANT" ("RESTAURANT_ID") ENABLE;
--------------------------------------------------------
--  Ref Constraints for Table RESTAURANT_REVIEW
--------------------------------------------------------

  ALTER TABLE "TEAM1"."RESTAURANT_REVIEW" ADD CONSTRAINT "FK_MEMBER_RESTAURANT_REVIEW" FOREIGN KEY ("USER_ID")
	  REFERENCES "TEAM1"."MEMBER" ("USER_ID") ENABLE;
  ALTER TABLE "TEAM1"."RESTAURANT_REVIEW" ADD CONSTRAINT "FK_RESTAURANT_REVIEW" FOREIGN KEY ("RESTAURANT_ID")
	  REFERENCES "TEAM1"."RESTAURANT" ("RESTAURANT_ID") ENABLE;
--------------------------------------------------------
--  Ref Constraints for Table RESTAURANT_UPDATE_REQ
--------------------------------------------------------

  ALTER TABLE "TEAM1"."RESTAURANT_UPDATE_REQ" ADD CONSTRAINT "FK_MEMBER_RESTAURANT_UP_REQ_1" FOREIGN KEY ("REQ_USER_ID")
	  REFERENCES "TEAM1"."MEMBER" ("USER_ID") ENABLE;
  ALTER TABLE "TEAM1"."RESTAURANT_UPDATE_REQ" ADD CONSTRAINT "FK_MEMBER_RESTAURANT_UP_REQ_2" FOREIGN KEY ("ADMIN_ID")
	  REFERENCES "TEAM1"."MEMBER" ("USER_ID") ENABLE;
  ALTER TABLE "TEAM1"."RESTAURANT_UPDATE_REQ" ADD CONSTRAINT "FK_RESTAURANT_UP_REQ" FOREIGN KEY ("RESTAURANT_ID")
	  REFERENCES "TEAM1"."RESTAURANT" ("RESTAURANT_ID") ENABLE;
--------------------------------------------------------
--  Ref Constraints for Table REVIEW_PENALTY
--------------------------------------------------------

  ALTER TABLE "TEAM1"."REVIEW_PENALTY" ADD CONSTRAINT "FK_PENALTY_TYPE_REVIEW_PENALTY" FOREIGN KEY ("PENALTY_TYPE_ID")
	  REFERENCES "TEAM1"."PENALTY_TYPE" ("PENALTY_TYPE_ID") ENABLE;
  ALTER TABLE "TEAM1"."REVIEW_PENALTY" ADD CONSTRAINT "FK_REVIEW_PENALTY" FOREIGN KEY ("RR_PROC_ID")
	  REFERENCES "TEAM1"."REVIEW_REPORT_PROCESS" ("RR_PROC_ID") ENABLE;
--------------------------------------------------------
--  Ref Constraints for Table REVIEW_REPORT
--------------------------------------------------------

  ALTER TABLE "TEAM1"."REVIEW_REPORT" ADD CONSTRAINT "FK_MEMBER_TO_REVIEW_REPORT_1" FOREIGN KEY ("USER_ID")
	  REFERENCES "TEAM1"."MEMBER" ("USER_ID") ENABLE;
  ALTER TABLE "TEAM1"."REVIEW_REPORT" ADD CONSTRAINT "FK_REVIEW_TO_REVIEW_REPORT_1" FOREIGN KEY ("R_REVIEW_ID")
	  REFERENCES "TEAM1"."RESTAURANT_REVIEW" ("R_REVIEW_ID") ENABLE;
--------------------------------------------------------
--  Ref Constraints for Table REVIEW_REPORT_PROCESS
--------------------------------------------------------

  ALTER TABLE "TEAM1"."REVIEW_REPORT_PROCESS" ADD CONSTRAINT "FK_MEM_REV_RE_PROC" FOREIGN KEY ("ADMIN_ID")
	  REFERENCES "TEAM1"."MEMBER" ("USER_ID") ENABLE;
  ALTER TABLE "TEAM1"."REVIEW_REPORT_PROCESS" ADD CONSTRAINT "FK_PROC_STA_REV_RE_PROC" FOREIGN KEY ("PROC_STATUS_ID")
	  REFERENCES "TEAM1"."REPORT_PROCESS_STATUS" ("REPORT_STATUS_ID") ENABLE;
  ALTER TABLE "TEAM1"."REVIEW_REPORT_PROCESS" ADD CONSTRAINT "FK_R_REPORT_TO_R_REP_PROCESS_1" FOREIGN KEY ("REVIEW_R_ID")
	  REFERENCES "TEAM1"."REVIEW_REPORT" ("REVIEW_R_ID") ENABLE;
--------------------------------------------------------
--  Ref Constraints for Table RIDING
--------------------------------------------------------

  ALTER TABLE "TEAM1"."RIDING" ADD CONSTRAINT "FK_AGE_PREFERENCE_TO_RIDING_1" FOREIGN KEY ("AGE_P_ID")
	  REFERENCES "TEAM1"."AGE_PREFERENCE" ("AGE_P_ID") ENABLE;
  ALTER TABLE "TEAM1"."RIDING" ADD CONSTRAINT "FK_DINING_P_TO_RIDING_1" FOREIGN KEY ("DINING_P_ID")
	  REFERENCES "TEAM1"."DINING_PREFERENCE" ("DINING_P_ID") ENABLE;
  ALTER TABLE "TEAM1"."RIDING" ADD CONSTRAINT "FK_EAT_PREFERENCE_TO_RIDING_1" FOREIGN KEY ("EAT_P_ID")
	  REFERENCES "TEAM1"."EAT_PREFERENCE" ("EAT_P_ID") ENABLE;
  ALTER TABLE "TEAM1"."RIDING" ADD CONSTRAINT "FK_E_GRADE_TO_RIDING_1" FOREIGN KEY ("EV_GRADE_ID")
	  REFERENCES "TEAM1"."EVALUATION_GRADE" ("EV_GRADE_ID") ENABLE;
  ALTER TABLE "TEAM1"."RIDING" ADD CONSTRAINT "FK_MEMBER_TO_RIDING_1" FOREIGN KEY ("LEADER_ID")
	  REFERENCES "TEAM1"."MEMBER" ("USER_ID") ENABLE;
  ALTER TABLE "TEAM1"."RIDING" ADD CONSTRAINT "FK_MOOD_PREFERENCE_TO_RIDING_1" FOREIGN KEY ("MOOD_P_ID")
	  REFERENCES "TEAM1"."MOOD_PREFERENCE" ("MOOD_P_ID") ENABLE;
  ALTER TABLE "TEAM1"."RIDING" ADD CONSTRAINT "FK_SEX_PREFERENCE_TO_RIDING_1" FOREIGN KEY ("SEX_P_ID")
	  REFERENCES "TEAM1"."SEX_PREFERENCE" ("SEX_P_ID") ENABLE;
  ALTER TABLE "TEAM1"."RIDING" ADD CONSTRAINT "FK_SPEED_TO_RIDING_1" FOREIGN KEY ("SPEED_ID")
	  REFERENCES "TEAM1"."SPEED" ("SPEED_ID") ENABLE;
  ALTER TABLE "TEAM1"."RIDING" ADD CONSTRAINT "FK_STEP_TO_RIDING_1" FOREIGN KEY ("STEP_ID")
	  REFERENCES "TEAM1"."STEP" ("STEP_ID") ENABLE;
--------------------------------------------------------
--  Ref Constraints for Table RIDING_POINT
--------------------------------------------------------

  ALTER TABLE "TEAM1"."RIDING_POINT" ADD CONSTRAINT "FK_RIDING_TO_RIDING_POINT_1" FOREIGN KEY ("RIDING_ID")
	  REFERENCES "TEAM1"."RIDING" ("RIDING_ID") ENABLE;
--------------------------------------------------------
--  Ref Constraints for Table RIDING_RECORD
--------------------------------------------------------

  ALTER TABLE "TEAM1"."RIDING_RECORD" ADD CONSTRAINT "FK_PART_MEMBER_RIDING_RECORD" FOREIGN KEY ("P_MEMBER_ID")
	  REFERENCES "TEAM1"."PARTICIPATED_MEMBER" ("P_MEMBER_ID") ENABLE;
--------------------------------------------------------
--  Ref Constraints for Table SINGLE_RIDING
--------------------------------------------------------

  ALTER TABLE "TEAM1"."SINGLE_RIDING" ADD CONSTRAINT "FK_MEMBER_TO_SINGLE_RIDING_1" FOREIGN KEY ("LEADER_ID")
	  REFERENCES "TEAM1"."MEMBER" ("USER_ID") ENABLE;
--------------------------------------------------------
--  Ref Constraints for Table SINGLE_RIDING_POINT
--------------------------------------------------------

  ALTER TABLE "TEAM1"."SINGLE_RIDING_POINT" ADD CONSTRAINT "FK_S_RIDING_TO_RIDING_POINT_1" FOREIGN KEY ("S_RIDING_ID")
	  REFERENCES "TEAM1"."SINGLE_RIDING" ("S_RIDING_ID") ENABLE;
--------------------------------------------------------
--  Ref Constraints for Table SINGLE_RIDING_RECORD
--------------------------------------------------------

  ALTER TABLE "TEAM1"."SINGLE_RIDING_RECORD" ADD CONSTRAINT "FK_S_RIDING_TO_S_RECORD_1" FOREIGN KEY ("S_RIDING_ID")
	  REFERENCES "TEAM1"."SINGLE_RIDING" ("S_RIDING_ID") ENABLE;
--------------------------------------------------------
--  Ref Constraints for Table WITHDRAW_USER
--------------------------------------------------------

  ALTER TABLE "TEAM1"."WITHDRAW_USER" ADD CONSTRAINT "FK_MEMBER_TO_WITHDRAW_USER_1" FOREIGN KEY ("USER_ID")
	  REFERENCES "TEAM1"."MEMBER" ("USER_ID") ENABLE;
